id.plot,id.site,longitude,latitude,region,eco.id,eco.name,obs.year,esy4,site.type,hydrology,mngm.type,cwm.abu.oek.f,cwm.abu.oek.f.site,cwm.abu.oek.l,cwm.abu.oek.l.site,cwm.abu.sla,cwm.abu.height,cwm.abu.seedmass,fric.abu.sla,fric.abu.height,fric.abu.seedmass,fdis.abu.oek.f,fdis.abu.oek.l,fdis.abu.sla,fdis.abu.height,fdis.abu.seedmass,feve.abu.sla,feve.abu.height,feve.abu.seedmass
M_ALT_A1,M_ALT,11.74807035,51.82958952,centre,654,Central European mixed forests,2022,V38,negative,moist,mowing,5.04,6.155,7.48,7.6825,206.12,0.5,0.00179,17.39,19.97,8.15184,0.74,0.53,1.39,1.61,1.30132,1.25,1.4,1.5858
M_ALT_A4,M_ALT,11.74807035,51.82958952,centre,654,Central European mixed forests,2022,R,negative,moist,mowing,6.51,6.155,7.76,7.6825,210.66,0.6,0.00193,7.35,37.25,19.4507,0.38,0.33,1.84,1.52,1.24848,1.43,1.3,1.11945
M_ASE_A1,M_ASE,11.66707081,51.47886224,centre,654,Central European mixed forests,2023,V,restored,fresh,none,3.7,3.9925,7.47,7.29,212.2,0.52,0.00271,41.07,41.43,10.04263,0.39,0.63,1.86,1.56,1.40733,1.71,1.77,1.67393
M_ASE_A2,M_ASE,11.66707081,51.47886224,centre,654,Central European mixed forests,2023,V,restored,fresh,none,3.94,3.9925,7.35,7.29,226.69,0.54,0.00228,27.68,22.74,19.4507,0.34,0.57,1.92,1.56,1.72715,1.28,1.34,1.65029
M_ASE_A3,M_ASE,11.66707081,51.47886224,centre,654,Central European mixed forests,2023,V,restored,fresh,none,3.98,3.9925,7.45,7.29,242.1,0.57,0.00173,52.69,22.74,8.15184,0.28,0.59,1.86,1.91,1.63039,1.41,1.37,1.65773
M_ASE_A4,M_ASE,11.66707081,51.47886224,centre,654,Central European mixed forests,2023,V,restored,fresh,none,4.35,3.9925,6.89,7.29,250.17,0.42,0.00256,27.68,22.74,8.15184,0.3,0.55,1.81,1.58,1.73665,1.51,1.79,1.39948
M_BAD_A1,M_BAD,11.59227903,51.32216743,centre,654,Central European mixed forests,2022,R1A,restored,dry,grazing,2.71,2.84,7.37,7.2525,188.06,0.17,0.00177,26.79,68.81,8.18172,0.4,0.53,1.77,2.04,1.5916,1.51,1.61,1.5384
M_BAD_A2,M_BAD,11.59227903,51.32216743,centre,654,Central European mixed forests,2022,R1A,restored,dry,grazing,2.48,2.84,7.11,7.2525,165.93,0.16,0.00297,11.3,49.08,6.66663,0.28,0.27,1.51,2.2,1.72244,1.79,1.59,1.51128
M_BAD_A3,M_BAD,11.59227903,51.32216743,centre,654,Central European mixed forests,2022,R1A,restored,dry,grazing,3.14,2.84,7.09,7.2525,174.03,0.15,9.4e-4,13.84,49.08,108.64715,0.25,0.49,1.68,2.31,2.52045,1.79,1.42,1.44852
M_BAD_A4,M_BAD,11.59227903,51.32216743,centre,654,Central European mixed forests,2022,R1A,restored,dry,grazing,3.03,2.84,7.44,7.2525,190.88,0.15,0.00093000000000000005,34.62,49.08,147.5485,0.33,0.85,1.63,2.54,1.96022,1.56,1.67,1.4979
M_BAL_A1,M_BAL,11.70893906,51.2084909,centre,654,Central European mixed forests,2023,R,negative,fresh,none,3.92,4.26,7.51,7.4375,256.65,0.52,0.00153,7.67,77.51,8.15184,0.36,0.51,1.57,4.23,1.53757,1.73,1.8,1.88366
M_BAL_A2,M_BAL,11.70893906,51.2084909,centre,654,Central European mixed forests,2023,R,negative,fresh,none,4.07,4.26,7.47,7.4375,264.81,0.65,0.00247,8.57,23.69,15.97385,0.16,0.5,1.35,2.49,1.49704,1.65,1.83,1.87375
M_BAL_A3,M_BAL,11.70893906,51.2084909,centre,654,Central European mixed forests,2023,R,negative,fresh,none,4.17,4.26,7.37,7.4375,257.35,0.53,0.00192,9.5,15.39,16.33961,0.15,0.59,1.63,2.04,1.82313,1.38,1.5,1.44326
M_BAL_A4,M_BAL,11.70893906,51.2084909,centre,654,Central European mixed forests,2023,R,negative,fresh,none,4.88,4.26,7.4,7.4375,285.42,0.7,0.00174,10.7,16.48,16.33961,0.14,0.46,1.36,1.92,1.28355,1.28,1.53,1.3716
M_BEE_A1,M_BEE,11.70097692,51.72492772,centre,654,Central European mixed forests,2023,V,restored,fresh,mowing,4.69,4.615,6.85,6.87,231.95,0.58,0.00201,6.33,37.25,8.15184,0.27,0.31,1.19,1.89,1.54138,1.85,1.69,1.45038
M_BEE_A2,M_BEE,11.70097692,51.72492772,centre,654,Central European mixed forests,2023,V37,restored,fresh,mowing,4.72,4.615,6.75,6.87,238.18,0.4,0.00159,4.13,37.25,11.6379,0.25,0.51,1.38,2.32,1.77773,2.02,1.85,1.78612
M_BEE_A3,M_BEE,11.70097692,51.72492772,centre,654,Central European mixed forests,2023,V,restored,fresh,mowing,4.79,4.615,6.84,6.87,223.17,0.51,0.00145,6.33,37.25,12.51276,0.19,0.51,1.35,1.98,1.74191,1.52,1.54,1.43073
M_BEE_A4,M_BEE,11.70097692,51.72492772,centre,654,Central European mixed forests,2023,R,restored,fresh,mowing,4.26,4.615,7.04,6.87,224.42,0.33,0.0014,30.3,19.97,12.51263,0.5,0.7,1.57,2.31,1.83971,1.41,2.02,1.86841
M_BEN_A1,M_BEN,11.86002024,51.48599594,centre,654,Central European mixed forests,2022,V38,restored,fresh,mowing,4.83,5.035,7.6,7.4825,217.28,0.52,0.00133,6.11,19.66,7.38542,0.33,0.59,1.67,1.89,1.33905,1.51,1.78,1.52827
M_BEN_A2,M_BEN,11.86002024,51.48599594,centre,654,Central European mixed forests,2022,V38,restored,fresh,mowing,5.15,5.035,7.45,7.4825,227.2,0.56,0.0014,6.62,21.12,9.65038,0.24,0.48,1.51,1.62,1.37693,1.89,1.71,1.65574
M_BEN_A3,M_BEN,11.86002024,51.48599594,centre,654,Central European mixed forests,2022,V38,restored,fresh,mowing,5.01,5.035,7.32,7.4825,212.45,0.5,0.00169,6.11,13.76,10.02978,0.13,0.44,1.71,1.91,1.53475,1.77,1.76,1.6151199999999999
M_BEN_A4,M_BEN,11.86002024,51.48599594,centre,654,Central European mixed forests,2022,R,restored,fresh,mowing,5.15,5.035,7.56,7.4825,225.81,0.56,0.00148,6.11,18.69,10.02978,0.28,0.49,1.51,1.55,1.41606,1.84,1.66,1.47882
M_BIR_A1,M_BIR,12.37165595,51.82300851,centre,654,Central European mixed forests,2023,R22,positive,fresh,mowing,4.71,4.8,7.18,7.0775,213.88,0.59,0.00168,36.91,22.74,64.30386,0.43,0.66,1.57,1.59,1.54342,1.53,1.61,1.61145
M_BIR_A2,M_BIR,12.37165595,51.82300851,centre,654,Central European mixed forests,2023,R1A,positive,fresh,mowing,4.16,4.8,7.15,7.0775,195.38,0.28,0.00128,60.93,77.51,10.02978,0.58,0.4,1.56,3.82,1.65791,1.18,1.55,1.75786
M_BOD_A1,M_BOD,11.72985443,51.83255624,centre,654,Central European mixed forests,2023,R,negative,fresh,both,4.74,4.7775,6.92,7.2,238.7,0.58,0.00574,4.78,37.25,17.2144,0.28,0.81,1.34,1.98,1.94899,1.71,1.82,1.62853
M_BOD_A2,M_BOD,11.72985443,51.83255624,centre,654,Central European mixed forests,2023,R,negative,fresh,both,4.38,4.7775,7.44,7.2,256.04,0.64,0.00297,8.44,37.25,17.2144,0.48,0.74,1.44,2.55,1.5604,1.44,1.92,1.76877
M_BRA_A1,M_BRA,11.86698516,51.54885765,centre,654,Central European mixed forests,2023,R,restored,dry,both,4.72,4.28,6.84,7.19,292.11,0.44,0.00982,21.09,22.74,17.2144,0.22,0.66,2.39,1.24,1.61537,1.38,1.27,1.70357
M_BRA_A2,M_BRA,11.86698516,51.54885765,centre,654,Central European mixed forests,2023,R,restored,dry,both,4.78,4.28,6.39,7.19,235.66,0.38,0.0045,53.03,12.18,19.91474,0.19,0.54,1.74,1.35,1.79247,1.47,1.78,1.48354
M_BRA_A3,M_BRA,11.86698516,51.54885765,centre,654,Central European mixed forests,2023,R,restored,dry,both,3.31,4.28,7.9,7.19,190.48,0.3,6.9e-4,12.76,72.12,18.25618,0.46,0.74,1.94,1.58,1.94626,1.32,1.43,1.27852
M_BRA_A4,M_BRA,11.86698516,51.54885765,centre,654,Central European mixed forests,2023,R1A,restored,dry,both,4.31,4.28,7.63,7.19,245.27,0.41,0.00503,53.03,9.78,16.33961,0.42,1.09,3.01,1.33,2.16394,1.48,1.4,1.47823
M_BUH_A1,M_BUH,10.60948255,52.00891,centre,654,Central European mixed forests,2022,R22,restored,fresh,both,4.72,4.465,7.15,7.2,235,0.57,9.4e-4,10.3,13.76,8.96083,0.33,0.34,1.47,1.46,1.31383,1.32,1.46,1.48447
M_BUH_A2,M_BUH,10.60948255,52.00891,centre,654,Central European mixed forests,2022,R,restored,fresh,both,4.42,4.465,7.15,7.2,219.8,0.49,8.9e-4,36.25,13.76,10.1279,0.32,0.32,1.55,1.37,1.32329,1.33,1.56,1.55237
M_BUH_A3,M_BUH,10.60948255,52.00891,centre,654,Central European mixed forests,2022,R,restored,fresh,both,4.42,4.465,7.27,7.2,221.3,0.55,0.00101,9.39,13.76,13.75422,0.32,0.43,1.56,1.46,1.40729,1.64,1.5,1.66294
M_BUH_A4,M_BUH,10.60948255,52.00891,centre,654,Central European mixed forests,2022,R,restored,fresh,both,4.3,4.465,7.23,7.2,215.29,0.52,7.9e-4,12.15,18.11,10.1279,0.27,0.4,1.52,1.36,1.45116,1.41,1.59,1.73408
M_CAL_A1,M_CAL,11.8127823,51.91316941,centre,654,Central European mixed forests,2022,R22,restored,fresh,mowing,4.21,4.2825,7.64,7.5825,226.02,0.68,9.8e-4,8.41,11.08,10.56214,0.17,0.52,1.99,2,1.68208,1.46,1.78,1.66865
M_CAL_A2,M_CAL,11.8127823,51.91316941,centre,654,Central European mixed forests,2022,R22,restored,fresh,mowing,4.31,4.2825,7.43,7.5825,216.92,0.5,7.3e-4,7.05,11.08,10.56214,0.22,0.68,1.75,1.85,1.52521,1.43,1.67,1.60496
M_CAL_A3,M_CAL,11.8127823,51.91316941,centre,654,Central European mixed forests,2022,R22,restored,fresh,mowing,4.19,4.2825,7.59,7.5825,197.15,0.58,3.7e-4,7.25,11.08,4.17379,0.17,0.48,1.57,1.59,1.62772,1.56,1.38,1.67594
M_CAL_A4,M_CAL,11.8127823,51.91316941,centre,654,Central European mixed forests,2022,R,restored,fresh,mowing,4.42,4.2825,7.67,7.5825,217.16,0.58,6.5e-4,8.18,11.08,10.02978,0.25,0.61,1.67,1.75,1.55834,1.64,1.46,1.18636
M_CBE_A1,M_CBE,11.81622602,51.91392502,centre,654,Central European mixed forests,2022,R,negative,fresh,mowing,3.97,4.8725,7.28,6.9475,253.59,0.37,0.00093000000000000005,32.16,92.46,12.94973,0.68,0.58,1.46,3.69,2.21091,1.38,1.72,1.40127
M_CBE_A2,M_CBE,11.81622602,51.91392502,centre,654,Central European mixed forests,2022,R,negative,fresh,mowing,5.02,4.8725,6.74,6.9475,232.75,0.61,0.00376,32.16,22.74,11.6379,0.05,0.46,1.19,1.78,1.23082,1.24,1.66,1.4441
M_CBE_A3,M_CBE,11.81622602,51.91392502,centre,654,Central European mixed forests,2022,R,negative,fresh,mowing,5.05,4.8725,6.8,6.9475,247.72,0.47,0.00333,5.24,92.46,12.94973,0.07,0.67,1.5,2.31,1.38992,1.54,1.25,1.27718
M_CBE_A4,M_CBE,11.81622602,51.91392502,centre,654,Central European mixed forests,2022,R,negative,fresh,mowing,5.45,4.8725,6.97,6.9475,253.97,0.71,0.00236,13.33,92.46,12.94973,0.26,0.37,1.37,1.54,1.30907,1.4,1.11,1.414
M_DOB_A1,M_DOB,11.76306711,51.62001263,centre,654,Central European mixed forests,2022,R,restored,dry,mowing,3.9,3.8075,7.7,7.52,203.38,0.47,6.4e-4,11.68,23.38,10.02978,0.27,0.61,1.61,1.52,1.57994,1.55,1.49,1.50727
M_DOB_A2,M_DOB,11.76306711,51.62001263,centre,654,Central European mixed forests,2022,R1A,restored,dry,mowing,3.81,3.8075,7.7,7.52,220.41,0.46,8.2e-4,10.48,27.62,13.75422,0.26,0.53,1.65,1.6,1.58756,1.56,1.52,1.49926
M_DOB_A3,M_DOB,11.76306711,51.62001263,centre,654,Central European mixed forests,2022,R,restored,dry,mowing,3.75,3.8075,7.43,7.52,191.64,0.45,8.5e-4,22.48,17.27,13.75422,0.35,0.73,1.66,1.57,1.5356,1.6,1.51,1.5035
M_DOB_A4,M_DOB,11.76306711,51.62001263,centre,654,Central European mixed forests,2022,R,restored,dry,mowing,3.77,3.8075,7.25,7.52,200.88,0.49,0.0013,21.38,21.12,13.59209,0.37,0.61,1.8,1.52,1.54164,1.8,1.44,1.26555
M_DOR_A1,M_DOR,11.81450305,51.64508573,centre,654,Central European mixed forests,2022,R22,restored,fresh,mowing,4.33,4.1825,7.07,7.32,205.18,0.5,0.00161,7.44,13.76,10.02978,0.27,0.39,1.83,1.76,2.18872,1.73,1.55,1.60354
M_DOR_A2,M_DOR,11.81450305,51.64508573,centre,654,Central European mixed forests,2022,R,restored,fresh,mowing,4.17,4.1825,7.36,7.32,216.32,0.64,0.00101,5.33,22.74,12.40834,0.15,0.43,2.01,2.09,1.97023,1.47,1.21,1.41465
M_DOR_A3,M_DOR,11.81450305,51.64508573,centre,654,Central European mixed forests,2022,R22,restored,fresh,mowing,4.11,4.1825,7.57,7.32,251.21,0.71,0.0023,8.18,9.9,10.02978,0.12,0.45,1.65,2.39,1.59215,1.68,1.61,1.6649
M_DOR_A4,M_DOR,11.81450305,51.64508573,centre,654,Central European mixed forests,2022,R,restored,fresh,mowing,4.12,4.1825,7.28,7.32,252.28,0.79,0.00153,5.77,21.12,11.33226,0.1,0.38,1.35,1.43,1.4946,1.78,1.48,1.7056
M_EIC_A1,M_EIC,12.18899395,51.85716614,centre,654,Central European mixed forests,2023,R,negative,fresh,both,5.02,5.1775,6.84,6.52,245.39,0.49,0.00614,3.97,84.57,17.95726,0.41,0.61,1.31,1.47,1.94528,1.31,1.13,1.78198
M_EIC_A2,M_EIC,12.18899395,51.85716614,centre,654,Central European mixed forests,2023,R,negative,fresh,both,5.91,5.1775,6.26,6.52,238.55,0.59,0.00143,1.74,13.85,10.97934,0.31,0.35,1.17,1.55,1.62733,1.54,1.41,1.90823
M_EIC_A3,M_EIC,12.18899395,51.85716614,centre,654,Central European mixed forests,2023,V,negative,fresh,both,4.42,5.1775,6.54,6.52,239.06,0.45,0.00925,2.42,5.76,15.08345,0.33,0.74,1.25,1.64,1.64918,1.21,1.47,1.64134
M_EIC_A4,M_EIC,12.18899395,51.85716614,centre,654,Central European mixed forests,2023,R,negative,fresh,both,5.36,5.1775,6.44,6.52,230.57,0.44,0.00188,8.77,203.53,11.90714,0.36,0.58,1.33,1.93,1.70438,1.39,1.33,1.40096
M_FAL_A1,M_FAL,11.35946299,51.74746391,centre,654,Central European mixed forests,2023,R22,restored,fresh,mowing,4.57,4.575,6.98,6.8775,238.81,0.6,0.00137,27.68,13.56,6.58921,0.47,0.66,1.38,1.42,1.50701,1.2,1.26,1.50353
M_FAL_A2,M_FAL,11.35946299,51.74746391,centre,654,Central European mixed forests,2023,V,restored,fresh,mowing,4.82,4.575,6.58,6.8775,216.78,0.4,0.0012,27.68,56.23,12.94973,0.2,0.6,1.43,1.91,2.11498,1.36,1.09,1.85993
M_FAL_A3,M_FAL,11.35946299,51.74746391,centre,654,Central European mixed forests,2023,R,restored,fresh,mowing,4.55,4.575,7.04,6.8775,226.99,0.58,0.00201,27.68,13.56,13.91457,0.35,0.72,1.53,1.56,1.58082,1.37,1.25,1.16374
M_FAL_A4,M_FAL,11.35946299,51.74746391,centre,654,Central European mixed forests,2023,R22,restored,fresh,mowing,4.36,4.575,6.91,6.8775,221.17,0.49,0.00118,3.72,23.69,11.90714,0.48,0.71,1.32,1.6,1.63474,1.82,1.56,1.57755
M_FRB_A1,M_FRB,11.73327072,51.62485865,centre,654,Central European mixed forests,2023,R,restored,dry,grazing,3.49,3.51,7.8,7.69,156.38,0.28,0.00235,30.75,37.25,17.2144,0.28,0.75,2.63,1.39,1.82004,1.32,1.19,1.56204
M_FRB_A2,M_FRB,11.73327072,51.62485865,centre,654,Central European mixed forests,2023,V11,restored,dry,grazing,3.22,3.51,7.98,7.69,193.14,0.28,0.0014,80.26,46.56,34.67132,0.28,0.57,2.51,2.21,1.61185,1.51,1.38,1.41753
M_FRB_A3,M_FRB,11.73327072,51.62485865,centre,654,Central European mixed forests,2023,R1A,restored,dry,grazing,3.29,3.51,7.67,7.69,165.22,0.27,0.00272,80.26,78.52,51.28466,0.24,0.68,2.54,1.66,1.64491,1.62,1.31,1.54158
M_FRB_A4,M_FRB,11.73327072,51.62485865,centre,654,Central European mixed forests,2023,R,restored,dry,grazing,4.04,3.51,7.31,7.69,192.22,0.34,0.00244,30.75,27.62,25.14454,0.29,0.67,2,1.75,1.85722,1.64,1.51,1.5395
M_GRO_A1,M_GRO,11.68390121,51.76579064,centre,654,Central European mixed forests,2022,R22,restored,fresh,both,4.36,4.54,7.61,7.6225,265.26,0.65,0.00169,7.68,22.74,12.26208,0.24,0.51,1.26,2.33,1.47491,1.51,1.49,1.6435
M_GRO_A2,M_GRO,11.68390121,51.76579064,centre,654,Central European mixed forests,2022,R22,restored,fresh,both,4.31,4.54,7.54,7.6225,264.81,0.72,0.00212,28.96,22.74,12.26208,0.24,0.55,1.26,2.27,1.2928,1.48,1.33,1.68878
M_GRO_A3,M_GRO,11.68390121,51.76579064,centre,654,Central European mixed forests,2022,R,restored,fresh,both,4.63,4.54,7.59,7.6225,271.65,0.82,0.00219,7.68,22.74,12.26208,0.24,0.55,1.18,2.15,1.34654,1.51,1.59,1.78605
M_GRO_A4,M_GRO,11.68390121,51.76579064,centre,654,Central European mixed forests,2022,R,restored,fresh,both,4.86,4.54,7.75,7.6225,270.95,1,0.00264,23.77,22.74,12.26208,0.14,0.39,1.22,1.54,1.11211,1.53,1.4,1.38526
M_HAH_A1,M_HAH,11.62972068,51.30873546,centre,654,Central European mixed forests,2023,R1A,positive,dry,none,2.81,2.695,7.72,7.285,159.63,0.22,6e-4,32.76,43.18,6.53464,0.33,0.64,1.55,2.36,1.30826,1.42,1.57,1.52016
M_HAH_A2,M_HAH,11.62972068,51.30873546,centre,654,Central European mixed forests,2023,R1A,positive,dry,none,2.77,2.695,7.07,7.285,193.88,0.16,8.6e-4,19.15,33.34,85.03684,0.45,0.44,1.44,3.48,1.6948,1.27,1.18,1.59836
M_HAH_A4,M_HAH,11.62972068,51.30873546,centre,654,Central European mixed forests,2023,R1A,positive,dry,none,2.99,2.695,7.18,7.285,189.64,0.1,2.5e-4,19.15,33.34,85.03684,0.46,0.52,1.4,2.33,1.98817,1.75,1.4,1.81914
M_HAR_A1,M_HAR,11.08520296,51.82462193,centre,654,Central European mixed forests,2023,R,restored,fresh,mowing,4.19,4.3025,7.06,7.0975,203.45,0.53,0.00338,7.06,13.76,26.72425,0.19,0.32,1.54,1.69,1.56518,1.81,1.41,1.67704
M_HAR_A2,M_HAR,11.08520296,51.82462193,centre,654,Central European mixed forests,2023,R,restored,fresh,mowing,4.24,4.3025,6.98,7.0975,216.28,0.56,0.00333,8.38,17.44,15.92531,0.23,0.35,1.63,1.71,1.58526,1.91,1.47,1.56819
M_HAR_A3,M_HAR,11.08520296,51.82462193,centre,654,Central European mixed forests,2023,R,restored,fresh,mowing,4.48,4.3025,7.03,7.0975,217.39,0.63,0.00297,7.06,13.76,17.27458,0.26,0.48,1.65,1.89,1.4923,1.57,1.54,1.61871
M_HAR_A4,M_HAR,11.08520296,51.82462193,centre,654,Central European mixed forests,2023,R22,restored,fresh,mowing,4.3,4.3025,7.32,7.0975,239.88,0.68,0.0029,7.1,77.51,14.71078,0.37,0.67,1.59,2,1.37819,1.55,1.25,1.67221
M_HIR_A1,M_HIR,11.68710429,51.1981926,centre,654,Central European mixed forests,2022,R1A,restored,dry,grazing,3.39,3.7325,7.64,7.23,204.59,0.35,0.00118,14.63,47.14,204.69771,0.25,0.65,1.85,1.7,2.00904,1.58,1.25,1.54002
M_HIR_A2,M_HIR,11.68710429,51.1981926,centre,654,Central European mixed forests,2022,?,restored,dry,grazing,4.09,3.7325,7.07,7.23,207.06,0.4,0.00144,21.34,47.14,13.75422,0.31,0.67,1.72,1.64,1.70411,1.69,1.4,1.73002
M_HIR_A3,M_HIR,11.68710429,51.1981926,centre,654,Central European mixed forests,2022,R1A,restored,dry,grazing,3.71,3.7325,7.28,7.23,224.03,0.42,0.00166,32.79,12.75,90.03656,0.22,0.82,1.6,1.37,1.8804,1.62,1.45,1.33838
M_HIR_A4,M_HIR,11.68710429,51.1981926,centre,654,Central European mixed forests,2022,R1A,restored,dry,grazing,3.74,3.7325,6.93,7.23,210.04,0.41,0.00125,14.44,47.14,147.5485,0.27,0.88,1.66,1.6,1.73964,1.72,1.34,1.51287
M_HNB_A1,M_HNB,11.77775515,51.2062993,centre,654,Central European mixed forests,2023,R1A,restored,dry,grazing,4.02,3.8675,7.26,7.315,180.11,0.35,0.00154,19.5,14.41,12.541,0.18,0.4,1.77,1.72,1.65701,1.62,1.82,1.7458
M_HNB_A2,M_HNB,11.77775515,51.2062993,centre,654,Central European mixed forests,2023,R1A,restored,dry,grazing,3.94,3.8675,7.28,7.315,183.81,0.35,0.00254,7.44,10.5,13.75422,0.08,0.37,1.51,1.5,1.51162,1.73,1.64,1.71893
M_HNB_A3,M_HNB,11.77775515,51.2062993,centre,654,Central European mixed forests,2023,R1A,restored,dry,grazing,3.82,3.8675,7.25,7.315,189.61,0.21,0.00196,8.38,77.51,8.67255,0.29,0.45,1.49,2.81,1.87148,1.65,1.48,1.62749
M_HNB_A4,M_HNB,11.77775515,51.2062993,centre,654,Central European mixed forests,2023,R1A,restored,dry,grazing,3.69,3.8675,7.47,7.315,203.68,0.32,0.00173,9.68,10.53,13.75422,0.29,0.53,1.59,1.78,1.84923,1.89,1.56,1.84341
M_HOH_A1,M_HOH,11.65059088,51.85418882,centre,654,Central European mixed forests,2022,V,restored,moist,mowing,6.61,5.7375,7.49,6.9775,176.05,0.54,0.00202,7.98,29.84,6.4509,0.42,0.56,1.36,1.61,1.4007,1.8,1.64,1.68914
M_HOH_A2,M_HOH,11.65059088,51.85418882,centre,654,Central European mixed forests,2022,R22,restored,moist,mowing,4.93,5.7375,7.44,6.9775,200.88,0.4,0.00233,9.22,23.13,9.20975,0.26,0.59,1.4,1.23,2.17776,1.35,1.21,1.5912
M_HOH_A3,M_HOH,11.65059088,51.85418882,centre,654,Central European mixed forests,2022,R,restored,moist,mowing,5.55,5.7375,6.78,6.9775,232.87,0.49,0.00102,7.68,12.4,7.53767,0.26,0.71,1.3,1.31,2.01316,1.39,1.32,1.81379
M_HOH_A4,M_HOH,11.65059088,51.85418882,centre,654,Central European mixed forests,2022,R,restored,moist,mowing,5.86,5.7375,6.2,6.9775,234.91,0.47,4.5e-4,3.93,12.4,15.39218,0.13,0.31,1.33,1.19,1.54514,1.81,1.41,1.72995
M_ILB_A1,M_ILB,11.65441561,51.82311226,centre,654,Central European mixed forests,2023,R22,restored,fresh,mowing,4.51,4.4325,6.47,6.4825,236.13,0.37,0.0012,8.41,22.74,12.40834,0.27,0.49,1.4,1.8,1.74101,1.38,1.52,1.52632
M_ILB_A2,M_ILB,11.65441561,51.82311226,centre,654,Central European mixed forests,2023,R,restored,fresh,mowing,4.46,4.4325,6.82,6.4825,214.74,0.4,0.00215,6.11,12.43,16.33961,0.42,0.66,1.47,1.61,2.06809,1.51,1.55,1.34695
M_ILB_A3,M_ILB,11.65441561,51.82311226,centre,654,Central European mixed forests,2023,R22,restored,fresh,mowing,4.46,4.4325,6.26,6.4825,248.12,0.34,7.3e-4,9.22,29.33,17.2144,0.4,0.37,1.21,2.05,1.55659,1.28,1.48,1.59955
M_ILB_A4,M_ILB,11.65441561,51.82311226,centre,654,Central European mixed forests,2023,R,restored,fresh,mowing,4.3,4.4325,6.38,6.4825,237,0.31,9.6e-4,10.3,29.33,17.2144,0.25,0.48,1.41,1.6,1.79853,1.6,1.43,1.50924
M_JER_A1,M_JER,12.01639122,52.48309646,centre,654,Central European mixed forests,2023,V37,restored,fresh,mowing,4.24,4.4875,6.87,6.85,234.74,0.36,5.8e-4,49.15,157.79,39.31635,0.29,0.41,1.48,2.23,2.14569,1.56,1.58,1.59579
M_JER_A2,M_JER,12.01639122,52.48309646,centre,654,Central European mixed forests,2023,V32,restored,fresh,mowing,4.5,4.4875,6.71,6.85,237.63,0.32,0.00148,35.82,37.25,61.51232,0.35,0.53,1.55,1.84,2.22292,1.41,1.7,1.44643
M_JER_A3,M_JER,12.01639122,52.48309646,centre,654,Central European mixed forests,2023,V32,restored,fresh,mowing,4.79,4.4875,7.08,6.85,287.55,0.22,6.7e-4,6.18,37.25,100.60648,0.21,0.22,1.35,1.79,1.65239,1.64,1.78,1.70924
M_JER_A4,M_JER,12.01639122,52.48309646,centre,654,Central European mixed forests,2023,R1P,restored,fresh,mowing,4.42,4.4875,6.74,6.85,202.26,0.26,4.2e-4,30.3,37.25,19.91474,0.34,0.64,1.44,1.57,2.12663,1.76,1.82,1.69971
M_KAP_A1,M_KAP,12.23992028,51.87819202,centre,654,Central European mixed forests,2023,R,negative,fresh,mowing,5.38,5.12,6.96,6.91,252.64,0.58,0.00716,27.29,12.18,81.2263,0.4,0.49,1.41,1.47,2.71118,1.48,1.36,1.73212
M_KAP_A2,M_KAP,12.23992028,51.87819202,centre,654,Central European mixed forests,2023,R,negative,fresh,mowing,5.04,5.12,7.01,6.91,239.45,0.63,0.00447,17.71,203.53,81.2263,0.44,0.3,1.23,1.57,1.51845,1.44,1.14,1.49452
M_KAP_A3,M_KAP,12.23992028,51.87819202,centre,654,Central European mixed forests,2023,R,negative,fresh,mowing,4.84,5.12,6.98,6.91,235.36,0.73,0.0036,7.61,9.54,77.09859,0.39,0.08,1.05,1.18,1.17896,1.35,1.34,1.65643
M_KAP_A4,M_KAP,12.23992028,51.87819202,centre,654,Central European mixed forests,2023,R,negative,fresh,mowing,5.22,5.12,6.69,6.91,232.34,0.63,0.00321,2.42,4.54,92.77003,0.26,0.39,1.13,1.51,1.25816,1.1,1.52,1.31289
M_KOL_A1,M_KOL,11.82447632,51.50647081,centre,654,Central European mixed forests,2023,R,restored,dry,mowing,3.95,4.0975,7.3,7.285,205.44,0.39,0.00142,8.57,11.95,10.11408,0.37,0.6,1.76,1.94,1.78524,1.58,1.75,1.60489
M_KOL_A2,M_KOL,11.82447632,51.50647081,centre,654,Central European mixed forests,2023,R,restored,dry,mowing,4.45,4.0975,7.16,7.285,210.59,0.49,0.00109,12.23,13.83,12.51263,0.36,0.67,1.5,1.77,1.71759,1.54,1.7,1.45717
M_KOL_A3,M_KOL,11.82447632,51.50647081,centre,654,Central European mixed forests,2023,R,restored,dry,mowing,4,4.0975,7.47,7.285,201.88,0.44,0.00103,8.57,19.66,11.87677,0.25,0.66,1.57,1.76,1.87184,1.41,1.61,1.35164
M_KOL_A4,M_KOL,11.82447632,51.50647081,centre,654,Central European mixed forests,2023,V38,restored,dry,mowing,3.99,4.0975,7.21,7.285,187.05,0.44,0.00157,12.23,11.95,10.11408,0.44,0.67,1.51,2.03,1.68238,1.27,1.44,1.43952
M_KOT_A1,M_KOT,11.97743495,51.76112712,centre,654,Central European mixed forests,2022,R22,restored,fresh,none,4.44,4.3325,7.28,7.4175,235.57,0.51,0.0016,7.72,11.08,10.56214,0.27,0.44,1.42,1.42,1.45285,1.56,1.56,1.43161
M_KOT_A2,M_KOT,11.97743495,51.76112712,centre,654,Central European mixed forests,2022,R22,restored,fresh,none,4.18,4.3325,7.52,7.4175,226,0.5,0.00247,7.04,22.32,11.61255,0.16,0.51,1.59,1.41,1.64944,1.6,1.41,1.39065
M_KOT_A3,M_KOT,11.97743495,51.76112712,centre,654,Central European mixed forests,2022,R22,restored,fresh,none,4.58,4.3325,7.28,7.4175,232.77,0.48,0.00212,11.18,22.32,15.8461,0.28,0.5,1.34,1.25,1.45423,1.5,1.39,1.36085
M_KOT_A4,M_KOT,11.97743495,51.76112712,centre,654,Central European mixed forests,2022,R22,restored,fresh,none,4.13,4.3325,7.59,7.4175,231.43,0.51,0.00276,12,10.46,15.8461,0.12,0.53,1.61,1.5,1.50608,1.49,1.5,1.49402
M_KUH_A1,M_KUH,11.83230936,51.25517652,centre,654,Central European mixed forests,2022,R1A,restored,dry,grazing,3.06,3.0575,7.92,7.825,171.73,0.4,0.00311,28.25,46.77,27.2045,0.07,0.27,1.27,1.69,1.19,1.67,1.75,1.76451
M_KUH_A2,M_KUH,11.83230936,51.25517652,centre,654,Central European mixed forests,2022,R1A,restored,dry,grazing,3.06,3.0575,7.93,7.825,174.32,0.45,0.00321,12.12,16.8,10.88846,0.07,0.17,1.2,1.35,1.13485,1.55,1.85,1.75398
M_KUH_A3,M_KUH,11.83230936,51.25517652,centre,654,Central European mixed forests,2022,R1A,restored,dry,grazing,3.27,3.0575,7.5,7.825,184.57,0.21,0.00124,28.25,56.23,19.71145,0.34,0.51,1.46,3.03,1.6913,1.56,1.67,1.39279
M_KUH_A4,M_KUH,11.83230936,51.25517652,centre,654,Central European mixed forests,2022,R1A,restored,dry,grazing,2.84,3.0575,7.95,7.825,168.75,0.36,0.00252,27.73,68.81,19.71145,0.17,0.11,1.19,1.95,1.39381,1.43,1.35,1.29891
M_LOB_A1,M_LOB,11.9262047,51.63375412,centre,654,Central European mixed forests,2023,R,restored,fresh,mowing,4.14,4.1525,7.18,7.19,222.5,0.43,0.00505,4.52,21.12,16.33961,0.12,0.43,1.42,1.72,1.88525,1.17,1.61,1.36925
M_LOB_A2,M_LOB,11.9262047,51.63375412,centre,654,Central European mixed forests,2023,R22,restored,fresh,mowing,4.12,4.1525,7.36,7.19,237.8,0.59,0.00444,25.4,37.25,18.19943,0.21,0.58,1.54,2.32,1.64535,1.4,1.36,1.54406
M_LOB_A3,M_LOB,11.9262047,51.63375412,centre,654,Central European mixed forests,2023,R,restored,fresh,mowing,4.2,4.1525,7.21,7.19,217.71,0.49,0.00442,25.4,22.74,17.2144,0.23,0.63,1.45,1.86,1.7244,1.41,1.4,1.58033
M_LOB_A4,M_LOB,11.9262047,51.63375412,centre,654,Central European mixed forests,2023,R,restored,fresh,mowing,4.15,4.1525,7.01,7.19,209.37,0.43,0.00612,11.78,37.25,26.58334,0.26,0.52,1.39,1.7,1.81506,1.56,1.66,1.65728
M_NEL_A1,M_NEL,11.75335512,51.66467973,centre,654,Central European mixed forests,2022,R1B,restored,dry,grazing,1.99,2.575,8.24,8.07,147.74,0.36,0.00212,29.57,18.29,12.541,0.17,0.42,3.35,2.15,1.55043,1.94,1.49,1.4365
M_NEL_A2,M_NEL,11.75335512,51.66467973,centre,654,Central European mixed forests,2022,R,restored,dry,grazing,3.03,2.575,7.85,8.07,176.16,0.43,0.00366,14.49,13.57,12.541,0.13,0.4,1.36,1.36,1.10159,1.62,1.39,1.2111
M_NEL_A3,M_NEL,11.75335512,51.66467973,centre,654,Central European mixed forests,2022,R16,restored,dry,grazing,2.62,2.575,8.07,8.07,173.91,0.37,0.00211,22.57,29.63,5.48888,0.26,0.28,1.73,1.93,1.3233,1.62,1.66,1.48569
M_NEL_A4,M_NEL,11.75335512,51.66467973,centre,654,Central European mixed forests,2022,R1B,restored,dry,grazing,2.66,2.575,8.12,8.07,151.08,0.32,0.00261,42.11,19.97,15.97385,0.24,0.38,1.97,2.41,1.44171,2.01,1.39,1.35232
M_PRA_A1,M_PRA,12.67487398,51.84309028,centre,654,Central European mixed forests,2023,R,restored,moist,both,5.07,4.785,6.59,6.59,235.19,0.44,0.00311,19.46,203.53,56.25596,0.09,0.46,1.26,2.09,1.42484,1.55,1.47,1.54861
M_PRA_A2,M_PRA,12.67487398,51.84309028,centre,654,Central European mixed forests,2023,V,restored,moist,both,4.82,4.785,6.53,6.59,227.93,0.37,0.00271,20.38,17.53,21.17698,0.36,0.45,1.23,1.43,1.69644,1.14,1.28,1.64065
M_PRA_A3,M_PRA,12.67487398,51.84309028,centre,654,Central European mixed forests,2023,V,restored,moist,both,4.77,4.785,6.67,6.59,231.6,0.32,0.00168,20.38,117.44,21.17698,0.25,0.41,1.28,1.76,2.10093,1.16,1.18,1.31886
M_PRA_A4,M_PRA,12.67487398,51.84309028,centre,654,Central European mixed forests,2023,R,restored,moist,both,4.48,4.785,6.57,6.59,219.49,0.28,0.00102,11.78,60.32,28.96843,0.35,0.54,1.38,1.48,2.13554,1.49,1.26,1.50326
M_SKF_A1,M_SKF,11.57491171,52.02875982,centre,654,Central European mixed forests,2022,R22,restored,fresh,both,4.64,4.0925,7.23,7.3675,229.78,0.55,0.00158,19.24,21.12,26.72425,0.25,0.58,1.52,1.77,1.59176,1.18,1.41,1.37203
M_SKF_A2,M_SKF,11.57491171,52.02875982,centre,654,Central European mixed forests,2022,R22,restored,fresh,both,4.4,4.0925,7.28,7.3675,200.87,0.49,6.9e-4,8.41,21.12,7.73759,0.28,0.49,1.69,1.66,1.60525,1.42,1.55,1.58353
M_SKF_A3,M_SKF,11.57491171,52.02875982,centre,654,Central European mixed forests,2022,R22,restored,fresh,both,3.58,4.0925,7.55,7.3675,183.89,0.44,0.00121,18.46,17.27,10.48717,0.36,0.49,2.02,2.01,1.59719,1.68,1.54,1.51485
M_SKF_A4,M_SKF,11.57491171,52.02875982,centre,654,Central European mixed forests,2022,R1A,restored,fresh,both,3.75,4.0925,7.41,7.3675,177.5,0.36,6.9e-4,18.46,14.33,17.44567,0.31,0.45,1.61,1.45,1.7592,1.45,1.54,1.50416
M_SMH_A1,M_SMH,11.59779124,51.33296162,centre,654,Central European mixed forests,2023,R,negative,dry,none,3.27,3.245,7.98,7.855,177.63,0.42,0.00254,67.38,16.76,18.12448,0.22,0.17,1.41,1.63,1.4496,1.51,1.67,1.65123
M_SMH_A2,M_SMH,11.59779124,51.33296162,centre,654,Central European mixed forests,2023,R,negative,dry,none,3.26,3.245,7.95,7.855,175.56,0.36,0.00196,67.38,76.78,27.22029,0.24,0.24,1.45,2,1.73346,1.4,1.48,1.22751
M_SMH_A4,M_SMH,11.59779124,51.33296162,centre,654,Central European mixed forests,2023,R,negative,dry,none,3.13,3.245,7.94,7.855,173.85,0.47,0.00311,67.38,31.47,22.86514,0.13,0.11,1.14,1.2,1.20308,1.35,1.4,1.45999
M_SSB_A1,M_SSB,11.72160941,51.21551542,centre,654,Central European mixed forests,2022,R1A,positive,dry,grazing,2.43,2.5225,7.49,7.5425,197.62,0.24,0.00199,72.25,24.65,5.77374,0.32,0.57,1.91,3.01,1.27925,1.63,1.5,1.58669
M_SSB_A2,M_SSB,11.72160941,51.21551542,centre,654,Central European mixed forests,2022,R1A,positive,dry,grazing,2.79,2.5225,7.79,7.5425,181.09,0.33,0.00236,36.9,43.18,11.81098,0.23,0.36,1.38,2.3,1.39483,1.39,1.47,1.69156
M_SSB_A3,M_SSB,11.72160941,51.21551542,centre,654,Central European mixed forests,2022,R1A,positive,dry,grazing,2.56,2.5225,7.25,7.5425,188.14,0.27,0.00226,14.13,18.29,5.40386,0.35,0.69,1.54,2.45,1.29997,1.3,1.53,1.55381
M_SSL_A3,M_SSL,11.92439633,51.6336248,centre,654,Central European mixed forests,2023,R1A,positive,dry,none,2.95,2.93,7.31,7.9125,188.34,0.33,0.00146,8.62,30.15,10.02978,0.25,0.45,1.23,1.32,1.5138,1.62,1.54,1.59881
M_STA_A1,M_STA,12.03915626,51.87081962,centre,654,Central European mixed forests,2023,R22,restored,fresh,mowing,4.58,4.6875,7.24,7.2575,250.16,0.53,0.00131,8.28,157.79,21.03435,0.4,0.59,1.52,2.21,1.95255,1.58,1.51,1.72022
M_STA_A2,M_STA,12.03915626,51.87081962,centre,654,Central European mixed forests,2023,R22,restored,fresh,mowing,5.22,4.6875,7.16,7.2575,251.82,0.71,0.0017,6.1,22.74,9.20975,0.37,0.65,1.41,1.91,1.48037,1.44,1.67,1.74224
M_STA_A3,M_STA,12.03915626,51.87081962,centre,654,Central European mixed forests,2023,R,restored,fresh,mowing,4.46,4.6875,7.24,7.2575,246.06,0.53,0.0015,8.28,37.25,21.03435,0.42,0.51,1.4,2.23,1.62042,1.62,1.76,1.80242
M_STA_A4,M_STA,12.03915626,51.87081962,centre,654,Central European mixed forests,2023,R22,restored,fresh,mowing,4.49,4.6875,7.39,7.2575,244.44,0.68,0.00216,8.28,37.25,64.30386,0.36,0.61,1.58,2.12,1.40532,1.68,1.64,1.57558
M_STF_A1,M_STF,11.6869805,52.28069534,centre,654,Central European mixed forests,2023,R,restored,moist,mowing,4.67,5.0175,7.05,7.07,243.98,0.39,7.1e-4,11.08,18.35,118.64473,0.35,0.49,1.68,1.97,1.54007,1.78,1.46,1.44892
M_STF_A2,M_STF,11.6869805,52.28069534,centre,654,Central European mixed forests,2023,R22,restored,moist,mowing,4.83,5.0175,7.04,7.07,237.61,0.44,7.7e-4,13.29,22.74,118.64473,0.36,0.41,1.52,1.83,1.66349,1.67,1.51,1.51296
M_STF_A3,M_STF,11.6869805,52.28069534,centre,654,Central European mixed forests,2023,R22,restored,moist,mowing,5.13,5.0175,7.16,7.07,267.95,0.5,0.00115,31.65,22.74,41.12515,0.3,0.4,1.6,1.91,1.59086,1.6,1.45,1.53764
M_STF_A4,M_STF,11.6869805,52.28069534,centre,654,Central European mixed forests,2023,R22,restored,moist,mowing,5.44,5.0175,7.03,7.07,270.38,0.53,0.00105,33.03,22.74,32.15635,0.33,0.37,1.53,1.83,1.63534,1.3,1.56,1.4139
M_STI_A1,M_STI,11.83597112,51.65776367,centre,654,Central European mixed forests,2023,R,restored,moist,mowing,4.29,4.515,7.18,7.2025,237.89,0.56,0.00318,7.93,22.74,28.15501,0.21,0.46,1.37,1.89,1.41142,1.4,1.37,1.43194
M_STI_A2,M_STI,11.83597112,51.65776367,centre,654,Central European mixed forests,2023,R22,restored,moist,mowing,4.44,4.515,7.28,7.2025,237.01,0.56,0.00291,4.94,22.74,8.15184,0.25,0.66,1.48,1.96,1.41336,1.79,1.63,1.16828
M_STI_A3,M_STI,11.83597112,51.65776367,centre,654,Central European mixed forests,2023,R22,restored,moist,mowing,4.29,4.515,7.32,7.2025,242.56,0.64,0.00209,10.97,22.74,8.15184,0.21,0.57,1.51,1.74,1.58713,1.43,1.49,1.71254
M_STI_A4,M_STI,11.83597112,51.65776367,centre,654,Central European mixed forests,2023,R22,restored,moist,mowing,5.04,4.515,7.03,7.2025,254.81,0.59,0.00193,5.72,22.74,25.14454,0.18,0.64,1.49,2.38,1.53662,2.02,1.65,1.75183
M_STN_A1,M_STN,11.51118008,51.27824642,centre,654,Central European mixed forests,2023,V37,restored,dry,grazing,4.58,3.5075,7.54,7.705,230.64,0.32,0.00127,102.52,63.22,35.09273,0.72,0.52,1.82,2.27,1.59941,1.57,1.65,1.68806
M_STN_A2,M_STN,11.51118008,51.27824642,centre,654,Central European mixed forests,2023,R1A,restored,dry,grazing,3.66,3.5075,7.71,7.705,235.76,0.29,0.00146,102.52,60.77,35.09273,0.38,0.52,1.76,1.64,1.67851,1.4,1.43,1.72246
M_STN_A3,M_STN,11.51118008,51.27824642,centre,654,Central European mixed forests,2023,R1A,restored,dry,grazing,2.95,3.5075,7.57,7.705,190.18,0.3,0.00244,123,60.77,208.84567,0.31,0.57,1.92,2.28,2.28003,1.48,1.51,1.51439
M_STN_A4,M_STN,11.51118008,51.27824642,centre,654,Central European mixed forests,2023,R1A,restored,dry,grazing,2.84,3.5075,8,7.705,184.86,0.38,0.00347,102.52,35.76,27.90032,0.27,0.52,2,1.65,2.21198,1.54,1.39,1.55276
M_STP_A1,M_STP,12.05356323,51.87379422,centre,654,Central European mixed forests,2023,R22,positive,fresh,mowing,4.58,4.715,6.72,6.8925,253.19,0.39,0.00133,36.25,84.57,64.30386,0.39,0.62,1.34,2,2.00586,1.31,1.45,1.62059
M_SUL_A1,M_SUL,11.56157811,52.02835511,centre,654,Central European mixed forests,2022,R,negative,fresh,both,5.02,5.0025,7.89,7.865,258.95,0.51,0.00181,8.17,29.2,10.66445,0.03,0.18,1.07,1.26,1.11798,1.41,1.66,1.33107
M_SUL_A2,M_SUL,11.56157811,52.02835511,centre,654,Central European mixed forests,2022,R,negative,fresh,both,5,5.0025,7.91,7.865,256.88,0.51,0.00188,6.07,22.74,8.15184,0.02,0.14,1.03,1.2,1.07877,1.18,1.3,1.37429
M_SUL_A3,M_SUL,11.56157811,52.02835511,centre,654,Central European mixed forests,2022,R,negative,fresh,both,4.99,5.0025,7.8,7.865,259.38,0.46,0.00161,8.83,16.92,8.15184,0.01,0.31,1.1,1.55,1.23072,1.35,1.77,1.18178
M_SUL_A4,M_SUL,11.56157811,52.02835511,centre,654,Central European mixed forests,2022,R,negative,fresh,both,5,5.0025,7.86,7.865,257.02,0.51,0.0016,2.39,12.18,8.21084,0.01,0.23,1.02,1.24,1.22708,1.49,1.35,1.44014
M_TAN_A1,M_TAN,11.75682108,51.64052353,centre,654,Central European mixed forests,2022,R1A,restored,dry,grazing,3.33,3.115,7.43,7.82,178.73,0.25,0.00185,219.55,42.67,19.71596,0.26,0.59,2.09,2.18,1.70276,1.3,1.55,1.57269
M_TAN_A2,M_TAN,11.75682108,51.64052353,centre,654,Central European mixed forests,2022,R1A,restored,dry,grazing,3.1,3.115,7.86,7.82,184.15,0.3,0.00194,30.75,42.67,19.71145,0.19,0.41,2.03,2.15,1.41904,1.51,1.68,1.26134
M_TAN_A3,M_TAN,11.75682108,51.64052353,centre,654,Central European mixed forests,2022,R1A,restored,dry,grazing,2.97,3.115,8.02,7.82,168.05,0.34,0.00218,26.28,34.72,14.5145,0.04,0.24,1.7,2.04,1.39445,1.67,1.58,1.31914
M_TAN_A4,M_TAN,11.75682108,51.64052353,centre,654,Central European mixed forests,2022,R1A,restored,dry,grazing,3.06,3.115,7.97,7.82,172.86,0.4,0.00204,28.55,30.54,10.90944,0.07,0.26,2.35,1.45,1.41489,1.58,1.43,1.57442
M_TRE_A1,M_TRE,11.96757714,51.64524689,centre,654,Central European mixed forests,2023,R,restored,fresh,mowing,4.05,4.0225,7.1,7.1025,209.3,0.51,0.00149,33.03,18.87,8.15184,0.13,0.54,1.48,1.42,1.50917,1.58,1.59,1.36118
M_TRE_A2,M_TRE,11.96757714,51.64524689,centre,654,Central European mixed forests,2023,R,restored,fresh,mowing,3.9,4.0225,6.73,7.1025,205.93,0.46,0.002,12.97,39.08,9.20975,0.24,0.91,1.23,1.4,1.54605,1.53,1.55,1.30939
M_TRE_A3,M_TRE,11.96757714,51.64524689,centre,654,Central European mixed forests,2023,R22,restored,fresh,mowing,3.99,4.0225,7.19,7.1025,208.81,0.49,0.00221,12.97,21.12,32.15635,0.11,0.66,1.36,1.36,1.63053,1.39,1.7,1.35623
M_TRE_A4,M_TRE,11.96757714,51.64524689,centre,654,Central European mixed forests,2023,R22,restored,fresh,mowing,4.15,4.0225,7.39,7.1025,215.92,0.53,0.00196,10.87,22.74,17.2144,0.15,0.51,1.6,1.62,1.57256,1.71,1.89,1.41093
M_TRN_A1,M_TRN,11.96509704,51.64410826,centre,654,Central European mixed forests,2023,R,negative,moist,mowing,6.44,5.24,5.48,6.785,297.9,0.67,0.00247,33.03,21.12,7.73759,0.42,1.33,1.58,2,1.15426,1.43,1.46,1.21721
M_TRN_A2,M_TRN,11.96509704,51.64410826,centre,654,Central European mixed forests,2023,R,negative,moist,mowing,4.45,5.24,7.48,6.785,266.68,0.82,0.00193,13.33,14.91,3.24016,0.25,0.48,1.23,1.55,1.29726,1.17,1.51,1.48814
M_TRN_A3,M_TRN,11.96509704,51.64410826,centre,654,Central European mixed forests,2023,R,negative,moist,mowing,5,5.24,7.05,6.785,247.44,0.39,0.00136,7.38,11.32,4.09026,0,0.21,1.42,2.87,1.58382,1.57,1.58,1.7324600000000001
M_TRN_A4,M_TRN,11.96509704,51.64410826,centre,654,Central European mixed forests,2023,?,negative,moist,mowing,5.07,5.24,7.13,6.785,289.51,0.58,0.002,15.84,29.2,10.58783,0.07,0.35,2.01,2.24,1.69116,1.41,1.66,1.50438
M_TTH_A1,M_TTH,11.74525195,51.20022449,centre,654,Central European mixed forests,2023,R1A,restored,dry,grazing,2.76,2.6525,7.7,7.575,186.38,0.21,6.2e-4,74.64,42.67,208.84567,0.3,0.62,1.66,2.26,1.67226,1.57,1.74,1.49954
M_TTH_A2,M_TTH,11.74525195,51.20022449,centre,654,Central European mixed forests,2023,R1A,restored,dry,grazing,2.82,2.6525,7.89,7.575,161.96,0.27,7.2e-4,38.64,79.82,19.35166,0.27,0.67,1.71,1.71,1.43431,1.59,1.59,1.72204
M_TTH_A3,M_TTH,11.74525195,51.20022449,centre,654,Central European mixed forests,2023,R16,restored,dry,grazing,2.54,2.6525,7.32,7.575,195.58,0.15,8.1e-4,107.5,46.77,113.80342,0.32,0.45,1.5,2.32,1.64024,1.62,1.7,1.39012
M_TTH_A4,M_TTH,11.74525195,51.20022449,centre,654,Central European mixed forests,2023,R,restored,dry,grazing,2.49,2.6525,7.39,7.575,187.48,0.15,8.1e-4,21.62,83.77,113.80342,0.3,0.5,1.32,2.31,1.58737,1.51,1.49,1.30014
M_TTO_A1,M_TTO,11.73221691,51.18472096,centre,654,Central European mixed forests,2022,R1A,positive,dry,grazing,3.58,3.23,6.95,7.1525,210.49,0.28,7.8e-4,24.44,57.77,141.96711,0.31,0.48,1.64,1.98,2.40187,1.51,1.58,1.34669
M_TTO_A2,M_TTO,11.73221691,51.18472096,centre,654,Central European mixed forests,2022,R1A,positive,dry,grazing,3.15,3.23,7.2,7.1525,188.85,0.22,5.3e-4,33.53,49.47,362.26676,0.17,0.36,1.6,1.88,1.84519,1.65,1.59,1.46567
M_TTO_A3,M_TTO,11.73221691,51.18472096,centre,654,Central European mixed forests,2022,R1A,positive,dry,grazing,3.19,3.23,7.23,7.1525,192.46,0.2,0.00104,22.19,49.47,141.96711,0.3,0.41,1.42,2.31,1.64152,1.5,1.56,1.26105
M_TTO_A4,M_TTO,11.73221691,51.18472096,centre,654,Central European mixed forests,2022,R1A,positive,dry,grazing,3,3.23,7.23,7.1525,172.46,0.16,0.00127,23.06,49.47,147.5485,0.32,0.4,1.67,2.34,1.45147,1.5,1.61,1.13113
M_TTP_A1,M_TTP,11.75171156,51.20209679,centre,654,Central European mixed forests,2022,R1A,restored,dry,grazing,3.29,3.16,7.99,7.965,173.01,0.35,0.00142,26.72,42.81,204.69771,0.23,0.6,1.7,1.53,1.71514,1.66,1.48,1.28045
M_TTP_A2,M_TTP,11.75171156,51.20209679,centre,654,Central European mixed forests,2022,R1A,restored,dry,grazing,3.1,3.16,8.01,7.965,163.93,0.31,0.00152,39.48,73.07,19.08157,0.16,0.5,1.61,1.87,1.66898,1.7,1.57,1.59191
M_TTP_A3,M_TTP,11.75171156,51.20209679,centre,654,Central European mixed forests,2022,R1A,restored,dry,grazing,3.19,3.16,7.73,7.965,182.42,0.33,0.00152,26.72,38.21,19.71145,0.2,0.71,1.64,1.69,1.7949,1.41,1.59,1.53905
M_TTP_A4,M_TTP,11.75171156,51.20209679,centre,654,Central European mixed forests,2022,R1A,restored,dry,grazing,3.06,3.16,8.13,7.965,148.9,0.31,0.00167,26.28,56.23,147.5485,0.09,0.51,2.06,1.94,1.50782,1.59,1.59,1.44884
M_VOC_A1,M_VOC,12.33854304,51.85665776,centre,654,Central European mixed forests,2023,R,restored,fresh,mowing,4.88,4.945,6.82,6.995,242.14,0.44,0.00188,11.81,22.74,27.24964,0.25,0.56,1.43,1.75,1.86771,1.21,1.57,1.33565
M_VOC_A2,M_VOC,12.33854304,51.85665776,centre,654,Central European mixed forests,2023,R22,restored,fresh,mowing,4.81,4.945,7.21,6.995,230.36,0.54,0.00198,10.3,22.74,27.24964,0.34,0.62,1.44,1.74,2.35902,1.38,1.6,1.23886
M_VOC_A3,M_VOC,12.33854304,51.85665776,centre,654,Central European mixed forests,2023,R22,restored,fresh,mowing,5.41,4.945,6.99,6.995,251.47,0.57,0.00179,11.26,21.12,16.33961,0.42,0.49,1.68,1.72,1.86119,1.5,1.55,1.65297
M_VOC_A4,M_VOC,12.33854304,51.85665776,centre,654,Central European mixed forests,2023,R,restored,fresh,mowing,4.68,4.945,6.96,6.995,234.8,0.51,0.00221,9.16,13.83,17.2144,0.32,0.35,1.4,1.7,2.31408,1.58,1.62,1.86614
M_WDG_A1,M_WDG,11.4834876,52.2889212,centre,654,Central European mixed forests,2022,R22,restored,fresh,mowing,4.67,4.56,7.06,7.21,223.78,0.42,0.00179,16.47,17.27,13.23393,0.23,0.11,1.26,1.34,1.37251,1.59,1.44,1.67315
M_WDG_A2,M_WDG,11.4834876,52.2889212,centre,654,Central European mixed forests,2022,R22,restored,fresh,mowing,4.64,4.56,7.32,7.21,214.66,0.38,0.00121,14.39,92.46,18.96581,0.26,0.44,1.61,1.67,1.46759,1.4,1.37,1.60855
M_WDG_A3,M_WDG,11.4834876,52.2889212,centre,654,Central European mixed forests,2022,R,restored,fresh,mowing,4.59,4.56,7.19,7.21,175.92,0.32,0.00272,21.7,17.27,27.26766,0.27,0.3,1.69,2.08,1.79016,1.45,1.48,1.57884
M_WDG_A4,M_WDG,11.4834876,52.2889212,centre,654,Central European mixed forests,2022,R,restored,fresh,mowing,4.34,4.56,7.27,7.21,191.58,0.36,0.00139,16.47,21.12,10.1626,0.28,0.41,1.82,2.03,1.86233,1.71,1.49,1.53626
M_WED_A1,M_WED,11.48918164,52.2679638,centre,654,Central European mixed forests,2023,R22,restored,moist,mowing,4.99,5.0275,7.21,7.3375,246.8,0.72,0.00264,40.35,24.03,8.15184,0.18,0.77,1.54,2.08,1.30352,1.44,1.29,1.34954
M_WED_A2,M_WED,11.48918164,52.2679638,centre,654,Central European mixed forests,2023,R22,restored,moist,mowing,4.77,5.0275,7.21,7.3375,231.65,0.71,0.00243,11.91,9.9,7.26342,0.26,0.67,1.69,1.95,1.3285,1.46,1.66,1.2353
M_WED_A3,M_WED,11.48918164,52.2679638,centre,654,Central European mixed forests,2023,R22,restored,moist,mowing,5.03,5.0275,7.63,7.3375,229.9,0.83,0.00243,11.91,10.46,7.62903,0.17,0.54,1.98,1.75,1.21294,1.5,1.43,1.26896
M_WED_A4,M_WED,11.48918164,52.2679638,centre,654,Central European mixed forests,2023,R22,restored,moist,mowing,5.32,5.0275,7.3,7.3375,275.05,0.69,0.00188,9.75,11.71,18.20325,0.35,0.69,1.4,2.24,1.42658,1.67,1.65,1.58287
M_WEF_A1,M_WEF,11.17225431,52.17879519,centre,654,Central European mixed forests,2022,R,restored,moist,mowing,6.28,6.6075,6.23,6.54,254.17,0.63,5.7e-4,552.13,85.23,6.71351,0.33,0.33,1.3,1.19,1.31655,1.32,1.61,1.59313
M_WEF_A2,M_WEF,11.17225431,52.17879519,centre,654,Central European mixed forests,2022,Q53,restored,moist,mowing,7.77,6.6075,7.05,6.54,182.5,0.76,7.2e-4,431.23,85.23,25.03895,0.53,0.32,2.75,2.11,1.4453,1.5,1.35,1.58909
M_WEF_A3,M_WEF,11.17225431,52.17879519,centre,654,Central European mixed forests,2022,R,restored,moist,mowing,6.26,6.6075,6.67,6.54,238.86,0.44,4.8e-4,552.13,85.23,12.97046,0.56,0.54,2.04,2.06,1.57661,1.39,1.53,1.47904
M_WEF_A4,M_WEF,11.17225431,52.17879519,centre,654,Central European mixed forests,2022,R,restored,moist,mowing,6.12,6.6075,6.21,6.54,241.87,0.61,0.00104,5.78,85.23,9.29797,0.24,0.33,1.19,1.24,1.24665,1.3,1.37,1.30122
M_WLE_A1,M_WLE,11.20737972,52.18579459,centre,654,Central European mixed forests,2022,?,negative,moist,mowing,6.95,5.325,6.11,6.5975,290.43,0.64,2.4e-4,15.54,17.53,6.01319,0.07,0.19,1.36,1.07,1.32544,1.65,1.42,1.79565
M_WLE_A2,M_WLE,11.20737972,52.18579459,centre,654,Central European mixed forests,2022,R,negative,moist,mowing,4.63,5.325,6.82,6.5975,253.83,0.65,0.00104,6.36,10.68,7.73759,0.5,0.31,1.32,1.19,1.44817,1.03,1.21,1.54588
M_WLE_A3,M_WLE,11.20737972,52.18579459,centre,654,Central European mixed forests,2022,R,negative,moist,mowing,5.02,5.325,6.68,6.5975,254.13,0.64,9.9e-4,6.36,11.7,6.28156,0.67,0.42,1.36,1.19,1.50331,1.3,1.08,1.02587
M_WLE_A4,M_WLE,11.20737972,52.18579459,centre,654,Central European mixed forests,2022,R,negative,moist,mowing,4.7,5.325,6.78,6.5975,256.16,0.66,9.4e-4,6.36,17.54,8.76576,0.54,0.31,1.29,1.15,1.39234,1.3,1.18,1.06867
M_WUG_A1,M_WUG,11.91389537,51.85297179,centre,654,Central European mixed forests,2022,R,restored,fresh,grazing,5.76,6.3625,6.84,6.8075,242.55,0.5,0.00195,11.84,15.93,10.79376,0.3,0.33,1.4,2.02,1.71004,1.63,1.3,1.54247
M_WUG_A2,M_WUG,11.91389537,51.85297179,centre,654,Central European mixed forests,2022,R,restored,fresh,grazing,6.5,6.3625,6.67,6.8075,235.36,0.49,0.00167,13.2,29.84,32.14374,0.5,0.54,1.57,2.1,1.86244,1.57,1.44,1.31509
M_WUG_A3,M_WUG,11.91389537,51.85297179,centre,654,Central European mixed forests,2022,R,restored,fresh,grazing,6.59,6.3625,6.95,6.8075,246.23,0.46,0.00119,19.98,29.84,12.5196,0.52,0.51,1.77,1.79,2.25257,1.64,1.63,1.41643
M_WUG_A4,M_WUG,11.91389537,51.85297179,centre,654,Central European mixed forests,2022,R,restored,fresh,grazing,6.6,6.3625,6.77,6.8075,244.61,0.36,0.00158,21.4,29.84,83.79993,0.51,0.42,1.61,2.58,2.00287,1.54,1.83,1.38684
M_WUM_A1,M_WUM,11.94306453,51.83665149,centre,654,Central European mixed forests,2022,R,restored,fresh,grazing,5.77,6.4525,6.68,7.04,236.99,0.5,0.0011,14.57,17.53,16.33961,0.5,0.61,1.91,1.62,1.60553,1.59,1.35,1.4942
M_WUM_A2,M_WUM,11.94306453,51.83665149,centre,654,Central European mixed forests,2022,R,restored,fresh,grazing,6.41,6.4525,7.21,7.04,210.74,0.56,0.00181,9.75,6.71,103.81226,0.36,0.77,1.81,1.34,1.56138,1.63,1.56,1.22463
M_WUM_A3,M_WUM,11.94306453,51.83665149,centre,654,Central European mixed forests,2022,R,restored,fresh,grazing,6.79,6.4525,6.95,7.04,221.9,0.57,7.9e-4,11.84,15.93,82.05746,0.51,0.68,2.22,1.48,1.63596,1.42,1.59,1.29148
M_WUM_A4,M_WUM,11.94306453,51.83665149,centre,654,Central European mixed forests,2022,R36,restored,fresh,grazing,6.84,6.4525,7.32,7.04,228.22,0.6,5.6e-4,552.13,10.97,15.53832,0.41,0.56,2.38,1.44,2.2278,1.57,1.57,1.4471
M_WUN_A1,M_WUN,11.91088705,51.85409945,centre,654,Central European mixed forests,2022,V15,negative,fresh,mowing,5.93,6.2475,6.96,7.065,196.91,0.45,0.00333,9.75,11.03,8.15184,0.5,0.88,1.35,1.53,1.39601,1.34,1.69,1.40931
M_WUN_A2,M_WUN,11.91088705,51.85409945,centre,654,Central European mixed forests,2022,V15,negative,fresh,mowing,6.71,6.2475,7.71,7.065,185.21,0.54,0.00219,9.75,11.03,8.23526,0.26,0.44,1.25,1.29,1.20182,1.79,1.78,1.31803
M_WUN_A3,M_WUN,11.91088705,51.85409945,centre,654,Central European mixed forests,2022,V15,negative,fresh,mowing,6.52,6.2475,7.37,7.065,194.56,0.51,0.00253,9.75,93.35,8.23526,0.44,0.73,1.45,1.51,1.26294,1.26,1.34,1.43592
M_WUR_A2,M_WUR,11.95411022,51.83463992,centre,654,Central European mixed forests,2022,R35,positive,moist,mowing,6.45,7.095,6.97,7.02,283.45,0.58,7.3e-4,11.26,29.84,7.6043,0.35,0.12,1.71,1.88,1.54764,1.66,1.86,1.60035
N_AFE_A1,N_AFE,10.60355741,52.57145886,north,664,European Atlantic mixed forests,2023,R22,restored,fresh,both,4.21,4.65,7.49,6.94,263.56,0.64,0.00205,5.41,22.74,28.15501,0.17,0.53,1.26,2.45,1.33167,1.53,1.61,1.69657
N_AFE_A2,N_AFE,10.60355741,52.57145886,north,664,European Atlantic mixed forests,2023,R22,restored,fresh,both,4.69,4.65,6.71,6.94,219,0.41,0.00134,9.22,10.85,28.15501,0.25,0.63,1.53,1.72,1.64073,1.68,1.58,1.65366
N_AFE_A3,N_AFE,10.60355741,52.57145886,north,664,European Atlantic mixed forests,2023,R22,restored,fresh,both,4.69,4.65,6.71,6.94,218.34,0.35,0.00119,9.22,28.82,56.25596,0.26,0.71,1.49,1.92,1.69813,1.58,1.5,1.20278
N_AFE_A4,N_AFE,10.60355741,52.57145886,north,664,European Atlantic mixed forests,2023,R22,restored,fresh,both,5.01,4.65,6.85,6.94,244.75,0.34,0.00121,8.85,99.01,43.30321,0.35,0.6,1.66,2.05,1.92328,1.45,1.36,1.29591
N_ALA_A1,N_ALA,11.63909778,52.99585029,north,664,European Atlantic mixed forests,2022,R22,restored,fresh,mowing,5.2,5.095,6.93,6.84,223.43,0.58,6.2e-4,7.08,12.84,23.04331,0.55,0.67,1.62,1.28,1.59354,1.73,1.49,1.38291
N_ALA_A2,N_ALA,11.63909778,52.99585029,north,664,European Atlantic mixed forests,2022,R22,restored,fresh,mowing,5.06,5.095,6.82,6.84,225.2,0.54,0.00126,14.67,16.31,105.71441,0.49,0.67,1.47,1.33,1.53298,1.4,1.32,1.34504
N_ALA_A3,N_ALA,11.63909778,52.99585029,north,664,European Atlantic mixed forests,2022,R22,restored,fresh,mowing,4.91,5.095,6.91,6.84,223.27,0.56,0.00103,7.68,12.43,10.39223,0.42,0.53,1.55,1.42,1.38643,1.67,1.56,1.45432
N_ALA_A4,N_ALA,11.63909778,52.99585029,north,664,European Atlantic mixed forests,2022,R22,restored,fresh,mowing,5.21,5.095,6.7,6.84,237.83,0.56,0.0011,11.27,12.43,105.71441,0.51,0.53,1.51,1.45,1.43436,1.3,1.5,1.24136
N_ARE_A1,N_ARE,11.41380242,52.90835525,north,664,European Atlantic mixed forests,2022,R22,restored,fresh,mowing,5.35,5.41,7.01,7.0475,265.1,0.36,6.4e-4,5.41,9.78,77.09859,0.29,0.39,1.72,2.08,1.4039,1.5,1.66,1.16462
N_ARE_A2,N_ARE,11.41380242,52.90835525,north,664,European Atlantic mixed forests,2022,R22,restored,fresh,mowing,5.64,5.41,7.14,7.0475,293.57,0.57,6.7e-4,5.41,10.53,17.2144,0.27,0.29,1.57,1.41,1.496,1.58,1.5,1.40637
N_ARE_A3,N_ARE,11.41380242,52.90835525,north,664,European Atlantic mixed forests,2022,R22,restored,fresh,mowing,5.59,5.41,7.16,7.0475,286.03,0.56,6.7e-4,5.41,21.12,16.33961,0.29,0.33,1.63,1.5,1.49901,1.3,1.35,1.54974
N_ARE_A4,N_ARE,11.41380242,52.90835525,north,664,European Atlantic mixed forests,2022,R22,restored,fresh,mowing,5.06,5.41,6.88,7.0475,255.26,0.4,7.5e-4,5.41,10.53,81.2263,0.22,0.37,1.42,1.97,1.40327,1.31,1.43,1.14929
N_BEB_A1,N_BEB,10.58705219,52.56455023,north,664,European Atlantic mixed forests,2022,R22,restored,fresh,both,5.59,5.505,6.69,6.7625,285.43,0.52,0.00104,5.25,9.43,37.27973,0.25,0.43,1.84,1.55,2.19875,1.84,1.61,1.33192
N_BEB_A2,N_BEB,10.58705219,52.56455023,north,664,European Atlantic mixed forests,2022,R22,restored,fresh,both,5.15,5.505,6.67,6.7625,244.8,0.46,0.0015,15.28,9.6,37.27973,0.26,0.55,2,1.48,2.50914,1.23,1.98,1.77328
N_BEB_A3,N_BEB,10.58705219,52.56455023,north,664,European Atlantic mixed forests,2022,R22,restored,fresh,both,5.56,5.505,6.89,6.7625,289.09,0.55,8.5e-4,5.64,9.85,37.27973,0.3,0.35,1.85,1.48,1.98973,1.22,1.24,1.76361
N_BEB_A4,N_BEB,10.58705219,52.56455023,north,664,European Atlantic mixed forests,2022,R22,restored,fresh,both,5.72,5.505,6.8,6.7625,295.42,0.56,8.5e-4,5.41,8.25,26.72425,0.21,0.35,1.73,1.47,1.94195,1.48,1.27,1.61908
N_BEN_A1,N_BEN,10.61579891,52.64595831,north,664,European Atlantic mixed forests,2023,R,negative,fresh,mowing,5.27,5.3025,6.12,6.355,228.22,0.4,0.00356,5.41,10.49,28.15501,0.2,0.19,1.32,1.44,1.68832,1.44,1.31,1.57513
N_BEN_A2,N_BEN,10.61579891,52.64595831,north,664,European Atlantic mixed forests,2023,R,negative,fresh,mowing,5.76,5.3025,6.12,6.355,243.52,0.5,0.00118,5.41,10.49,8.15184,0.19,0.2,1.34,1.57,1.43445,1.56,1.47,1.6885
N_BEN_A3,N_BEN,10.61579891,52.64595831,north,664,European Atlantic mixed forests,2023,R,negative,fresh,mowing,5.27,5.3025,6.07,6.355,226.2,0.4,0.00332,5.41,9.85,28.15501,0.2,0.12,1.3,1.42,1.67122,1.44,1.41,1.76411
N_BIT_A1,N_BIT,9.712489826,54.06746828,north,664,European Atlantic mixed forests,2022,R22,restored,fresh,grazing,4.38,4.795,7.45,6.92,272.17,0.45,2.7e-4,5.64,9.75,10.79376,0.31,0.51,1.59,1.36,1.40256,1.48,1.47,1.73388
N_BIT_A2,N_BIT,9.712489826,54.06746828,north,664,European Atlantic mixed forests,2022,R22,restored,fresh,grazing,4.64,4.795,6.51,6.92,210.01,0.32,9.5e-4,5.64,20.12,10.79376,0.34,0.62,1.57,1.43,1.39627,1.51,1.42,1.4136
N_BIT_A3,N_BIT,9.712489826,54.06746828,north,664,European Atlantic mixed forests,2022,R22,restored,fresh,grazing,5.27,4.795,6.65,6.92,237.1,0.37,6.5e-4,6.27,20.12,37.27973,0.46,0.59,2.05,1.59,1.72244,1.39,1.44,1.54216
N_BIT_A4,N_BIT,9.712489826,54.06746828,north,664,European Atlantic mixed forests,2022,R22,restored,fresh,grazing,4.89,4.795,7.07,6.92,264.05,0.45,4e-4,5.89,9.29,37.27973,0.46,0.49,1.86,1.5,1.65361,1.31,1.55,1.35903
N_BLE_A1,N_BLE,10.74598821,53.33188724,north,664,European Atlantic mixed forests,2023,R22,positive,fresh,mowing,4.34,4.7075,7.46,7.2975,248.59,0.49,2.2e-4,15.28,16.31,10.79376,0.28,0.48,1.97,1.41,1.6218,1.53,1.37,1.62278
N_BLE_A2,N_BLE,10.74598821,53.33188724,north,664,European Atlantic mixed forests,2023,R21,positive,fresh,mowing,4.67,4.7075,7.6,7.2975,269.47,0.38,4.7e-4,28.19,16.56,107.55081,0.25,0.46,1.62,1.37,1.73406,1.3,1.39,1.46404
N_BLE_A3,N_BLE,10.74598821,53.33188724,north,664,European Atlantic mixed forests,2023,R22,positive,fresh,mowing,5,4.7075,6.93,7.2975,244.88,0.49,8.6e-4,15.51,16.31,107.55081,0.46,0.61,1.56,1.39,1.73263,1.35,1.34,1.36151
N_BLE_A4,N_BLE,10.74598821,53.33188724,north,664,European Atlantic mixed forests,2023,R22,positive,fresh,mowing,4.82,4.7075,7.2,7.2975,248.77,0.44,4.9e-4,15.28,16.31,107.55081,0.5,0.38,2.09,1.23,2.21627,1.51,1.25,1.30312
N_BLU_A1,N_BLU,11.15186993,52.90365006,north,664,European Atlantic mixed forests,2022,R,restored,fresh,mowing,5.34,4.5525,7.71,7.2675,278.51,0.97,0.00193,19.91,22.74,9.13686,0.38,0.4,1.22,1.58,1.34599,1.28,1.42,1.51797
N_BLU_A2,N_BLU,11.15186993,52.90365006,north,664,European Atlantic mixed forests,2022,R,restored,fresh,mowing,4.13,4.5525,7.09,7.2675,210.17,0.53,8.8e-4,19.91,22.74,17.8919,0.12,0.22,1.45,1.37,1.18404,1.48,1.51,1.53787
N_BLU_A3,N_BLU,11.15186993,52.90365006,north,664,European Atlantic mixed forests,2022,R,restored,fresh,mowing,4.19,4.5525,6.87,7.2675,199.5,0.45,6.3e-4,19.91,22.74,17.8919,0.16,0.22,1.2,1.44,1.28144,1.42,1.72,1.59354
N_BLU_A4,N_BLU,11.15186993,52.90365006,north,664,European Atlantic mixed forests,2022,R,restored,fresh,mowing,4.55,4.5525,7.4,7.2675,239.73,0.49,7.2e-4,19.91,22.74,55.13342,0.33,0.55,1.65,1.55,1.54181,1.37,1.38,1.31959
N_BRD_A1,N_BRD,11.4258011,53.05071543,north,664,European Atlantic mixed forests,2022,R22,restored,fresh,both,5.7,5.87,7.21,6.9825,277.3,0.62,5e-4,9.3,27.24,122.80795,0.41,0.38,2.05,1.27,1.37926,1.67,1.56,1.48114
N_BRD_A2,N_BRD,11.4258011,53.05071543,north,664,European Atlantic mixed forests,2022,R,restored,fresh,both,6.09,5.87,6.99,6.9825,296,0.68,4.5e-4,7.94,29.33,11.39411,0.13,0.04,1.84,1.12,1.2926,1.51,1.78,1.57973
N_BRD_A3,N_BRD,11.4258011,53.05071543,north,664,European Atlantic mixed forests,2022,R22,restored,fresh,both,5.44,5.87,7.13,6.9825,283.12,0.61,5.5e-4,9.3,13.83,11.92942,0.57,0.38,1.86,1.23,1.4104,1.61,1.36,1.41377
N_BRD_A4,N_BRD,11.4258011,53.05071543,north,664,European Atlantic mixed forests,2022,R,restored,fresh,both,6.25,5.87,6.6,6.9825,282.01,0.54,5.9e-4,7.01,8.72,11.39411,0.3,0.52,1.52,1.49,1.4103,1.42,1.63,1.66557
N_BRE_A1,N_BRE,10.66332693,53.60182733,north,664,European Atlantic mixed forests,2022,R21,restored,dry,mowing,3.68,4.03,7.44,7.29,235.79,0.3,8.3e-4,10.73,13.04,12.8461,0.33,0.53,1.8,1.93,1.59645,1.71,1.64,1.36635
N_BRE_A2,N_BRE,10.66332693,53.60182733,north,664,European Atlantic mixed forests,2022,R22,restored,dry,mowing,4.36,4.03,7.27,7.29,236.85,0.41,8.3e-4,10.73,19.38,12.09802,0.26,0.42,1.87,1.53,1.87287,1.77,1.75,1.66297
N_BRE_A3,N_BRE,10.66332693,53.60182733,north,664,European Atlantic mixed forests,2022,R,restored,dry,mowing,3.84,4.03,7.17,7.29,202.29,0.29,0.00168,12.42,21.12,14.49394,0.28,0.3,2.04,1.8,1.87018,1.61,1.41,1.42353
N_BRE_A4,N_BRE,10.66332693,53.60182733,north,664,European Atlantic mixed forests,2022,R,restored,dry,mowing,4.24,4.03,7.28,7.29,191.62,0.34,0.00168,12.42,13.04,44.6627,0.33,0.47,1.74,1.96,1.77632,1.62,1.61,1.68964
N_BRO_A1,N_BRO,10.66569268,53.46791394,north,664,European Atlantic mixed forests,2023,R,restored,dry,grazing,3.65,3.645,7.18,7.3675,223.7,0.22,3.2e-4,14.6,37.67,34.39574,0.32,0.32,2.03,2.69,1.68114,1.53,1.69,1.42406
N_BRO_A2,N_BRO,10.66569268,53.46791394,north,664,European Atlantic mixed forests,2023,R,restored,dry,grazing,3.9,3.645,7.13,7.3675,207.62,0.11,2.6e-4,14.6,37.67,26.47623,0.12,0.21,1.51,3.13,1.30127,1.65,1.7,1.48408
N_BRO_A3,N_BRO,10.66569268,53.46791394,north,664,European Atlantic mixed forests,2023,R1P,restored,dry,grazing,3.29,3.645,7.75,7.3675,214.61,0.14,2.7e-4,14.6,37.67,27.30745,0.46,0.74,1.55,2.53,1.506,1.59,1.57,1.55716
N_BRO_A4,N_BRO,10.66569268,53.46791394,north,664,European Atlantic mixed forests,2023,R1P,restored,dry,grazing,3.74,3.645,7.41,7.3675,217,0.15,2.9e-4,14.6,37.67,44.6627,0.29,0.49,1.73,2.95,1.4983900000000001,1.41,1.36,1.35718
N_BU2_A1,N_BU2,9.766568712,54.09996863,north,664,European Atlantic mixed forests,2022,R,negative,moist,grazing,6.23,6.3275,7.55,7.045,275.94,0.53,6.1e-4,27.13,27.24,11.46119,0.51,0.63,1.51,1.43,1.86132,1.38,1.54,1.85817
N_BU2_A3,N_BU2,9.766568712,54.09996863,north,664,European Atlantic mixed forests,2022,R,negative,moist,grazing,5.87,6.3275,6.66,7.045,289.2,0.57,7.2e-4,9.75,14.55,7.73759,0.24,0.46,1.74,1.47,1.84659,1.27,1.55,1.81282
N_BU2_A4,N_BU2,9.766568712,54.09996863,north,664,European Atlantic mixed forests,2022,R,negative,moist,grazing,5.81,6.3275,6.79,7.045,303.14,0.58,5.7e-4,8.76,27.24,9.31037,0.2,0.33,1.59,1.5,1.59208,1.67,1.71,1.73607
N_CAM_A1,N_CAM,9.825099354,53.15047911,north,664,European Atlantic mixed forests,2023,R21,positive,dry,grazing,3.93,3.93,7.41,7.44,182.66,0.29,0.00367,10.73,33.62,22.8152,0.07,0.46,1.59,1.81,1.86565,1.48,1.54,1.61044
N_CAM_A2,N_CAM,9.825099354,53.15047911,north,664,European Atlantic mixed forests,2023,R21,positive,dry,grazing,4.11,3.93,7.48,7.44,187.3,0.29,0.00326,12.42,33.62,14.49394,0.13,0.45,1.68,1.75,1.85421,1.78,1.34,1.72908
N_CAM_A3,N_CAM,9.825099354,53.15047911,north,664,European Atlantic mixed forests,2023,R21,positive,dry,grazing,4.11,3.93,7.49,7.44,178.5,0.29,0.00426,10.73,33.62,16.42974,0.13,0.47,1.56,1.73,1.57416,1.75,1.33,1.49869
N_CNI_A1,N_CNI,10.85101826,53.24958879,north,664,European Atlantic mixed forests,2023,R22,restored,moist,both,4.58,4.3925,6.81,6.8175,288.48,0.4,2.3e-4,52.57,121.9,12.90401,0.31,0.36,1.92,1.27,2.34678,1.46,1.31,1.85909
N_CNI_A2,N_CNI,10.85101826,53.24958879,north,664,European Atlantic mixed forests,2023,R22,restored,moist,both,4.86,4.3925,6.59,6.8175,260.59,0.36,6.3e-4,15.66,121.9,16.28803,0.16,0.5,1.95,1.35,2.99262,1.61,1.41,1.63081
N_CNI_A3,N_CNI,10.85101826,53.24958879,north,664,European Atlantic mixed forests,2023,R22,restored,moist,both,4.15,4.3925,6.84,6.8175,280.76,0.35,3.6e-4,28.19,28.78,15.96302,0.25,0.44,1.74,1.49,2.54276,1.32,1.39,1.39017
N_CNI_A4,N_CNI,10.85101826,53.24958879,north,664,European Atlantic mixed forests,2023,R22,restored,moist,both,3.98,4.3925,7.03,6.8175,278.1,0.39,2.9e-4,274.98,37.25,33.7094,0.39,0.41,1.93,1.48,2.44852,1.23,1.56,1.66097
N_DAM_A1,N_DAM,11.13755266,53.12415583,north,664,European Atlantic mixed forests,2022,R,restored,fresh,mowing,4,4.335,8,7.9875,280.29,1.18,0.00257,5.47,4.53,1.5828,0,0,1.05,1.03,1.00974,1,1.03,1.05088
N_DAM_A2,N_DAM,11.13755266,53.12415583,north,664,European Atlantic mixed forests,2022,R22,restored,fresh,mowing,4.5,4.335,7.99,7.9875,281.83,1.17,0.00256,6.33,21.12,2.47788,0.25,0.02,1.02,1.05,1.01443,1.35,1.91,1.69091
N_DAM_A3,N_DAM,11.13755266,53.12415583,north,664,European Atlantic mixed forests,2022,R,restored,fresh,mowing,4.55,4.335,7.98,7.9875,272.34,1.13,0.00248,6.33,21.12,2.54718,0.25,0.03,1.21,1.14,1.04541,1.28,1.44,1.39402
N_DAM_A4,N_DAM,11.13755266,53.12415583,north,664,European Atlantic mixed forests,2022,R22,restored,fresh,mowing,4.29,4.335,7.98,7.9875,279.95,1.15,0.00251,6.33,21.12,2.47788,0.21,0.04,1.05,1.1,1.03154,1.45,1.81,1.53254
N_DUM_A3,N_DUM,10.96713715,52.90104063,north,664,European Atlantic mixed forests,2023,R22,positive,moist,mowing,6.36,6.4675,6.56,6.9875,270.46,0.49,6e-4,13.29,13.88,78.95584,0.41,0.52,1.7,1.7,1.71335,1.61,1.47,1.41392
N_DUM_A4,N_DUM,10.96713715,52.90104063,north,664,European Atlantic mixed forests,2023,R22,positive,moist,mowing,6,6.4675,6.83,6.9875,261.46,0.44,8.5e-4,25.39,22.95,78.95584,0.3,0.39,1.79,1.74,1.61196,1.56,1.5,1.511
N_EIC_A1,N_EIC,9.966582081,53.15894547,north,664,European Atlantic mixed forests,2023,R,restored,dry,both,3.94,4.6675,7.57,7.395,208.3,0.35,5e-4,11.04,37.18,20.86789,0.37,0.47,1.82,1.82,1.96323,1.41,1.43,1.56625
N_EIC_A2,N_EIC,9.966582081,53.15894547,north,664,European Atlantic mixed forests,2023,R22,restored,dry,both,4.92,4.6675,7.3,7.395,245.16,0.41,3.8e-4,11.04,49.47,20.86789,0.4,0.44,2.29,1.65,1.77851,1.54,1.52,1.28762
N_EIC_A3,N_EIC,9.966582081,53.15894547,north,664,European Atlantic mixed forests,2023,R,restored,dry,both,4.78,4.6675,7.32,7.395,194.98,0.32,0.0014,10.73,21.16,12.09802,0.37,0.43,1.98,1.97,2.33929,1.62,1.59,1.53032
N_EIC_A4,N_EIC,9.966582081,53.15894547,north,664,European Atlantic mixed forests,2023,R,restored,dry,both,5.03,4.6675,7.39,7.395,224.25,0.39,5.2e-4,10.73,28.16,12.09802,0.28,0.48,2.1,1.84,1.89218,1.61,1.57,1.6081
N_ELB_A1,N_ELB,11.21872812,53.12500769,north,664,European Atlantic mixed forests,2023,R22,restored,fresh,grazing,4.76,4.7425,7.04,7.215,217.53,0.65,9.5e-4,8.65,21.12,10.15553,0.26,0.36,1.53,1.58,1.52073,1.64,1.3,1.24927
N_ELB_A2,N_ELB,11.21872812,53.12500769,north,664,European Atlantic mixed forests,2023,R22,restored,fresh,grazing,4.53,4.7425,7.19,7.215,230.09,0.62,0.00117,8.65,21.12,18.12448,0.3,0.46,1.66,1.81,1.41763,1.64,1.24,1.1894
N_ELB_A3,N_ELB,11.21872812,53.12500769,north,664,European Atlantic mixed forests,2023,R22,restored,fresh,grazing,4.99,4.7425,7.21,7.215,232.64,0.74,0.00111,8.65,21.12,15.91931,0.2,0.44,1.52,1.65,1.43357,1.79,1.54,1.37291
N_ELB_A4,N_ELB,11.21872812,53.12500769,north,664,European Atlantic mixed forests,2023,R22,restored,fresh,grazing,4.69,4.7425,7.42,7.215,234.57,0.81,0.00132,7.74,21.12,6.58921,0.26,0.49,1.65,1.7,1.41556,1.65,1.54,1.46275
N_FLA_A1,N_FLA,10.30145646,53.28602734,north,664,European Atlantic mixed forests,2023,?,negative,moist,mowing,6.99,6.9425,6.19,6.3,191.64,0.55,0.00427,18.48,12.12,6.16793,0.01,0.33,1.37,1.28,1.27498,1.38,1.5,1.14085
N_FLA_A2,N_FLA,10.30145646,53.28602734,north,664,European Atlantic mixed forests,2023,R,negative,moist,mowing,7,6.9425,6.65,6.3,186.16,0.64,0.00215,24.06,3.75,10.32975,0,0.79,1.9,1.54,1.93957,2.07,1.61,1.1858
N_FLA_A3,N_FLA,10.30145646,53.28602734,north,664,European Atlantic mixed forests,2023,R,negative,moist,mowing,7,6.9425,6,6.3,206.38,0.5,0.00494,4.54,4.8,6.46111,0,0,1.12,1.11,1.12924,1.61,1.55,1.30593
N_FLA_A4,N_FLA,10.30145646,53.28602734,north,664,European Atlantic mixed forests,2023,R,negative,moist,mowing,6.78,6.9425,6.36,6.3,225.92,0.53,0.00297,4.86,4.8,114.20122,0.18,0.49,1.56,1.12,1.59886,1.25,1.41,1.56039
N_GAM_A1,N_GAM,10.54880198,52.51725778,north,664,European Atlantic mixed forests,2022,R,restored,fresh,both,5.41,5.3025,6.78,6.835,261.23,0.45,0.00104,19.4,11.32,26.72425,0.27,0.52,1.8,1.78,1.70957,1.52,1.66,1.45552
N_GAM_A2,N_GAM,10.54880198,52.51725778,north,664,European Atlantic mixed forests,2022,R,restored,fresh,both,5.14,5.3025,6.73,6.835,254.48,0.45,0.00137,5.41,10.49,28.15501,0.24,0.49,1.64,1.65,1.6618,1.47,1.43,1.83201
N_GAM_A3,N_GAM,10.54880198,52.51725778,north,664,European Atlantic mixed forests,2022,R,restored,fresh,both,5.37,5.3025,7.05,6.835,289.63,0.54,8.8e-4,5.41,10.49,28.15501,0.35,0.31,1.56,1.41,1.71412,1.57,1.57,1.62978
N_GAM_A4,N_GAM,10.54880198,52.51725778,north,664,European Atlantic mixed forests,2022,R,restored,fresh,both,5.29,5.3025,6.78,6.835,262.5,0.48,0.00124,29.67,15.66,19.4507,0.36,0.45,1.53,1.61,1.69366,1.79,1.69,1.73438
N_GAR_A1,N_GAR,10.65708759,53.33546428,north,664,European Atlantic mixed forests,2022,R,restored,fresh,mowing,5.07,5.21,7.71,7.6,301.4,0.27,6e-4,5.41,9.15,128.57767,0.07,0.41,1.22,1.35,1.13769,1.27,1.78,1.34064
N_GAR_A2,N_GAR,10.65708759,53.33546428,north,664,European Atlantic mixed forests,2022,R,restored,fresh,mowing,5.11,5.21,7.71,7.6,306.22,0.27,6e-4,5.04,9.15,77.09859,0.1,0.4,1.17,1.44,1.12187,1.57,1.57,1.26919
N_GAR_A3,N_GAR,10.65708759,53.33546428,north,664,European Atlantic mixed forests,2022,R,restored,fresh,mowing,5.2,5.21,7.76,7.6,298.5,0.3,7.3e-4,5.04,9.15,10.39223,0.17,0.35,1.24,1.65,1.28833,1.19,1.68,1.71215
N_GAR_A4,N_GAR,10.65708759,53.33546428,north,664,European Atlantic mixed forests,2022,R,restored,fresh,mowing,5.46,5.21,7.22,7.6,290.25,0.43,6.4e-4,5.04,9.94,30.7896,0.27,0.52,1.37,2.08,1.35547,1.32,1.3,1.32501
N_GBI_A1,N_GBI,11.21682835,52.89239537,north,664,European Atlantic mixed forests,2022,R22,positive,moist,mowing,5.29,5.23,6.86,6.8775,265.1,0.42,7.1e-4,9.22,93.35,44.56815,0.5,0.44,1.66,1.93,1.60657,1.65,1.49,1.3207
N_GBI_A3,N_GBI,11.21682835,52.89239537,north,664,European Atlantic mixed forests,2022,R22,positive,moist,mowing,4.7,5.23,7.02,6.8775,244.45,0.5,7.3e-4,9.75,22.74,81.2263,0.42,0.39,1.8,1.61,1.68908,1.43,1.68,1.45346
N_GUT_A1,N_GUT,10.7350907,53.17096801,north,664,European Atlantic mixed forests,2023,R,restored,fresh,mowing,4.98,5.255,7.3,7.16,247.14,0.41,0.00121,8.28,12.43,77.09859,0.23,0.5,1.53,1.59,1.577,1.54,1.36,1.34138
N_GUT_A2,N_GUT,10.7350907,53.17096801,north,664,European Atlantic mixed forests,2023,R,restored,fresh,mowing,5.56,5.255,6.95,7.16,274.05,0.54,8.5e-4,8.84,108.69,118.64473,0.37,0.21,1.64,1.45,1.67134,1.48,1.18,1.41823
N_GUT_A3,N_GUT,10.7350907,53.17096801,north,664,European Atlantic mixed forests,2023,R,restored,fresh,mowing,5.68,5.255,7.13,7.16,262.27,0.51,0.00163,8.32,27.24,128.57767,0.41,0.54,1.56,1.44,1.81986,1.57,1.44,1.47613
N_GUT_A4,N_GUT,10.7350907,53.17096801,north,664,European Atlantic mixed forests,2023,R,restored,fresh,mowing,4.8,5.255,7.26,7.16,240.31,0.36,0.00138,9.22,23.85,81.2263,0.26,0.68,1.73,1.6,1.58297,1.57,1.38,1.50214
N_HAI_A1,N_HAI,9.734085864,53.59957298,north,664,European Atlantic mixed forests,2022,R35,restored,moist,grazing,6.12,6.195,7.22,6.6425,277.32,0.53,8.3e-4,29.11,30.21,7.73759,0.12,0.67,1.45,1.36,1.5613,1.23,1.34,2.03436
N_HAI_A2,N_HAI,9.734085864,53.59957298,north,664,European Atlantic mixed forests,2022,R,restored,moist,grazing,6.31,6.195,6.4,6.6425,294.53,0.62,4.2e-4,24.06,23.1,26.72425,0.23,0.46,1.4,1.13,1.42059,1.25,1.27,1.20859
N_HAI_A3,N_HAI,9.734085864,53.59957298,north,664,European Atlantic mixed forests,2022,R,restored,moist,grazing,6.27,6.195,6.22,6.6425,274.22,0.55,5.7e-4,5.04,9.15,12.90401,0.26,0.32,1.35,1.44,1.50752,1.19,1.36,1.15591
N_HAI_A4,N_HAI,9.734085864,53.59957298,north,664,European Atlantic mixed forests,2022,R,restored,moist,grazing,6.08,6.195,6.73,6.6425,317.72,0.66,3.9e-4,3.72,9.15,6.67183,0.07,0.36,1.32,1.05,1.18519,1.24,1.37,1.20187
N_HOH_A1,N_HOH,11.41839008,53.07004693,north,664,European Atlantic mixed forests,2023,R,restored,dry,both,4.67,4.6525,7.86,7.6375,226.76,0.39,5.6e-4,8.8,53.27,64.30386,0.29,0.24,1.57,1.63,2.3821,1.65,1.55,1.66167
N_HOH_A2,N_HOH,11.41839008,53.07004693,north,664,European Atlantic mixed forests,2023,V38,restored,dry,both,4.73,4.6525,7.54,7.6375,208.14,0.71,3.8e-4,15.28,53.27,51.76858,0.23,0.5,2.05,1.96,2.04964,1.46,1.41,1.66673
N_HOH_A3,N_HOH,11.41839008,53.07004693,north,664,European Atlantic mixed forests,2023,R22,restored,dry,both,4.85,4.6525,7.59,7.6375,267.02,0.43,4.5e-4,15.72,68.71,64.30386,0.2,0.44,1.87,1.34,2.74789,1.51,1.46,1.61377
N_HOH_A4,N_HOH,11.41839008,53.07004693,north,664,European Atlantic mixed forests,2023,R22,restored,dry,both,4.36,4.6525,7.56,7.6375,246.54,0.34,4.8e-4,10.73,53.27,56.25596,0.35,0.45,1.97,1.88,2.65241,1.51,1.56,1.61527
N_HOR_A1,N_HOR,10.18559932,53.09655483,north,664,European Atlantic mixed forests,2022,V,restored,dry,mowing,6.01,4.8225,7.67,7.2025,261.26,0.62,2.3e-4,4.57,29.04,10.58664,0.67,0.42,1.65,1.3,2.09982,1.58,1.66,1.46292
N_HOR_A2,N_HOR,10.18559932,53.09655483,north,664,European Atlantic mixed forests,2022,R22,restored,dry,mowing,4.95,4.8225,7.01,7.2025,287.58,0.47,4.5e-4,5.38,29.04,16.23608,0.46,0.18,1.53,1.77,1.87254,1.39,1.29,1.65394
N_HOR_A3,N_HOR,10.18559932,53.09655483,north,664,European Atlantic mixed forests,2022,V37,restored,dry,mowing,3.93,4.8225,7.08,7.2025,232.27,0.55,0.00187,3.37,63.42,7.52981,0.26,0.21,1.18,2.08,1.47892,1.61,1.37,1.76904
N_HOR_A4,N_HOR,10.18559932,53.09655483,north,664,European Atlantic mixed forests,2022,V15,restored,dry,mowing,4.4,4.8225,7.05,7.2025,234.55,0.68,0.00177,2.94,28.82,12.26208,0.25,0.21,1.09,1.49,1.60721,1.49,1.45,1.5595
N_HOY_A1,N_HOY,11.16556556,52.8977337,north,664,European Atlantic mixed forests,2022,R,restored,moist,both,5.46,5.69,7.81,7.8575,249.63,0.52,0.00169,5.62,10.49,5.16397,0.27,0.27,1.11,1.19,1.17071,1.58,1.31,1.27791
N_HOY_A2,N_HOY,11.16556556,52.8977337,north,664,European Atlantic mixed forests,2022,R,restored,moist,both,5.49,5.69,7.93,7.8575,263.01,0.43,0.00147,4.97,10.49,4.83619,0.27,0.12,1.26,1.46,1.27621,1.38,1.74,1.04241
N_HOY_A3,N_HOY,11.16556556,52.8977337,north,664,European Atlantic mixed forests,2022,R,restored,moist,both,6.34,5.69,7.91,7.8575,205.21,0.56,0.00205,4.97,10.49,4.83619,0.4,0.15,1.62,1.18,1.12926,1.36,1.56,1.53156
N_HOY_A4,N_HOY,11.16556556,52.8977337,north,664,European Atlantic mixed forests,2022,R,restored,moist,both,5.47,5.69,7.78,7.8575,254.8,0.43,0.00112,5.62,5.74,4.90155,0.37,0.31,1.56,1.83,1.34754,1.27,1.17,1.13805
N_ISE_A1,N_ISE,10.61617118,52.58565925,north,664,European Atlantic mixed forests,2022,R21,positive,dry,both,4.5,4.6375,7.14,7.3125,223.42,0.42,0.00093000000000000005,5.64,10.49,11.90714,0.29,0.63,1.73,1.53,1.86059,1.48,1.45,1.80879
N_ISE_A2,N_ISE,10.61617118,52.58565925,north,664,European Atlantic mixed forests,2022,R22,positive,dry,both,5.04,4.6375,7.16,7.3125,279.49,0.52,4.9e-4,9.6,11.32,10.79376,0.33,0.32,1.86,1.42,2.18169,1.37,1.27,1.91446
N_ISE_A3,N_ISE,10.61617118,52.58565925,north,664,European Atlantic mixed forests,2022,R22,positive,dry,both,4.36,4.6375,7.49,7.3125,221.46,0.43,0.00218,5.64,12.18,37.27973,0.28,0.56,1.74,1.24,1.97593,1.52,1.31,1.36591
N_ISE_A4,N_ISE,10.61617118,52.58565925,north,664,European Atlantic mixed forests,2022,R21,positive,dry,both,4.65,4.6375,7.46,7.3125,209.41,0.4,0.00135,5.64,10.49,10.79376,0.23,0.67,1.23,1.32,2.23645,1.77,1.85,1.71756
N_JAS_A1,N_JAS,10.76861238,53.31423676,north,664,European Atlantic mixed forests,2023,R21,restored,fresh,mowing,4.21,4.2875,6.9,7.3125,229.76,0.37,0.00108,7.72,11.16,17.91084,0.17,0.76,1.53,1.79,1.76994,1.52,1.45,1.42239
N_JAS_A2,N_JAS,10.76861238,53.31423676,north,664,European Atlantic mixed forests,2023,R21,restored,fresh,mowing,4.31,4.2875,7.55,7.3125,222.87,0.49,0.00251,10.3,8.37,10.15553,0.23,0.46,1.67,1.35,1.50129,1.66,1.39,1.72317
N_JAS_A3,N_JAS,10.76861238,53.31423676,north,664,European Atlantic mixed forests,2023,R22,restored,fresh,mowing,4.27,4.2875,7.46,7.3125,211.83,0.44,0.00371,10.3,13.76,11.31968,0.22,0.5,1.66,1.47,1.59128,1.71,1.47,1.67802
N_JAS_A4,N_JAS,10.76861238,53.31423676,north,664,European Atlantic mixed forests,2023,R22,restored,fresh,mowing,4.36,4.2875,7.34,7.3125,237.72,0.58,0.00177,10.89,13.76,10.56214,0.26,0.45,1.55,1.48,1.70002,1.79,1.72,1.80922
N_KAP_A1,N_KAP,11.50973785,53.02310201,north,664,European Atlantic mixed forests,2023,R,restored,fresh,mowing,5.01,5.3875,7.38,6.745,256.02,0.53,0.00183,5.64,9.96,107.55081,0.19,0.65,1.3,1.4,1.25244,1.45,1.75,1.4937
N_KAP_A2,N_KAP,11.50973785,53.02310201,north,664,European Atlantic mixed forests,2023,R22,restored,fresh,mowing,5.23,5.3875,6.64,6.745,228.11,0.41,0.00122,5.64,21.12,14.49693,0.3,0.64,1.66,1.8,1.38909,1.74,1.68,1.73554
N_KAP_A3,N_KAP,11.50973785,53.02310201,north,664,European Atlantic mixed forests,2023,R22,restored,fresh,mowing,5.8,5.3875,6.53,6.745,256,0.38,3.9e-4,5.64,43.6,14.49693,0.39,0.49,2.13,1.47,2.16848,1.7,1.34,1.52063
N_KAP_A4,N_KAP,11.50973785,53.02310201,north,664,European Atlantic mixed forests,2023,R22,restored,fresh,mowing,5.51,5.3875,6.43,6.745,237.49,0.37,5.7e-4,9.6,10.74,107.55081,0.48,0.49,2.02,1.53,1.91426,1.55,1.46,1.38156
N_KIR_A2,N_KIR,10.16907367,53.42338413,north,664,European Atlantic mixed forests,2022,R22,positive,moist,both,4.91,5.165,7.04,7.1225,230.59,0.48,0.00263,5.64,5.74,122.80795,0.33,0.65,1.49,1.38,1.8473,1.43,1.39,1.60688
N_KIR_A3,N_KIR,10.16907367,53.42338413,north,664,European Atlantic mixed forests,2022,R22,positive,moist,both,4.94,5.165,7.22,7.1225,233.95,0.48,0.00175,13.12,7.33,107.55081,0.45,0.6,1.81,1.43,1.78941,1.34,1.71,1.30485
N_KIR_A4,N_KIR,10.16907367,53.42338413,north,664,European Atlantic mixed forests,2022,R22,positive,moist,both,4.46,5.165,7.24,7.1225,205.91,0.42,0.00336,7.31,5.11,107.55081,0.35,0.76,1.36,1.26,1.57313,1.43,1.49,1.38892
N_KRI_A1,N_KRI,11.28477841,52.8908079,north,664,European Atlantic mixed forests,2022,R,restored,fresh,mowing,5.82,5.67,7.58,7.325,245.82,0.43,0.0018,10.3,9.85,9.13686,0.15,0.57,1.2,1.32,1.33534,1.62,1.3,1.75406
N_KRI_A2,N_KRI,11.28477841,52.8908079,north,664,European Atlantic mixed forests,2022,R,restored,fresh,mowing,5.8,5.67,7.56,7.325,228.23,0.39,0.00184,10.3,9.85,9.13686,0.16,0.57,1.49,1.56,1.39414,1.25,1.68,1.33058
N_KRI_A3,N_KRI,11.28477841,52.8908079,north,664,European Atlantic mixed forests,2022,R,restored,fresh,mowing,5.46,5.67,6.95,7.325,217.19,0.32,6.5e-4,10.3,9.85,9.13686,0.26,0.87,1.47,1.76,2.11366,1.32,1.53,1.43168
N_KRI_A4,N_KRI,11.28477841,52.8908079,north,664,European Atlantic mixed forests,2022,R,restored,fresh,mowing,5.6,5.67,7.21,7.325,227.88,0.36,0.00093000000000000005,10.3,20.12,9.13686,0.24,0.81,1.47,1.72,1.93805,1.51,1.39,1.48157
N_LUB_A1,N_LUB,11.1899045,52.90165593,north,664,European Atlantic mixed forests,2023,R,restored,fresh,mowing,4.59,4.7625,6.74,6.8975,224.15,0.41,0.00106,5.72,37.25,15.96302,0.28,0.66,1.54,1.83,2.17939,1.67,1.5,1.67031
N_LUB_A2,N_LUB,11.1899045,52.90165593,north,664,European Atlantic mixed forests,2023,R22,restored,fresh,mowing,4.85,4.7625,6.8,6.8975,255.79,0.42,0.00213,9.88,68.36,162.29662,0.41,0.31,1.39,1.35,1.42436,1.37,1.19,1.36245
N_LUB_A3,N_LUB,11.1899045,52.90165593,north,664,European Atlantic mixed forests,2023,R22,restored,fresh,mowing,4.77,4.7625,7.14,6.8975,248.06,0.42,8.6e-4,7.5,157.79,16.28803,0.41,0.44,1.44,1.4,1.60376,1.6,1.31,1.4645
N_LUB_A4,N_LUB,11.1899045,52.90165593,north,664,European Atlantic mixed forests,2023,R,restored,fresh,mowing,4.84,4.7625,6.91,6.8975,234.38,0.44,0.00121,4.7,22.74,16.28803,0.18,0.6,1.57,2.16,1.86738,1.28,1.75,1.36168
N_MAU_A1,N_MAU,11.04525958,53.09223625,north,664,European Atlantic mixed forests,2023,R22,restored,dry,mowing,4.17,4.175,7.34,7.1775,230.87,0.21,7.3e-4,10.73,37.67,37.27973,0.14,0.46,1.85,3.55,2.514,1.58,1.61,1.39868
N_MAU_A2,N_MAU,11.04525958,53.09223625,north,664,European Atlantic mixed forests,2023,R,restored,dry,mowing,4.03,4.175,7.06,7.1775,226.58,0.13,2.5e-4,5.64,37.54,44.56815,0.08,0.2,1.85,3.54,1.42654,1.61,1.48,1.61935
N_MAU_A3,N_MAU,11.04525958,53.09223625,north,664,European Atlantic mixed forests,2023,R22,restored,dry,mowing,4.17,4.175,7.15,7.1775,232.44,0.18,3.6e-4,7.05,37.54,37.27973,0.16,0.33,1.96,3.96,1.87947,1.57,1.41,1.5219
N_MAU_A4,N_MAU,11.04525958,53.09223625,north,664,European Atlantic mixed forests,2023,R22,restored,dry,mowing,4.33,4.175,7.16,7.1775,285.17,0.29,2e-4,10.73,37.67,37.27973,0.23,0.28,1.87,2.38,1.86409,1.6,1.62,1.50832
N_MEC_A1,N_MEC,10.31390512,53.29404852,north,664,European Atlantic mixed forests,2023,R,negative,fresh,mowing,4.86,4.83,7.83,7.7875,261.34,0.52,0.00201,3.56,16.47,7.73759,0.12,0.26,1.12,1.09,1.0526199999999999,1.54,1.51,1.51151
N_MEC_A2,N_MEC,10.31390512,53.29404852,north,664,European Atlantic mixed forests,2023,R,negative,fresh,mowing,4.91,4.83,7.88,7.7875,261.22,0.53,0.00199,5.04,9.94,18.46227,0.09,0.19,1.09,1.05,1.03691,1.3,1.2,1.38102
N_MEC_A3,N_MEC,10.31390512,53.29404852,north,664,European Atlantic mixed forests,2023,R,negative,fresh,mowing,4.76,4.83,7.74,7.7875,266.55,0.53,0.00204,3.4,16.47,6.42177,0.18,0.35,1.17,1.08,1.07473,1.23,1.6,1.26396
N_MEC_A4,N_MEC,10.31390512,53.29404852,north,664,European Atlantic mixed forests,2023,R,negative,fresh,mowing,4.79,4.83,7.7,7.7875,266.32,0.53,0.00202,5.04,5.9,7.1532,0.19,0.39,1.18,1.09,1.08218,1.52,1.45,1.20706
N_MOO_A1,N_MOO,10.65701565,53.58911462,north,664,European Atlantic mixed forests,2023,R22,restored,fresh,mowing,4.36,4.41,7.14,7.1225,207.27,0.4,0.00283,30.77,26.77,18.46227,0.27,0.76,1.34,1.3,1.70744,1.42,1.41,1.38019
N_MOO_A2,N_MOO,10.65701565,53.58911462,north,664,European Atlantic mixed forests,2023,R22,restored,fresh,mowing,4.39,4.41,7.14,7.1225,212.03,0.4,0.00192,11.18,28.82,19.4507,0.27,0.68,1.48,1.47,1.68409,1.72,1.24,1.62555
N_MOO_A3,N_MOO,10.65701565,53.58911462,north,664,European Atlantic mixed forests,2023,R22,restored,fresh,mowing,4.35,4.41,7.09,7.1225,209.26,0.38,0.00176,9.22,21.12,16.61953,0.26,0.76,1.5,1.53,1.53662,1.61,1.25,1.30709
N_MOO_A4,N_MOO,10.65701565,53.58911462,north,664,European Atlantic mixed forests,2023,R22,restored,fresh,mowing,4.54,4.41,7.12,7.1225,219.76,0.4,0.00195,11.18,12.43,18.46227,0.31,0.72,1.56,1.47,1.71694,1.55,1.46,1.38707
N_NLG_A1,N_NLG,11.09491762,53.07630186,north,664,European Atlantic mixed forests,2023,R,restored,moist,mowing,5.65,6.4025,6.75,6.92,266.03,0.49,0.00175,5.04,16.04,10.39223,0.3,0.51,1.63,1.53,1.98021,1.52,1.68,1.80775
N_NLG_A2,N_NLG,11.09491762,53.07630186,north,664,European Atlantic mixed forests,2023,Qb,restored,moist,mowing,7.56,6.4025,7.1,6.92,189.11,1.02,4.5e-4,27.13,7.72,10.53338,0.52,0.66,2.25,1.52,1.67029,1.41,1.81,1.53743
N_NLG_A3,N_NLG,11.09491762,53.07630186,north,664,European Atlantic mixed forests,2023,R35,restored,moist,mowing,6.27,6.4025,6.89,6.92,302.57,0.58,6.9e-4,5.04,16.04,10.39223,0.26,0.24,1.47,1.35,1.58518,1.3,1.83,1.75117
N_NLG_A4,N_NLG,11.09491762,53.07630186,north,664,European Atlantic mixed forests,2023,R35,restored,moist,mowing,6.13,6.4025,6.94,6.92,303.78,0.59,6.7e-4,3.72,14.29,8.96083,0.14,0.25,1.47,1.3,1.55402,1.3,1.25,1.72459
N_OCH_A1,N_OCH,10.37203967,53.27486287,north,664,European Atlantic mixed forests,2023,R,restored,dry,mowing,2.61,3.95,8.38,7.7625,197.35,0.33,2e-4,12.42,125.51,34.39574,0.47,0.67,1.86,2.23,1.74037,1.58,1.74,1.42754
N_OCH_A2,N_OCH,10.37203967,53.27486287,north,664,European Atlantic mixed forests,2023,R1P,restored,dry,mowing,4.33,3.95,7.87,7.7625,253.05,0.42,7.8e-4,6.01,81.34,9.86731,0.4,0.26,1.31,3.02,1.53864,1.61,1.68,1.3767
N_OCH_A3,N_OCH,10.37203967,53.27486287,north,664,European Atlantic mixed forests,2023,R,restored,dry,mowing,4.86,3.95,7.65,7.7625,238.91,0.54,4.5e-4,8.17,81.34,56.25596,0.21,0.51,1.64,1.79,1.69254,1.59,1.49,1.80914
N_OCH_A4,N_OCH,10.37203967,53.27486287,north,664,European Atlantic mixed forests,2023,R,restored,dry,mowing,4,3.95,7.15,7.7625,267.96,0.68,7.9e-4,6.38,81.34,17.1281,0.04,0.26,1.06,1.32,1.2076,1.65,1.57,1.72716
N_OLE_A1,N_OLE,10.25770936,53.29191269,north,664,European Atlantic mixed forests,2023,R,negative,fresh,mowing,5.72,5.62,7,7.02,314.78,0.55,5.3e-4,3.72,9.15,4.74411,0.21,0.15,1.38,1.55,1.43658,1.85,1.72,1.74468
N_OLE_A2,N_OLE,10.25770936,53.29191269,north,664,European Atlantic mixed forests,2023,R,negative,fresh,mowing,5.45,5.62,7.09,7.02,290.55,0.42,8e-4,3.72,9.15,4.74411,0.27,0.36,1.45,2.09,1.6557,1.33,1.83,1.36394
N_OLE_A3,N_OLE,10.25770936,53.29191269,north,664,European Atlantic mixed forests,2023,R,negative,fresh,mowing,5.58,5.62,6.98,7.02,305.97,0.47,6e-4,3.72,9.94,15.91931,0.28,0.19,1.41,1.99,1.52075,1.87,1.7,1.61848
N_OLE_A4,N_OLE,10.25770936,53.29191269,north,664,European Atlantic mixed forests,2023,R,negative,fresh,mowing,5.73,5.62,7.01,7.02,317.22,0.51,4.8e-4,5.04,9.15,7.73759,0.23,0.14,1.31,1.84,1.31098,1.59,1.72,1.58981
N_PEV_A1,N_PEV,11.46833565,53.06540809,north,664,European Atlantic mixed forests,2022,R22,restored,dry,both,4.61,4.9975,7.01,6.9475,292.17,0.43,2.4e-4,9.88,14.46,44.42389,0.41,0.12,1.75,1.22,2.05773,1.38,1.33,1.6173
N_PEV_A2,N_PEV,11.46833565,53.06540809,north,664,European Atlantic mixed forests,2022,R22,restored,dry,both,5.04,4.9975,7.06,6.9475,285.11,0.42,1.5e-4,9.6,19.28,25.75445,0.23,0.32,1.92,1.27,1.53342,1.41,1.47,1.34213
N_PEV_A3,N_PEV,11.46833565,53.06540809,north,664,European Atlantic mixed forests,2022,R22,restored,dry,both,5.18,4.9975,6.69,6.9475,235.27,0.37,0.00107,25.06,104.92,107.55081,0.49,0.43,2.06,1.68,2.05715,1.6,1.58,1.60877
N_PEV_A4,N_PEV,11.46833565,53.06540809,north,664,European Atlantic mixed forests,2022,R22,restored,dry,both,5.16,4.9975,7.03,6.9475,240.61,0.54,5.6e-4,10.73,9.48,25.75445,0.38,0.4,1.76,1.43,1.79384,1.33,1.23,1.58112
N_PFE_A1,N_PFE,10.24418938,53.30522848,north,664,European Atlantic mixed forests,2023,R35,restored,moist,mowing,6.72,6.54,7.4,7.3675,198.7,0.58,9e-4,27.13,36.47,7.1532,0.28,0.7,3.18,2.33,1.41564,1.51,1.43,1.5846
N_PFE_A2,N_PFE,10.24418938,53.30522848,north,664,European Atlantic mixed forests,2023,R,restored,moist,mowing,6.55,6.54,7.48,7.3675,266.14,0.47,0.00161,27.13,12.12,7.61328,0.4,0.62,1.35,1.16,1.36205,1.21,1.44,1.65716
N_PFE_A3,N_PFE,10.24418938,53.30522848,north,664,European Atlantic mixed forests,2023,R,restored,moist,mowing,6.26,6.54,7.57,7.3675,255.76,0.47,0.00182,27.13,12.12,6.16793,0.22,0.6,1.19,1.11,1.23605,1.36,1.59,1.82573
N_PFE_A4,N_PFE,10.24418938,53.30522848,north,664,European Atlantic mixed forests,2023,R,restored,moist,mowing,6.63,6.54,7.02,7.3675,264.51,0.5,0.00109,27.13,13.6,12.11899,0.35,0.79,1.49,1.36,1.71273,1.47,1.64,1.58033
N_RAD_A1,N_RAD,10.26511988,53.32796833,north,664,European Atlantic mixed forests,2022,R,negative,moist,mowing,6.49,7,6.31,6.6075,236.08,0.39,9.9e-4,14.2,7.33,23.04331,0.32,0.43,2.02,1.75,1.49133,1.42,1.99,1.12733
N_RAD_A2,N_RAD,10.26511988,53.32796833,north,664,European Atlantic mixed forests,2022,Q53,negative,moist,mowing,8.83,7,6.92,6.6075,149.67,0.84,7.9e-4,14.2,8.23,7.73759,0.16,0.13,1.51,1.21,1.07407,1.59,1.49,1.50467
N_RAD_A3,N_RAD,10.26511988,53.32796833,north,664,European Atlantic mixed forests,2022,R,negative,moist,mowing,6.3,7,6.68,6.6075,305.37,0.42,4.7e-4,14.2,13.88,78.95584,0.24,0.41,1.28,2.06,1.28832,1.67,1.54,1.17648
N_RAD_A4,N_RAD,10.26511988,53.32796833,north,664,European Atlantic mixed forests,2022,R,negative,moist,mowing,6.38,7,6.52,6.6075,292.56,0.33,7.1e-4,27.13,36.47,77.09859,0.27,0.59,1.27,1.86,1.42274,1.38,1.41,1.44472
N_RET_A1,N_RET,10.26463881,53.32578714,north,664,European Atlantic mixed forests,2022,R22,restored,moist,mowing,5.31,5.09,7.35,7.19,277.13,0.48,0.00151,5.41,10.02,28.15501,0.46,0.48,1.83,1.58,2.31731,1.32,1.44,1.30907
N_RET_A2,N_RET,10.26463881,53.32578714,north,664,European Atlantic mixed forests,2022,R22,restored,moist,mowing,4.34,5.09,7.63,7.19,213.34,0.42,0.00361,24.26,13.6,26.72425,0.29,0.5,1.57,1.24,1.63703,1.45,1.51,1.4174
N_RET_A3,N_RET,10.26463881,53.32578714,north,664,European Atlantic mixed forests,2022,R,restored,moist,mowing,5.95,5.09,6.35,7.19,257.12,0.48,0.00126,5.46,29.84,23.04331,0.13,0.45,1.5,1.7,1.65532,1.35,1.64,1.69209
N_RET_A4,N_RET,10.26463881,53.32578714,north,664,European Atlantic mixed forests,2022,R22,restored,moist,mowing,4.76,5.09,7.43,7.19,234.92,0.47,0.00196,5.41,4.9,56.25596,0.46,0.57,2.01,1.41,1.93538,1.17,1.42,1.2049
N_SMG_A1,N_SMG,10.55267673,52.53846878,north,664,European Atlantic mixed forests,2022,R,negative,fresh,mowing,6.46,5.9225,6.59,6.7425,275.33,0.7,6.5e-4,11.84,7.27,9.6746200000000009,0.35,0.44,1.46,1.13,1.8958,1.28,1.04,1.26796
N_SMG_A2,N_SMG,10.55267673,52.53846878,north,664,European Atlantic mixed forests,2022,R,negative,fresh,mowing,5.37,5.9225,6.91,6.7425,255.89,0.7,9.6e-4,13.33,7.27,6.67183,0.28,0.15,1.23,1.14,1.72292,1.03,1.32,1.29379
N_SMG_A3,N_SMG,10.55267673,52.53846878,north,664,European Atlantic mixed forests,2022,R,negative,fresh,mowing,6.11,5.9225,6.56,6.7425,300.87,0.66,3e-4,3.72,12.18,8.15184,0.4,0.44,1.28,1.04,1.2716,1.28,1.19,1.23419
N_SMG_A4,N_SMG,10.55267673,52.53846878,north,664,European Atlantic mixed forests,2022,R,negative,fresh,mowing,5.75,5.9225,6.91,6.7425,303.73,0.67,3.8e-4,3.72,11.32,6.67183,0.26,0.15,1.43,1.03,1.1409,1.11,1.25,1.07256
N_STA_A1,N_STA,10.95623026,53.23560299,north,664,European Atlantic mixed forests,2023,R21,restored,fresh,mowing,4.54,5.15,7.86,7.845,209.31,0.41,0.00343,9.22,10.07,11.21063,0.37,0.23,1.5,1.29,1.49739,1.46,1.5,1.53572
N_STA_A2,N_STA,10.95623026,53.23560299,north,664,European Atlantic mixed forests,2023,R22,restored,fresh,mowing,5.44,5.15,7.86,7.845,191.74,0.48,0.00347,6.2,7.95,118.64473,0.72,0.23,1.21,1.35,1.37022,1.44,1.57,1.41576
N_STA_A3,N_STA,10.95623026,53.23560299,north,664,European Atlantic mixed forests,2023,R22,restored,fresh,mowing,4.76,5.15,7.96,7.845,191.13,0.47,0.00485,4.97,7.69,10.39223,0.57,0.07,1.1,1.21,1.21222,1.25,1.51,1.51716
N_STA_A4,N_STA,10.95623026,53.23560299,north,664,European Atlantic mixed forests,2023,R,restored,fresh,mowing,5.86,5.15,7.7,7.845,195.54,0.5,0.0035,7.68,10.07,118.64473,0.65,0.45,1.37,1.39,1.43992,1.59,1.4,1.43278
N_TAN_A1,N_TAN,10.88157921,53.18174904,north,664,European Atlantic mixed forests,2023,R,restored,fresh,grazing,5.32,6.22,7.04,6.88,250.1,0.41,0.00121,25.43,23.1,26.72425,0.36,0.71,1.69,1.81,1.55151,1.33,1.54,1.36049
N_TAN_A2,N_TAN,10.88157921,53.18174904,north,664,European Atlantic mixed forests,2023,R,restored,fresh,grazing,6.17,6.22,6.45,6.88,251.72,0.55,0.00131,25.43,23.1,10.39223,0.32,0.58,1.28,1.35,1.55849,1.5,1.52,1.32484
N_TAN_A3,N_TAN,10.88157921,53.18174904,north,664,European Atlantic mixed forests,2023,R35,restored,fresh,grazing,7.08,6.22,7,6.88,215.52,0.58,9.6e-4,25.43,23.1,21.52993,0.32,0.81,1.79,1.47,1.83748,1.55,1.5,1.59127
N_TAN_A4,N_TAN,10.88157921,53.18174904,north,664,European Atlantic mixed forests,2023,R,restored,fresh,grazing,6.31,6.22,7.03,6.88,259.26,0.54,0.00109,38.53,23.1,23.04331,0.42,0.51,1.91,1.76,1.62065,1.42,1.38,1.40551
N_TAS_A1,N_TAS,10.8822017,53.14036873,north,664,European Atlantic mixed forests,2023,R21,restored,fresh,grazing,4.69,4.62,7.55,7.515,242.48,0.5,0.002,4.34,10.49,7.675,0.23,0.49,1.38,1.38,1.31344,1.52,1.22,1.45767
N_TAS_A2,N_TAS,10.8822017,53.14036873,north,664,European Atlantic mixed forests,2023,R21,restored,fresh,grazing,4.26,4.62,7.69,7.515,223.81,0.45,0.00357,4.34,10.49,7.675,0.2,0.41,1.62,1.2,1.35129,1.53,1.34,1.42411
N_TAS_A3,N_TAS,10.8822017,53.14036873,north,664,European Atlantic mixed forests,2023,R21,restored,fresh,grazing,4.8,4.62,7.4,7.515,234.83,0.54,0.00162,4.16,17.19,7.675,0.2,0.51,1.37,1.43,1.44107,1.51,1.33,1.65383
N_TAS_A4,N_TAS,10.8822017,53.14036873,north,664,European Atlantic mixed forests,2023,R21,restored,fresh,grazing,4.73,4.62,7.42,7.515,232.8,0.53,0.00176,5.41,28.82,11.21063,0.3,0.5,1.49,1.46,1.65419,1.39,1.42,1.42082
N_TRI_A1,N_TRI,11.0939351,53.15897651,north,664,European Atlantic mixed forests,2023,R,negative,fresh,mowing,5.63,5.055,6.21,6.8775,237.72,0.53,0.0019,5.38,84.57,7.73759,0.24,0.32,1.2,1.5,1.5767,1.13,1.06,1.50349
N_TRI_A2,N_TRI,11.0939351,53.15897651,north,664,European Atlantic mixed forests,2023,R,negative,fresh,mowing,5.51,5.055,6.22,6.8775,219.12,0.41,0.00364,6.57,84.57,11.77778,0.37,0.37,1.23,1.46,1.54523,1.45,1.38,1.59471
N_TUT_A1,N_TUT,9.934592759,53.11325527,north,664,European Atlantic mixed forests,2022,R22,restored,dry,grazing,5.14,4.9875,7.42,7.395,273.24,0.46,1.6e-4,9.6,11.3,34.39574,0.17,0.45,1.99,1.17,1.45122,1.59,1.55,1.33211
N_TUT_A2,N_TUT,9.934592759,53.11325527,north,664,European Atlantic mixed forests,2022,R22,restored,dry,grazing,5.48,4.9875,7.29,7.395,270.79,0.58,2.3e-4,9.6,125.51,16.28803,0.3,0.41,1.82,1.91,1.45122,1.68,1.53,1.50956
N_TUT_A3,N_TUT,9.934592759,53.11325527,north,664,European Atlantic mixed forests,2022,R22,restored,dry,grazing,4.77,4.9875,7.22,7.395,274.69,0.43,8.3e-4,6.5,125.51,162.29662,0.41,0.4,1.48,1.53,1.66947,1.53,1.38,1.35376
N_TUT_A4,N_TUT,9.934592759,53.11325527,north,664,European Atlantic mixed forests,2022,R,restored,dry,grazing,4.56,4.9875,7.65,7.395,278.87,0.37,5.1e-4,9.6,47.23,5.87061,0.29,0.43,1.39,1.62,1.37728,1.57,1.16,1.54707
N_UET_A1,N_UET,9.718224004,53.62918256,north,664,European Atlantic mixed forests,2022,R,negative,fresh,both,5.56,5.0625,6.71,7.035,275.4,0.41,9e-4,29.67,15.66,8.15184,0.3,0.49,1.71,1.93,1.95762,1.22,1.68,1.43057
N_UET_A2,N_UET,9.718224004,53.62918256,north,664,European Atlantic mixed forests,2022,R,negative,fresh,both,4.94,5.0625,7.11,7.035,242.66,0.4,0.00136,19.4,9.85,28.15501,0.17,0.75,1.64,1.75,2.09513,1.38,1.45,1.3814
N_UET_A3,N_UET,9.718224004,53.62918256,north,664,European Atlantic mixed forests,2022,R,negative,fresh,both,4.88,5.0625,7.16,7.035,273.45,0.4,0.00116,18.52,10.7,30.7896,0.33,0.33,1.32,1.79,1.59072,1.33,1.27,1.32627
N_UET_A4,N_UET,9.718224004,53.62918256,north,664,European Atlantic mixed forests,2022,R,negative,fresh,both,4.87,5.0625,7.16,7.035,262.41,0.25,7.3e-4,19.4,9.42,8.15184,0.12,0.42,1.39,2.3,1.56661,1.05,1.47,1.52636
N_VIE_A1,N_VIE,10.66972437,53.36600443,north,664,European Atlantic mixed forests,2022,R22,positive,dry,mowing,3.95,3.9475,7.43,7.3775,224.56,0.4,0.00243,6.07,18.89,24.29813,0.14,0.47,1.65,1.23,2.41948,1.56,1.06,1.5955
N_VIE_A2,N_VIE,10.66972437,53.36600443,north,664,European Atlantic mixed forests,2022,R22,positive,dry,mowing,3.93,3.9475,7.45,7.3775,225.37,0.37,0.00267,27.29,7.89,107.55081,0.11,0.5,1.73,1.31,2.43435,1.61,1.45,1.52748
N_VIE_A3,N_VIE,10.66972437,53.36600443,north,664,European Atlantic mixed forests,2022,R21,positive,dry,mowing,3.92,3.9475,7.46,7.3775,227.68,0.36,0.0019,14.79,7.02,16.42974,0.13,0.51,1.82,1.37,2.37249,1.35,1.48,1.39108
N_VIE_A4,N_VIE,10.66972437,53.36600443,north,664,European Atlantic mixed forests,2022,R21,positive,dry,mowing,3.99,3.9475,7.17,7.3775,240.1,0.32,3.4e-4,27.29,7.02,22.78945,0.46,0.63,2.45,1.54,1.99823,1.28,1.43,1.23537
N_VOG_A1,N_VOG,10.33981105,53.28352764,north,664,European Atlantic mixed forests,2023,R,restored,moist,mowing,5.98,5.9575,6.95,7.0025,311.06,0.62,5e-4,24.26,25.31,6.79254,0.09,0.23,1.44,1.24,1.3854,1.24,1.57,1.63304
N_VOG_A2,N_VOG,10.33981105,53.28352764,north,664,European Atlantic mixed forests,2023,R,restored,moist,mowing,6,5.9575,6.98,7.0025,330.83,0.64,4.4e-4,6.56,5.94,5.5381,0.02,0.08,1.15,1.15,1.24885,1.41,1.67,1.60544
N_VOG_A3,N_VOG,10.33981105,53.28352764,north,664,European Atlantic mixed forests,2023,R,restored,moist,mowing,5.89,5.9575,7.06,7.0025,302.98,0.68,6.1e-4,8.91,6.13,22.215,0.13,0.17,1.51,1.13,1.61389,1.13,1.23,1.28824
N_VOG_A4,N_VOG,10.33981105,53.28352764,north,664,European Atlantic mixed forests,2023,R,restored,moist,mowing,5.96,5.9575,7.02,7.0025,331.52,0.67,3.9e-4,2.78,3.25,5.1789,0.04,0.07,1.14,1.03,1.144,1.45,1.46,1.74973
N_WAL_A1,N_WAL,10.32606436,53.30616173,north,664,European Atlantic mixed forests,2023,R,restored,moist,mowing,7.01,6.345,6.75,6.8375,260.48,0.7,8.2e-4,8.73,11.16,114.20122,0.51,0.4,1.64,1.31,1.52561,1.43,1.57,1.51761
N_WAL_A2,N_WAL,10.32606436,53.30616173,north,664,European Atlantic mixed forests,2023,R35,restored,moist,mowing,7.41,6.345,6.93,6.8375,231.15,0.7,0.00108,8.73,14.29,92.77003,0.68,0.3,1.93,1.26,1.52999,1.59,1.44,1.30823
N_WAL_A3,N_WAL,10.32606436,53.30616173,north,664,European Atlantic mixed forests,2023,R,restored,moist,mowing,6.47,6.345,6.68,6.8375,258.46,0.62,8.1e-4,240.65,27.06,202.46531,0.4,0.6,1.41,1.26,1.59428,1.29,1.45,1.59147
N_WAL_A4,N_WAL,10.32606436,53.30616173,north,664,European Atlantic mixed forests,2023,V15,restored,moist,mowing,4.49,6.345,6.99,6.8375,252.6,0.46,0.00335,7.67,157.79,124.92835,0.29,0.34,1.48,1.85,1.43965,1.33,1.19,1.5527
N_WEN_A1,N_WEN,10.2886445,53.50726174,north,664,European Atlantic mixed forests,2022,R22,restored,dry,grazing,4.14,4.4475,7.58,7.555,212.44,0.38,0.00266,7.78,8.72,44.56815,0.13,0.49,1.39,1.34,1.74133,1.62,1.54,1.29531
N_WEN_A2,N_WEN,10.2886445,53.50726174,north,664,European Atlantic mixed forests,2022,R22,restored,dry,grazing,4.67,4.4475,7.41,7.555,227.71,0.43,0.00191,24.06,22.01,44.56815,0.42,0.57,1.78,1.36,1.8918,1.48,1.45,1.29052
N_WEN_A3,N_WEN,10.2886445,53.50726174,north,664,European Atlantic mixed forests,2022,R22,restored,dry,grazing,4.75,4.4475,7.49,7.555,229.95,0.44,0.00265,5.17,10.39,28.15501,0.47,0.54,1.71,1.34,1.83427,1.48,1.43,1.27448
N_WEN_A4,N_WEN,10.2886445,53.50726174,north,664,European Atlantic mixed forests,2022,R22,restored,dry,grazing,4.23,4.4475,7.74,7.555,209.73,0.45,0.00422,5.17,9.65,26.72425,0.2,0.37,1.42,1.18,1.43194,1.58,1.26,1.3264
N_WIZ_A1,N_WIZ,10.62512681,53.45419964,north,664,European Atlantic mixed forests,2023,R22,positive,dry,NA,4.44,4.2025,7.68,7.305,237.56,0.57,7.8e-4,7.65,37.25,24.500610000000002,0.32,0.49,1.61,2.03,1.97614,1.61,1.56,1.662
N_WIZ_A4,N_WIZ,10.62512681,53.45419964,north,664,European Atlantic mixed forests,2023,R22,positive,dry,NA,4.43,4.2025,7.22,7.305,265.1,0.6,9.9e-4,12.97,37.25,38.86405,0.3,0.46,1.5,1.94,1.86631,1.64,1.56,1.4537
N_ZDF_A1,N_ZDF,10.03877469,53.46811983,north,664,European Atlantic mixed forests,2022,R22,restored,fresh,mowing,5.69,5.46,6.55,6.945,254.15,0.66,8.5e-4,7.72,3.32,66.4792,0.23,0.47,1.31,1.12,1.18404,1.7,1.6,1.44965
N_ZDF_A2,N_ZDF,10.03877469,53.46811983,north,664,European Atlantic mixed forests,2022,R22,restored,fresh,mowing,5.42,5.46,7,6.945,250.55,0.57,0.00149,7.72,22.74,81.2263,0.33,0.35,1.44,1.37,1.67254,1.63,1.27,1.64132
N_ZDF_A3,N_ZDF,10.03877469,53.46811983,north,664,European Atlantic mixed forests,2022,R,restored,fresh,mowing,5.08,5.46,7.13,6.945,249.8,0.68,7.7e-4,7.72,21.12,66.4792,0.22,0.34,1.35,1.17,1.39479,1.61,1.47,1.36359
N_ZDF_A4,N_ZDF,10.03877469,53.46811983,north,664,European Atlantic mixed forests,2022,R22,restored,fresh,mowing,5.65,5.46,7.1,6.945,274.03,0.71,9.4e-4,7.72,22.74,28.15501,0.25,0.41,1.56,1.3,1.49369,1.41,1.28,1.32438
S_ACR_A1,S_ACR,12.94115244,48.76934451,south,686,Western European broadleaf forests,2022,R1A,restored,dry,mowing,3.38,3.8025,7.38,7.1825,195.74,0.4,0.00231,22.19,20.67,44.3388,0.27,0.7,1.56,1.58,1.48026,1.47,1.56,1.41797
S_ACR_A2,S_ACR,12.94115244,48.76934451,south,686,Western European broadleaf forests,2022,R1A,restored,dry,mowing,3.97,3.8025,7.1,7.1825,208.7,0.42,0.00243,7.18,27.24,17.44567,0.24,0.49,1.58,1.43,1.82661,1.56,1.37,1.60265
S_ACR_A3,S_ACR,12.94115244,48.76934451,south,686,Western European broadleaf forests,2022,R,restored,dry,mowing,4.02,3.8025,6.86,7.1825,210.3,0.43,0.00273,20.87,15.44,204.69771,0.3,0.6,1.39,1.47,1.90411,1.22,1.4,1.23909
S_ACR_A4,S_ACR,12.94115244,48.76934451,south,686,Western European broadleaf forests,2022,R1A,restored,dry,mowing,3.84,3.8025,7.39,7.1825,208.39,0.3,0.00238,6.34,20.74,19.08157,0.25,0.6,1.48,2.45,1.59755,1.53,1.43,1.66346
S_AFR_A1,S_AFR,12.19621171,48.43163073,south,686,Western European broadleaf forests,2023,R,restored,fresh,mowing,5.73,5.5025,6.78,6.7925,272.78,0.54,8.9e-4,7.72,13.83,81.2263,0.3,0.4,1.63,1.46,1.61271,1.5,1.19,1.48151
S_AFR_A2,S_AFR,12.19621171,48.43163073,south,686,Western European broadleaf forests,2023,R22,restored,fresh,mowing,5.47,5.5025,6.62,6.7925,270.8,0.6,6.9e-4,7.72,17.8,77.09859,0.44,0.47,1.45,1.39,1.35063,1.38,1.32,1.18611
S_AFR_A3,S_AFR,12.19621171,48.43163073,south,686,Western European broadleaf forests,2023,R22,restored,fresh,mowing,5.56,5.5025,6.89,6.7925,281.22,0.72,7.3e-4,5.41,17.8,26.72425,0.46,0.46,1.33,1.28,1.46945,1.56,1.38,1.39018
S_AFR_A4,S_AFR,12.19621171,48.43163073,south,686,Western European broadleaf forests,2023,R22,restored,fresh,mowing,5.25,5.5025,6.88,6.7925,273.46,0.43,7e-4,10.88,21.12,107.55081,0.43,0.53,1.43,1.75,1.38929,1.2,1.28,1.12391
S_AMP_A4,S_AMP,11.728948,48.45557417,south,686,Western European broadleaf forests,2023,R22,positive,moist,mowing,5.77,5.2025,6.98,7.0975,240.1,0.5,0.0016,8.75,45.73,77.09859,0.53,0.48,1.66,1.82,1.6029,1.63,1.16,1.50225
S_AUH_A1,S_AUH,12.7596479,48.60586598,south,686,Western European broadleaf forests,2022,R,restored,dry,mowing,4.94,4.3075,7.25,7.1325,242.67,0.49,9.4e-4,6.07,22.15,22.79339,0.43,0.48,1.57,1.6,1.70492,1.78,1.6,1.5221
S_AUH_A2,S_AUH,12.7596479,48.60586598,south,686,Western European broadleaf forests,2022,R1A,restored,dry,mowing,4,4.3075,7.07,7.1325,204.19,0.36,0.00296,14.98,35.99,24.49411,0.15,0.34,1.51,1.62,1.60885,1.66,1.5,1.36924
S_AUH_A3,S_AUH,12.7596479,48.60586598,south,686,Western European broadleaf forests,2022,R1A,restored,dry,mowing,4.39,4.3075,7.36,7.1325,220.99,0.3,0.00192,24.51,12.62,13.75422,0.33,0.59,1.59,1.6,1.63255,1.61,1.38,1.57424
S_AUH_A4,S_AUH,12.7596479,48.60586598,south,686,Western European broadleaf forests,2022,R1A,restored,dry,mowing,3.9,4.3075,6.85,7.1325,213.36,0.38,0.00242,14.98,45.49,13.75422,0.19,0.44,1.51,1.59,1.77804,1.46,1.36,1.48069
S_AUL_A1,S_AUL,12.21921022,48.57198665,south,686,Western European broadleaf forests,2022,R22,restored,fresh,mowing,4.4,4.46,7.35,7.38,220.73,0.45,0.00241,9.11,21.12,65.65601,0.29,0.56,1.51,1.4,1.72824,1.65,1.56,1.61215
S_AUL_A2,S_AUL,12.21921022,48.57198665,south,686,Western European broadleaf forests,2022,R,restored,fresh,mowing,4.49,4.46,7.51,7.38,221.09,0.52,0.00291,7.25,21.12,45.5226,0.32,0.52,1.47,1.56,1.71957,1.26,1.61,1.4958
S_AUL_A3,S_AUL,12.21921022,48.57198665,south,686,Western European broadleaf forests,2022,R22,restored,fresh,mowing,4.56,4.46,7.28,7.38,237.04,0.5,0.00167,9.11,21.12,22.75797,0.32,0.47,1.49,1.56,1.56705,1.44,1.69,1.33182
S_AUL_A4,S_AUL,12.21921022,48.57198665,south,686,Western European broadleaf forests,2022,R22,restored,fresh,mowing,4.39,4.46,7.38,7.38,220.7,0.45,0.00202,9.19,21.12,77.09859,0.27,0.5,1.47,1.23,1.5856,1.6,1.3,1.2875
S_BUC_A1,S_BUC,12.91594009,48.25495346,south,686,Western European broadleaf forests,2022,R22,restored,dry,mowing,4.24,4.71,6.81,6.8325,246.9,0.33,7.4e-4,8.28,22.48,64.30386,0.26,0.44,1.67,1.52,1.6195,1.44,1.37,1.43727
S_BUC_A2,S_BUC,12.91594009,48.25495346,south,686,Western European broadleaf forests,2022,R22,restored,dry,mowing,4.7,4.71,6.83,6.8325,270.5,0.43,5.9e-4,6.07,21.12,44.56815,0.37,0.34,1.67,1.5,1.78471,1.81,1.34,1.48821
S_BUC_A3,S_BUC,12.91594009,48.25495346,south,686,Western European broadleaf forests,2022,R22,restored,dry,mowing,5.12,4.71,6.84,6.8325,268.58,0.44,9e-4,6.07,12.43,22.79339,0.39,0.4,1.75,1.38,2.19301,1.61,1.32,1.50545
S_BUC_A4,S_BUC,12.91594009,48.25495346,south,686,Western European broadleaf forests,2022,R22,restored,dry,mowing,4.78,4.71,6.85,6.8325,268.87,0.49,7.5e-4,10.97,11.08,37.27973,0.39,0.39,1.54,1.68,1.89228,1.29,1.42,1.3449
S_DIE_A1,S_DIE,11.68287532,48.27532086,south,686,Western European broadleaf forests,2022,R,negative,dry,mowing,6.17,6.16,6.79,6.745,276.9,0.72,6.5e-4,7.72,22.74,28.15501,0.44,0.68,1.32,1.33,1.72631,1.52,1.21,1.40171
S_DIE_A2,S_DIE,11.68287532,48.27532086,south,686,Western European broadleaf forests,2022,R,negative,dry,mowing,6.16,6.16,6.79,6.745,266.37,0.64,6.4e-4,7.72,23.85,28.15501,0.43,0.74,1.39,1.23,1.69213,1.57,1.19,1.22241
S_DIE_A3,S_DIE,11.68287532,48.27532086,south,686,Western European broadleaf forests,2022,R,negative,dry,mowing,6.01,6.16,6.91,6.745,260.82,0.63,5.5e-4,3.97,23.85,28.15501,0.44,0.72,1.44,1.3,1.69768,1.44,1.28,1.17706
S_DIE_A4,S_DIE,11.68287532,48.27532086,south,686,Western European broadleaf forests,2022,R22,negative,dry,mowing,6.3,6.16,6.49,6.745,271.21,0.65,6.3e-4,3.97,22.74,28.15501,0.33,0.61,1.31,1.2,1.57428,1.59,1.23,1.45348
S_ECH_A1,S_ECH,11.64420748,48.27851352,south,686,Western European broadleaf forests,2022,R1A,restored,dry,mowing,4.08,4.0325,7.23,7.255,222.91,0.34,0.00171,17.12,81.34,24.20282,0.27,0.45,1.52,1.53,1.62803,1.37,1.26,1.41785
S_ECH_A2,S_ECH,11.64420748,48.27851352,south,686,Western European broadleaf forests,2022,R1A,restored,dry,mowing,4.05,4.0325,7.24,7.255,217.88,0.35,0.00174,11.87,43.36,24.20282,0.32,0.61,1.43,1.41,1.62023,1.28,1.22,1.48933
S_ECH_A3,S_ECH,11.64420748,48.27851352,south,686,Western European broadleaf forests,2022,R,restored,dry,mowing,3.91,4.0325,7.28,7.255,209.86,0.39,0.00168,6.99,27.62,13.86982,0.22,0.49,1.43,1.45,1.69659,1.69,1.48,1.60672
S_ECH_A4,S_ECH,11.64420748,48.27851352,south,686,Western European broadleaf forests,2022,R1A,restored,dry,mowing,4.09,4.0325,7.27,7.255,209.93,0.36,0.00195,13.37,26.37,17.44567,0.32,0.58,1.41,1.4,1.55408,1.36,1.26,1.41947
S_EIT_A1,S_EIT,12.33237085,48.8117411,south,686,Western European broadleaf forests,2023,R22,positive,fresh,mowing,5.47,5.4975,7.05,7.165,252.03,0.52,0.00108,5.41,43.6,12.90401,0.37,0.33,1.38,1.48,1.46077,1.82,1.45,1.49051
S_FCH_A1,S_FCH,12.99798414,48.7778517,south,686,Western European broadleaf forests,2022,R22,restored,fresh,mowing,5.23,4.4925,6.88,6.7775,241.85,0.44,0.00128,12.98,43.18,114.20122,0.38,0.34,1.48,1.69,1.54171,1.44,1.56,1.52363
S_FCH_A2,S_FCH,12.99798414,48.7778517,south,686,Western European broadleaf forests,2022,R,restored,fresh,mowing,3.81,4.4925,6.24,6.7775,212.61,0.38,0.00199,6.19,46.68,76.75186,0.42,0.94,1.28,2.53,1.37009,1.61,1.28,1.53882
S_FCH_A3,S_FCH,12.99798414,48.7778517,south,686,Western European broadleaf forests,2022,R22,restored,fresh,mowing,4.4,4.4925,6.74,6.7775,232.03,0.55,0.00101,5.56,21.12,17.44567,0.46,0.64,1.46,1.34,1.35698,1.72,1.21,1.51326
S_FCH_A4,S_FCH,12.99798414,48.7778517,south,686,Western European broadleaf forests,2022,R22,restored,fresh,mowing,4.53,4.4925,7.25,6.7775,234.56,0.5,0.00158,9.55,27.62,23.56756,0.32,0.43,1.51,1.64,1.51539,1.62,1.75,1.3813
S_FHZ_A1,S_FHZ,11.62566181,48.33018411,south,686,Western European broadleaf forests,2022,R37,restored,moist,mowing,6.79,7.385,7.1,6.9325,219.72,0.41,0.00112,25.39,85.23,5.22259,0.52,0.39,1.86,1.58,1.34954,1.47,1.3,1.69661
S_FHZ_A2,S_FHZ,11.62566181,48.33018411,south,686,Western European broadleaf forests,2022,R37,restored,moist,mowing,7.68,7.385,7.18,6.9325,205.68,0.56,0.001,24.06,85.23,7.26342,0.61,0.36,1.62,1.69,1.18685,1.72,1.51,1.56556
S_FHZ_A3,S_FHZ,11.62566181,48.33018411,south,686,Western European broadleaf forests,2022,R35,restored,moist,mowing,7.79,7.385,6.37,6.9325,208.49,0.71,2.4e-4,401.12,44.71,14.23393,0.23,0.52,1.78,1.57,1.56198,1.53,1.56,1.62567
S_FHZ_A4,S_FHZ,11.62566181,48.33018411,south,686,Western European broadleaf forests,2022,R35,restored,moist,mowing,7.28,7.385,7.08,6.9325,207.05,0.6,8.8e-4,28.37,85.23,17.9079,0.35,0.26,1.38,1.92,1.2157,1.54,1.71,1.43065
S_GIG_A1,S_GIG,11.67758768,48.36299592,south,686,Western European broadleaf forests,2022,R22,restored,fresh,mowing,6.14,6.3325,6.37,7.06,274.54,0.65,5.3e-4,8.07,5.98,23.04331,0.31,0.45,1.4,1.1,1.50866,1.72,1.49,1.33871
S_GIG_A2,S_GIG,11.67758768,48.36299592,south,686,Western European broadleaf forests,2022,R,restored,fresh,mowing,6.1,6.3325,7.41,7.06,238.39,0.6,0.0016,7.32,23.69,23.628,0.41,0.66,1.62,1.59,1.49816,1.69,1.51,1.52275
S_GIG_A3,S_GIG,11.67758768,48.36299592,south,686,Western European broadleaf forests,2022,Sa,restored,fresh,mowing,6.96,6.3325,7.4,7.06,203.22,0.38,8.3e-4,10.3,15.03,12.8461,0.32,0.44,1.45,1.81,1.48121,1.56,1.35,1.61215
S_GIG_A4,S_GIG,11.67758768,48.36299592,south,686,Western European broadleaf forests,2022,R,restored,fresh,mowing,6.13,6.3325,7.06,7.06,242.6,0.66,0.00104,7.72,12.43,7.73759,0.56,0.42,1.73,1.41,1.55384,1.83,1.63,1.68587
S_GSH_A1,S_GSH,12.23745702,48.48982286,south,686,Western European broadleaf forests,2022,V11,restored,fresh,mowing,5.2,5.2975,7.34,7.205,240.44,0.49,0.00139,27.68,27.62,26.72425,0.37,0.6,1.51,1.45,1.55346,1.28,1.35,1.40332
S_GSH_A2,S_GSH,12.23745702,48.48982286,south,686,Western European broadleaf forests,2022,V11,restored,fresh,mowing,5.43,5.2975,7.19,7.205,247.3,0.49,0.00102,27.68,27.62,23.04331,0.38,0.62,1.55,1.51,1.47453,1.27,1.3,1.36674
S_GSH_A3,S_GSH,12.23745702,48.48982286,south,686,Western European broadleaf forests,2022,R,restored,fresh,mowing,5.17,5.2975,7.25,7.205,257.93,0.44,0.00111,27.68,27.62,23.04331,0.43,0.54,1.59,1.65,1.46061,1.49,1.53,1.09175
S_GSH_A4,S_GSH,12.23745702,48.48982286,south,686,Western European broadleaf forests,2022,R22,restored,fresh,mowing,5.39,5.2975,7.04,7.205,259.8,0.5,0.00114,27.68,27.62,37.27973,0.41,0.56,1.48,1.55,1.59548,1.34,1.4,1.44297
S_GSR_A1,S_GSR,12.33541826,48.80917261,south,686,Western European broadleaf forests,2023,R22,restored,fresh,mowing,5.97,5.885,7.11,7.035,280.69,0.67,0.00109,7.38,21.12,16.33961,0.3,0.61,1.26,1.75,1.5632,1.39,1.29,1.38261
S_GSR_A2,S_GSR,12.33541826,48.80917261,south,686,Western European broadleaf forests,2023,R,restored,fresh,mowing,5.67,5.885,7.22,7.035,273.6,0.47,9.1e-4,7.38,21.12,24.97891,0.37,0.72,1.37,1.95,1.59008,1.53,1.54,1.50517
S_GSR_A3,S_GSR,12.33541826,48.80917261,south,686,Western European broadleaf forests,2023,R,restored,fresh,mowing,6.01,5.885,6.89,7.035,278.28,0.49,5.4e-4,5.97,22.74,26.31623,0.37,0.56,1.49,1.78,1.597,1.51,1.19,1.21322
S_GSR_A4,S_GSR,12.33541826,48.80917261,south,686,Western European broadleaf forests,2023,R,restored,fresh,mowing,5.89,5.885,6.92,7.035,285.89,0.5,6.3e-4,33.03,43.6,26.31623,0.41,0.65,1.33,1.91,1.58309,1.37,1.22,1.4449
S_GTZ_A1,S_GTZ,12.91075347,48.28923404,south,686,Western European broadleaf forests,2022,R,restored,moist,mowing,6.58,6.3225,6.85,6.68,246.19,0.46,0.00111,46.49,23.1,103.34013,0.38,0.68,1.56,1.45,2.39198,1.48,1.33,1.44138
S_GTZ_A2,S_GTZ,12.91075347,48.28923404,south,686,Western European broadleaf forests,2022,R35,restored,moist,mowing,6.52,6.3225,6.24,6.68,246.92,0.57,4.7e-4,9.77,30.8,12.3264,0.41,0.35,1.25,1.31,1.37997,1.41,1.32,1.53589
S_GTZ_A3,S_GTZ,12.91075347,48.28923404,south,686,Western European broadleaf forests,2022,R,restored,moist,mowing,5.82,6.3225,6.95,6.68,255.68,0.33,7.7e-4,25.39,36.47,44.56815,0.53,0.52,1.72,1.88,1.87934,1.29,1.32,1.46988
S_GTZ_A4,S_GTZ,12.91075347,48.28923404,south,686,Western European broadleaf forests,2022,R22,restored,moist,mowing,6.37,6.3225,6.68,6.68,280.71,0.49,2.6e-4,25.39,23.1,17.33117,0.54,0.6,1.68,1.52,1.79289,1.47,1.37,1.30162
S_HBF_A1,S_HBF,12.84243042,48.39936525,south,686,Western European broadleaf forests,2023,R,negative,fresh,mowing,5.11,5.075,7.84,7.875,300.75,0.31,5e-4,5.11,11.45,3.5044,0.11,0.27,1.27,2.05,1.29355,1.57,1.77,1.90708
S_HBF_A2,S_HBF,12.84243042,48.39936525,south,686,Western European broadleaf forests,2023,R,negative,fresh,mowing,5.05,5.075,7.93,7.875,321.73,0.21,4.8e-4,3.18,20.51,18.37924,0.05,0.12,1.18,1.61,1.1868,1.15,2.08,1.63618
S_HBF_A3,S_HBF,12.84243042,48.39936525,south,686,Western European broadleaf forests,2023,R,negative,fresh,mowing,5.1,5.075,7.88,7.875,287.1,0.4,7.9e-4,5.11,18.07,7.12103,0.1,0.2,1.32,1.86,1.46517,1.19,1.36,1.53931
S_HGR_A1,S_HGR,12.17203485,48.53001885,south,686,Western European broadleaf forests,2022,R,negative,fresh,mowing,6.17,6.3375,6.01,6.0875,262.34,0.62,6.2e-4,10.72,13.49,9.31037,0.15,0.09,1.24,1.09,1.34881,1.28,1.15,1.59733
S_HGR_A2,S_HGR,12.17203485,48.53001885,south,686,Western European broadleaf forests,2022,R,negative,fresh,mowing,6.58,6.3375,5.92,6.0875,294.1,0.62,3e-4,3.24,16.01,9.01631,0.26,0.37,1.24,1.5,1.66619,1.6,1.06,1.75985
S_HGR_A3,S_HGR,12.17203485,48.53001885,south,686,Western European broadleaf forests,2022,R,negative,fresh,mowing,6.55,6.3375,6.08,6.0875,295.83,0.68,2.4e-4,9.97,17.8,9.01631,0.29,0.23,1.22,1.27,1.46755,1.21,1.38,1.37984
S_HLZ_A1,S_HLZ,12.79959234,48.51803671,south,686,Western European broadleaf forests,2022,R,restored,moist,mowing,6.3,6.13,6.62,6.785,261.71,0.55,5.9e-4,7.72,33.34,39.58492,0.33,0.77,1.42,1.39,1.72361,1.32,1.39,1.53999
S_HLZ_A2,S_HLZ,12.79959234,48.51803671,south,686,Western European broadleaf forests,2022,R,restored,moist,mowing,6.46,6.13,7.14,6.785,272.64,0.54,3.4e-4,5.41,23.36,44.56815,0.34,0.75,1.54,1.44,2.1162,1.5,1.5,1.34934
S_HLZ_A3,S_HLZ,12.79959234,48.51803671,south,686,Western European broadleaf forests,2022,R,restored,moist,mowing,5.93,6.13,6.33,6.785,256.72,0.43,5e-4,46.49,47.69,39.58492,0.17,0.44,1.48,1.58,1.41555,1.2,1.27,1.37876
S_HLZ_A4,S_HLZ,12.79959234,48.51803671,south,686,Western European broadleaf forests,2022,R,restored,moist,mowing,5.83,6.13,7.05,6.785,206.98,0.41,9.8e-4,46.49,47.69,44.56815,0.26,0.34,1.95,1.66,1.39657,1.3,1.18,1.32659
S_HTH_A1,S_HTH,12.35473657,48.61669657,south,686,Western European broadleaf forests,2023,R,restored,dry,mowing,3.85,4.075,7.34,7.2775,201.61,0.43,0.00184,23.12,22.74,19.04631,0.27,0.67,1.71,1.37,1.52186,1.31,1.38,1.49052
S_HTH_A2,S_HTH,12.35473657,48.61669657,south,686,Western European broadleaf forests,2023,R,restored,dry,mowing,4.16,4.075,7.49,7.2775,211.07,0.43,0.00196,12.82,18.87,26.42342,0.2,0.61,1.54,1.26,2.01018,1.42,1.36,1.48544
S_HTH_A3,S_HTH,12.35473657,48.61669657,south,686,Western European broadleaf forests,2023,R1A,restored,dry,mowing,4.1,4.075,7.13,7.2775,214.1,0.42,0.00138,13,21.14,26.42342,0.19,0.49,1.67,1.41,1.81961,1.66,1.26,1.52018
S_HTH_A4,S_HTH,12.35473657,48.61669657,south,686,Western European broadleaf forests,2023,R22,restored,dry,mowing,4.19,4.075,7.15,7.2775,209.52,0.45,0.00256,13,23.69,16.38708,0.25,0.59,1.45,1.33,1.38568,1.47,1.4,1.37071
S_HUB_A1,S_HUB,12.72431246,48.40861092,south,686,Western European broadleaf forests,2023,R,restored,dry,mowing,4.7,4.5475,6.99,7.0025,220.56,0.47,0.00131,8.05,7.56,24.49411,0.31,0.29,1.61,1.52,1.38583,1.83,1.59,1.54407
S_HUB_A2,S_HUB,12.72431246,48.40861092,south,686,Western European broadleaf forests,2023,R22,restored,dry,mowing,4.48,4.5475,7.23,7.0025,242,0.42,0.0011,19.41,21.12,55.5781,0.33,0.41,1.5,1.28,1.39346,1.39,1.18,1.62065
S_HUB_A3,S_HUB,12.72431246,48.40861092,south,686,Western European broadleaf forests,2023,R22,restored,dry,mowing,4.49,4.5475,7,7.0025,203.76,0.33,0.00215,10.73,12.84,24.49411,0.34,0.22,1.65,1.56,1.56609,1.53,1.56,1.46105
S_HUB_A4,S_HUB,12.72431246,48.40861092,south,686,Western European broadleaf forests,2023,R22,restored,dry,mowing,4.52,4.5475,6.79,7.0025,240.91,0.38,0.00118,11.04,9.75,28.33968,0.47,0.47,1.7,1.52,1.48122,1.67,1.67,1.43803
S_JAN_A1,S_JAN,12.69901395,48.539158810000004,south,686,Western European broadleaf forests,2022,R,negative,fresh,mowing,5.04,5.0725,7.92,7.9025,289.26,0.54,7.8e-4,19.4,11.32,8.63012,0.04,0.14,1.66,1.89,1.93861,1.45,1.74,1.94126
S_JAN_A2,S_JAN,12.69901395,48.539158810000004,south,686,Western European broadleaf forests,2022,R,negative,fresh,mowing,5.12,5.0725,7.87,7.9025,276.38,0.54,5.2e-4,4.34,8.75,11.92942,0.12,0.22,1.46,1.45,2.13162,1.38,1.64,1.80983
S_JAN_A3,S_JAN,12.69901395,48.539158810000004,south,686,Western European broadleaf forests,2022,R,negative,fresh,mowing,5.04,5.0725,7.92,7.9025,275.19,0.36,8.8e-4,4.34,8.75,7.01835,0.04,0.14,1.43,1.82,1.45033,1.6,1.53,1.32885
S_JAN_A4,S_JAN,12.69901395,48.539158810000004,south,686,Western European broadleaf forests,2022,R,negative,fresh,mowing,5.09,5.0725,7.9,7.9025,283.44,0.55,3.7e-4,3.22,8.61,8.63012,0.09,0.18,1.34,1.36,1.77736,1.41,1.61,2.33003
S_JAU_A1,S_JAU,12.71231385,48.50161319,south,686,Western European broadleaf forests,2022,R,restored,fresh,mowing,5.01,5.0075,7.09,7.0225,255.88,0.45,9.1e-4,5.64,11.08,6.53887,0.3,0.38,1.41,1.34,1.35496,1.77,1.51,1.34485
S_JAU_A2,S_JAU,12.71231385,48.50161319,south,686,Western European broadleaf forests,2022,R21,restored,fresh,mowing,5.08,5.0075,6.96,7.0225,245.82,0.46,0.00112,5.64,21.12,16.42974,0.27,0.28,1.34,1.2,1.25263,1.42,1.2,1.21476
S_JAU_A3,S_JAU,12.71231385,48.50161319,south,686,Western European broadleaf forests,2022,R22,restored,fresh,mowing,4.85,5.0075,7.02,7.0225,249.37,0.46,9.1e-4,5.64,21.12,34.84501,0.34,0.27,1.43,1.29,1.33028,1.59,1.32,1.14739
S_JAU_A4,S_JAU,12.71231385,48.50161319,south,686,Western European broadleaf forests,2022,R22,restored,fresh,mowing,5.09,5.0075,7.02,7.0225,247.7,0.45,0.00106,5.64,11.08,107.55081,0.18,0.2,1.34,1.18,1.32087,1.35,1.27,1.21415
S_JHB_A1,S_JHB,12.47326098,48.47581201,south,686,Western European broadleaf forests,2023,R,restored,moist,mowing,5.79,6.0475,6.5,6.4225,248,0.49,9.8e-4,5.98,22.15,26.72425,0.26,0.57,1.29,1.4,1.56859,1.48,1.42,1.49907
S_JHB_A2,S_JHB,12.47326098,48.47581201,south,686,Western European broadleaf forests,2023,R22,restored,moist,mowing,6.24,6.0475,6.38,6.4225,246.39,0.53,8.4e-4,5.97,45.73,26.72425,0.36,0.6,1.35,1.41,1.59721,1.32,1.32,1.41821
S_JHB_A3,S_JHB,12.47326098,48.47581201,south,686,Western European broadleaf forests,2023,R,restored,moist,mowing,5.97,6.0475,6.52,6.4225,245.73,0.52,7.3e-4,5.71,24.25,37.27973,0.28,0.66,1.33,1.33,1.52773,1.39,1.33,1.3125
S_JHB_A4,S_JHB,12.47326098,48.47581201,south,686,Western European broadleaf forests,2023,R22,restored,moist,mowing,6.19,6.0475,6.29,6.4225,253.96,0.54,7.1e-4,5.71,21.12,26.72425,0.27,0.56,1.31,1.36,1.51298,1.36,1.46,1.63274
S_JOS_A1,S_JOS,12.1719055,48.52702364,south,686,Western European broadleaf forests,2022,R,restored,fresh,mowing,5.34,4.99,7.3,7.3575,265.18,0.43,8.4e-4,9.11,21.12,44.56815,0.3,0.58,1.48,1.61,1.33607,1.45,1.28,1.36016
S_JOS_A2,S_JOS,12.1719055,48.52702364,south,686,Western European broadleaf forests,2022,R,restored,fresh,mowing,5.03,4.99,7.32,7.3575,250.09,0.42,0.00154,9.11,12.84,23.04331,0.3,0.57,1.42,1.44,1.66084,1.61,1.38,1.46402
S_JOS_A3,S_JOS,12.1719055,48.52702364,south,686,Western European broadleaf forests,2022,R21,restored,fresh,mowing,4.84,4.99,7.42,7.3575,245.97,0.43,0.00176,10.88,7.56,26.72425,0.33,0.47,1.47,1.37,1.69833,1.52,1.19,1.37641
S_JOS_A4,S_JOS,12.1719055,48.52702364,south,686,Western European broadleaf forests,2022,R,restored,fresh,mowing,4.75,4.99,7.39,7.3575,243.18,0.45,0.00123,10.88,21.12,23.96591,0.44,0.53,1.65,1.43,1.47794,1.52,1.23,1.53338
S_KDT_A1,S_KDT,11.88897373,48.77168548,south,686,Western European broadleaf forests,2023,R22,positive,fresh,mowing,4.62,4.505,7.04,6.9925,226.64,0.48,0.00116,7.72,21.12,90.03656,0.38,0.36,1.57,1.52,1.7541,1.51,1.4,1.16432
S_KDT_A3,S_KDT,11.88897373,48.77168548,south,686,Western European broadleaf forests,2023,R22,positive,fresh,mowing,4.63,4.505,6.93,6.9925,235.27,0.39,0.00112,25.78,47.69,185.51455,0.41,0.44,1.82,1.68,2.03115,1.53,1.29,1.46712
S_KRT_A1,S_KRT,11.61319851,48.43912991,south,686,Western European broadleaf forests,2023,R,restored,dry,both,3.99,4.2075,7.35,7.235,191.68,0.27,0.00187,17.12,17.92,24.49411,0.35,0.53,1.75,1.43,1.85371,1.39,1.31,1.31785
S_KRT_A2,S_KRT,11.61319851,48.43912991,south,686,Western European broadleaf forests,2023,R,restored,dry,both,5,4.2075,6.75,7.235,215.77,0.47,0.00361,5.47,23.13,65.65601,0.29,0.63,1.34,1.63,1.34869,1.34,1.29,1.14767
S_KRT_A3,S_KRT,11.61319851,48.43912991,south,686,Western European broadleaf forests,2023,R22,restored,dry,both,3.92,4.2075,7.57,7.235,236.13,0.5,0.00204,21.7,52.12,39.31635,0.48,0.55,1.39,1.6,1.49483,1.52,1.53,1.36501
S_KRT_A4,S_KRT,11.61319851,48.43912991,south,686,Western European broadleaf forests,2023,R1A,restored,dry,both,3.92,4.2075,7.27,7.235,176.14,0.26,0.00183,20.25,20.01,13.75422,0.51,0.62,1.93,1.58,1.73367,1.22,1.28,1.28647
S_LAP_A1,S_LAP,12.09402349,48.54027517,south,686,Western European broadleaf forests,2023,R22,restored,fresh,mowing,5.39,5.285,6.76,6.9,260.95,0.72,0.00236,5.76,24.26,92.77003,0.36,0.62,1.34,1.51,1.81568,1.41,1.13,1.44937
S_LAP_A2,S_LAP,12.09402349,48.54027517,south,686,Western European broadleaf forests,2023,R,restored,fresh,mowing,5.78,5.285,7,6.9,279.26,0.88,2.5e-4,5.42,4.84,19.33836,0.23,0.42,1.17,1.32,1.95671,1.6,1.34,1.47751
S_LAP_A3,S_LAP,12.09402349,48.54027517,south,686,Western European broadleaf forests,2023,R,restored,fresh,mowing,5.46,5.285,6.8,6.9,254.28,0.73,0.00144,13.22,4.84,92.77003,0.42,0.41,1.26,1.26,1.73109,1.31,1.24,1.31956
S_LAP_A4,S_LAP,12.09402349,48.54027517,south,686,Western European broadleaf forests,2023,V15,restored,fresh,mowing,4.51,5.285,7.04,6.9,253.56,0.39,7.9e-4,25.19,23.69,38.64477,0.31,0.63,1.64,1.93,2.37374,1.31,1.55,1.49775
S_LPI_A1,S_LPI,12.7908912,48.69968268,south,686,Western European broadleaf forests,2023,R1A,restored,dry,mowing,3.84,4.0975,7.45,7.0825,200.82,0.38,0.00206,6.27,10.93,17.03133,0.35,0.72,1.58,1.55,1.60677,1.71,1.37,1.45334
S_LPI_A2,S_LPI,12.7908912,48.69968268,south,686,Western European broadleaf forests,2023,R22,restored,dry,mowing,4.26,4.0975,6.97,7.0825,234.44,0.47,0.00178,10.3,43.18,26.42342,0.34,0.45,1.6,1.61,1.57585,1.4,1.51,1.57666
S_LPI_A3,S_LPI,12.7908912,48.69968268,south,686,Western European broadleaf forests,2023,R,restored,dry,mowing,4.21,4.0975,6.94,7.0825,222.52,0.45,0.00178,8.1,48.44,19.04631,0.32,0.41,1.59,1.49,1.64725,1.47,1.44,1.6966
S_LPI_A4,S_LPI,12.7908912,48.69968268,south,686,Western European broadleaf forests,2023,R1A,restored,dry,mowing,4.08,4.0975,6.97,7.0825,216.49,0.4,0.00249,8.74,48.44,19.04631,0.36,0.54,1.66,1.51,1.45643,1.57,1.39,1.39734
S_MAS_A1,S_MAS,11.6437404,48.33687532,south,686,Western European broadleaf forests,2023,R,restored,moist,mowing,7.22,5.7575,6.94,7.19,207.49,0.55,0.00105,8.28,7.56,27.36802,0.81,0.38,1.9,1.58,1.37195,1.8,1.46,1.52592
S_MAS_A2,S_MAS,11.6437404,48.33687532,south,686,Western European broadleaf forests,2023,R,restored,moist,mowing,5.42,5.7575,7.13,7.19,237.16,0.56,0.00188,8.76,16.04,77.09859,0.54,0.57,1.64,1.6,1.61002,1.29,1.25,1.46719
S_MAS_A3,S_MAS,11.6437404,48.33687532,south,686,Western European broadleaf forests,2023,R,restored,moist,mowing,4.86,5.7575,7.62,7.19,212.86,0.5,0.00373,8.28,11.08,27.36802,0.59,0.52,1.43,1.43,1.44851,1.53,1.55,1.41463
S_MAS_A4,S_MAS,11.6437404,48.33687532,south,686,Western European broadleaf forests,2023,R22,restored,moist,mowing,5.53,5.7575,7.07,7.19,248.98,0.52,0.00152,7.72,12.43,26.72425,0.41,0.62,1.48,1.66,1.4824600000000001,1.72,1.57,1.53652
S_MBM_A1,S_MBM,12.30389712,48.62358624,south,686,Western European broadleaf forests,2022,R1A,restored,moist,mowing,3.72,5.15,7.42,7.0425,200.65,0.35,0.0011,7.44,16.8,90.03656,0.24,0.49,1.68,1.5,1.81114,1.52,1.56,1.36145
S_MBM_A2,S_MBM,12.30389712,48.62358624,south,686,Western European broadleaf forests,2022,R1A,restored,moist,mowing,3.84,5.15,6.99,7.0425,219.38,0.4,0.00154,7.44,16.8,13.75422,0.18,0.35,1.51,1.43,1.71025,1.44,1.41,1.70471
S_MBM_A3,S_MBM,12.30389712,48.62358624,south,686,Western European broadleaf forests,2022,R1A,restored,moist,mowing,5.58,5.15,6.8,7.0425,217.19,0.58,0.00119,6.57,21.89,114.20122,0.73,0.46,1.45,1.43,1.64355,1.77,1.39,1.52646
S_MBM_A4,S_MBM,12.30389712,48.62358624,south,686,Western European broadleaf forests,2022,Q53,restored,moist,mowing,7.46,5.15,6.96,7.0425,182.49,0.73,7.9e-4,25.04,4.62,105.71441,0.49,0.08,1.43,1.21,1.26482,1.17,1.06,1.14464
S_MCH_A1,S_MCH,12.07870896,48.53248617,south,686,Western European broadleaf forests,2023,R22,restored,fresh,mowing,4.06,4.3025,7.46,7.275,204.53,0.48,0.00209,25.88,21.12,60.15062,0.27,0.48,1.38,1.3,1.61447,1.66,1.43,1.42904
S_MCH_A2,S_MCH,12.07870896,48.53248617,south,686,Western European broadleaf forests,2023,R22,restored,fresh,mowing,4.05,4.3025,7.42,7.275,214.38,0.47,0.00172,191.64,21.12,65.65601,0.23,0.45,1.48,1.28,1.47303,1.52,1.36,1.48029
S_MCH_A3,S_MCH,12.07870896,48.53248617,south,686,Western European broadleaf forests,2023,R22,restored,fresh,mowing,4.52,4.3025,7.02,7.275,220.38,0.47,0.00125,36.72,21.12,65.65601,0.36,0.27,1.5,1.37,1.53335,1.2,1.37,1.28429
S_MCH_A4,S_MCH,12.07870896,48.53248617,south,686,Western European broadleaf forests,2023,R22,restored,fresh,mowing,4.58,4.3025,7.2,7.275,224.06,0.49,0.00187,25.94,21.12,72.51469,0.44,0.31,1.58,1.43,1.61357,1.3,1.31,1.08903
S_MTK_A4,S_MTK,12.71665297,48.35337998,south,686,Western European broadleaf forests,2023,R22,positive,fresh,mowing,5.01,5.065,7.09,7.0025,250.85,0.49,4.8e-4,8.05,26.51,37.27973,0.28,0.37,1.93,1.48,1.92385,1.82,1.41,1.5825
S_NOZ_A1,S_NOZ,11.85303491,48.30648641,south,686,Western European broadleaf forests,2022,R,restored,fresh,mowing,4.4,4.35,7.33,7.5075,241.48,0.45,0.00152,10.05,11.08,21.53837,0.38,0.41,1.46,1.21,1.382,1.49,1.33,1.52279
S_NOZ_A2,S_NOZ,11.85303491,48.30648641,south,686,Western European broadleaf forests,2022,R,restored,fresh,mowing,4.54,4.35,7.62,7.5075,220.7,0.53,0.00109,9.11,21.12,66.4792,0.5,0.45,1.65,1.39,1.81885,1.39,1.29,1.47008
S_NOZ_A3,S_NOZ,11.85303491,48.30648641,south,686,Western European broadleaf forests,2022,R,restored,fresh,mowing,4.22,4.35,7.47,7.5075,223.11,0.49,0.00169,10.88,21.12,185.51455,0.31,0.47,1.65,1.33,1.66317,1.3,1.4,1.43566
S_NOZ_A4,S_NOZ,11.85303491,48.30648641,south,686,Western European broadleaf forests,2022,R,restored,fresh,mowing,4.24,4.35,7.61,7.5075,220.34,0.51,0.00124,10.88,11.08,21.53837,0.31,0.46,1.58,1.39,1.7549,1.51,1.37,1.60238
S_OST_A1,S_OST,13.0299326,48.69049221,south,686,Western European broadleaf forests,2023,R,restored,moist,mowing,5.03,5.595,7.25,6.99,197.51,0.37,0.0015,58.63,43.6,34.34727,0.69,0.44,1.8,2.29,1.579,1.42,1.49,1.37903
S_OST_A2,S_OST,13.0299326,48.69049221,south,686,Western European broadleaf forests,2023,R22,restored,moist,mowing,5.03,5.595,6.98,6.99,233.6,0.43,8.9e-4,17.81,43.36,35.74697,0.55,0.43,1.69,1.96,1.59535,1.66,1.79,1.4803
S_OST_A3,S_OST,13.0299326,48.69049221,south,686,Western European broadleaf forests,2023,R,restored,moist,mowing,6.09,5.595,6.66,6.99,218.83,0.45,0.00252,17.35,45.84,24.49411,0.59,0.5,1.45,1.49,1.48807,1.5,1.45,1.44609
S_OST_A4,S_OST,13.0299326,48.69049221,south,686,Western European broadleaf forests,2023,R,restored,moist,mowing,6.23,5.595,7.07,6.99,189.2,0.42,0.00139,11.72,35.99,44.3388,0.66,0.23,1.43,2.2,1.50627,1.65,1.5,1.14526
S_OSW_A1,S_OSW,12.77263565,48.34503539,south,686,Western European broadleaf forests,2023,R22,restored,fresh,mowing,4.58,4.835,7.13,7.1325,225.84,0.43,0.00121,8.05,22.74,10.79376,0.32,0.42,1.67,1.46,1.47724,1.65,1.37,1.59963
S_OSW_A2,S_OSW,12.77263565,48.34503539,south,686,Western European broadleaf forests,2023,R22,restored,fresh,mowing,4.72,4.835,7.19,7.1325,246.29,0.41,0.001,8.05,12.84,22.79339,0.34,0.55,1.75,1.3,1.96074,1.74,1.16,1.65495
S_OSW_A3,S_OSW,12.77263565,48.34503539,south,686,Western European broadleaf forests,2023,R21,restored,fresh,mowing,5.18,4.835,7.1,7.1325,288.49,0.45,4.2e-4,8.05,12.84,10.79376,0.33,0.39,1.73,1.36,2.00688,1.6,1.24,1.48591
S_OSW_A4,S_OSW,12.77263565,48.34503539,south,686,Western European broadleaf forests,2023,R22,restored,fresh,mowing,4.86,4.835,7.11,7.1325,248.56,0.43,6.9e-4,11.08,6.74,19.19681,0.33,0.4,1.76,1.39,1.71997,1.61,1.46,1.43898
S_PEI_A1,S_PEI,12.04598848,48.91343401,south,686,Western European broadleaf forests,2022,R22,restored,fresh,mowing,5.13,5.5725,6.76,6.69,218.69,0.42,8.6e-4,5.72,43.6,44.56815,0.44,0.53,1.55,1.56,1.54855,1.68,1.56,1.45876
S_PEI_A2,S_PEI,12.04598848,48.91343401,south,686,Western European broadleaf forests,2022,R22,restored,fresh,mowing,5.66,5.5725,6.73,6.69,231.3,0.48,8.6e-4,5.64,22.74,12.14919,0.36,0.51,1.59,1.46,1.49973,1.43,1.39,1.46955
S_PEI_A3,S_PEI,12.04598848,48.91343401,south,686,Western European broadleaf forests,2022,R,restored,fresh,mowing,5.54,5.5725,6.77,6.69,227.95,0.42,0.0013,5.71,45.73,12.32395,0.4,0.74,1.58,1.53,1.4394,1.43,1.25,1.51705
S_PEI_A4,S_PEI,12.04598848,48.91343401,south,686,Western European broadleaf forests,2022,R,restored,fresh,mowing,5.96,5.5725,6.5,6.69,265.03,0.47,7.6e-4,5.72,43.6,12.14919,0.21,0.52,1.47,1.73,1.46869,1.68,1.2,1.35417
S_PEN_A1,S_PEN,12.08385737,48.91885874,south,686,Western European broadleaf forests,2022,R,negative,moist,mowing,6.65,5.7875,6.78,6.9,250.18,0.59,5.8e-4,8.75,27.24,44.56815,0.68,0.37,1.64,2.1,1.36433,1.51,1.47,1.09106
S_PEN_A2,S_PEN,12.08385737,48.91885874,south,686,Western European broadleaf forests,2022,R,negative,moist,mowing,5.49,5.7875,6.71,6.9,253.42,0.58,6.7e-4,6.06,29.33,18.61817,0.5,0.41,1.49,1.43,1.41422,1.42,1.34,1.24523
S_POP_A1,S_POP,12.752462,48.34326695,south,686,Western European broadleaf forests,2023,R22,restored,fresh,mowing,6.09,5.53,6.93,6.9575,277.64,0.59,5.5e-4,4.34,21.12,23.04331,0.43,0.77,1.41,1.71,1.63863,1.42,1.61,1.39131
S_POP_A2,S_POP,12.752462,48.34326695,south,686,Western European broadleaf forests,2023,R22,restored,fresh,mowing,5.32,5.53,6.95,6.9575,255.53,0.42,8.2e-4,5.41,21.12,23.04331,0.36,0.51,1.64,1.79,1.50068,1.57,1.74,1.50572
S_POP_A3,S_POP,12.752462,48.34326695,south,686,Western European broadleaf forests,2023,R22,restored,fresh,mowing,5.5,5.53,7.02,6.9575,255.84,0.48,7.9e-4,4.34,21.12,23.04331,0.47,0.63,1.61,1.94,1.64906,1.47,1.4,1.08353
S_POP_A4,S_POP,12.752462,48.34326695,south,686,Western European broadleaf forests,2023,R22,restored,fresh,mowing,5.21,5.53,6.93,6.9575,238.53,0.42,8e-4,4.34,21.12,77.09859,0.37,0.44,1.58,1.45,1.53931,1.38,1.49,1.076
S_RUP_A1,S_RUP,12.76338506,48.57072509,south,686,Western European broadleaf forests,2023,R,negative,fresh,mowing,5.26,5.16,7.64,7.7675,263.16,0.55,0.0013,4.34,4.6,3.5044,0.23,0.51,1.14,1.12,1.38595,1.03,1.03,1.9989
S_RUP_A2,S_RUP,12.76338506,48.57072509,south,686,Western European broadleaf forests,2023,R,negative,fresh,mowing,5.07,5.16,7.87,7.7675,256.89,0.55,0.0018600000000000001,2.23,23.36,5.15158,0.07,0.21,1.03,1.08,1.08807,1.32,1.02,1.55401
S_RUP_A4,S_RUP,12.76338506,48.57072509,south,686,Western European broadleaf forests,2023,R,negative,fresh,mowing,5.22,5.16,7.74,7.7675,261.64,0.55,0.00147,1.89,8.86,3.5044,0.19,0.4,1.1,1.07,1.2947,1.17,1.02,1.5282
S_SBA_A2,S_SBA,12.91630909,48.22090622,south,686,Western European broadleaf forests,2022,R1A,positive,dry,mowing,3.36,3.775,7.21,7.085,204.21,0.38,7.5e-4,17.12,26.37,108.64715,0.37,0.75,1.44,1.75,2.03073,1.52,1.57,1.5839
S_SBA_A3,S_SBA,12.91630909,48.22090622,south,686,Western European broadleaf forests,2022,R1A,positive,dry,mowing,3.83,3.775,6.96,7.085,214.05,0.36,9.7e-4,8.47,27.62,147.5485,0.34,0.7,1.26,1.88,1.82784,1.43,1.57,1.17984
S_SBA_A4,S_SBA,12.91630909,48.22090622,south,686,Western European broadleaf forests,2022,R1A,positive,dry,mowing,4.04,3.775,6.91,7.085,209.78,0.3,0.00229,13.16,57.77,965.86803,0.33,0.52,1.29,2.26,1.81994,1.39,1.67,1.4576
S_SBN_A1,S_SBN,12.91495514,48.2218162,south,686,Western European broadleaf forests,2022,R1A,restored,dry,mowing,3.33,3.835,7.78,7.515,193.86,0.27,0.001,6.88,89.49,44.3388,0.47,0.36,1.42,2.2,1.66399,1.56,1.45,1.40711
S_SBN_A2,S_SBN,12.91495514,48.2218162,south,686,Western European broadleaf forests,2022,R1A,restored,dry,mowing,3.88,3.835,7.36,7.515,199.45,0.32,9.4e-4,15.28,73.38,965.86803,0.55,0.57,1.62,1.68,1.82412,1.52,1.52,1.43287
S_SBN_A3,S_SBN,12.91495514,48.2218162,south,686,Western European broadleaf forests,2022,R1A,restored,dry,mowing,3.66,3.835,7.55,7.515,202.82,0.3,7.7e-4,15.28,73.38,147.5485,0.42,0.49,1.41,1.58,1.70358,1.59,1.54,1.35498
S_SBN_A4,S_SBN,12.91495514,48.2218162,south,686,Western European broadleaf forests,2022,R1A,restored,dry,mowing,4.47,3.835,7.37,7.515,200.05,0.33,8e-4,11.48,120.41,108.64715,0.56,0.51,1.41,1.97,1.7006,1.4,1.47,1.30969
S_SHH_A1,S_SHH,11.80223937,48.84317953,south,686,Western European broadleaf forests,2022,R21,restored,dry,grazing,4.36,4.255,7.27,7.18,252.89,0.38,6.5e-4,28.89,35.24,37.27973,0.27,0.54,1.86,1.5,1.85481,1.41,1.41,1.19872
S_SHH_A2,S_SHH,11.80223937,48.84317953,south,686,Western European broadleaf forests,2022,R21,restored,dry,grazing,4.06,4.255,7.17,7.18,222.29,0.23,4.8e-4,28.89,81.34,24.20282,0.23,0.45,2,2.47,1.82487,1.54,1.61,1.53581
S_SHH_A3,S_SHH,11.80223937,48.84317953,south,686,Western European broadleaf forests,2022,R22,restored,dry,grazing,4.17,4.255,7.15,7.18,220.18,0.29,6.2e-4,17.12,37.67,24.20282,0.27,0.44,1.97,2.18,1.78659,1.51,1.45,1.52763
S_SHH_A4,S_SHH,11.80223937,48.84317953,south,686,Western European broadleaf forests,2022,R22,restored,dry,grazing,4.43,4.255,7.13,7.18,251.04,0.41,7.3e-4,17.12,81.34,22.79339,0.34,0.44,1.77,1.48,1.86153,1.52,1.41,1.65098
S_SIM_A2,S_SIM,13.00670297,48.27852534,south,686,Western European broadleaf forests,2023,R22,positive,fresh,mowing,4.11,4.41,7.26,7.105,230.13,0.53,0.00139,10.73,44.79,12.8461,0.18,0.54,1.65,1.83,1.52273,1.69,1.44,1.81681
S_SIM_A3,S_SIM,13.00670297,48.27852534,south,686,Western European broadleaf forests,2023,R22,positive,fresh,mowing,4.94,4.41,7.05,7.105,229.27,0.41,0.0011,10.73,48.56,55.5781,0.34,0.27,1.92,1.82,1.49218,1.68,1.7,1.48743
S_SIM_A4,S_SIM,13.00670297,48.27852534,south,686,Western European broadleaf forests,2023,R1A,positive,fresh,mowing,3.81,4.41,7.08,7.105,234.56,0.48,0.00248,5.39,49.58,94.93151,0.23,0.8,1.32,1.51,1.26278,1.57,1.46,1.23482
S_SNF_A1,S_SNF,12.82663992,48.49460355,south,686,Western European broadleaf forests,2022,R,restored,moist,mowing,6.42,6.3075,6.54,6.625,242.04,0.56,5.3e-4,28.37,19.47,17.9079,0.33,0.7,1.82,1.58,1.69694,1.34,1.64,1.64507
S_SNF_A2,S_SNF,12.82663992,48.49460355,south,686,Western European broadleaf forests,2022,R,restored,moist,mowing,6.32,6.3075,6.28,6.625,284.84,0.55,4.3e-4,5.86,7.71,12.90401,0.31,0.53,1.41,1.41,1.60039,1.43,1.52,1.60814
S_SNF_A3,S_SNF,12.82663992,48.49460355,south,686,Western European broadleaf forests,2022,R,restored,moist,mowing,6.78,6.3075,6.87,6.625,304.08,0.49,4.8e-4,5.86,18.89,8.00232,0.64,0.87,1.33,1.46,1.50023,1.24,1.4,1.56574
S_SNF_A4,S_SNF,12.82663992,48.49460355,south,686,Western European broadleaf forests,2022,R,restored,moist,mowing,5.71,6.3075,6.81,6.625,259.6,0.4,7.1e-4,25.06,47.69,17.33117,0.42,0.58,1.73,1.62,1.90647,1.3,1.57,1.71886
S_STB_A1,S_STB,12.90330298,48.34946692,south,686,Western European broadleaf forests,2023,R21,restored,moist,mowing,4.95,5.17,7.25,7.1975,227.06,0.31,7.1e-4,237.46,27.24,70.1794,0.38,0.49,1.93,1.83,1.5363,1.51,1.63,1.3588
S_STB_A2,S_STB,12.90330298,48.34946692,south,686,Western European broadleaf forests,2023,R,restored,moist,mowing,5.64,5.17,7.26,7.1975,198.57,0.39,4.7e-4,227.98,7.61,87.36615,0.43,0.48,3.28,1.55,1.78858,1.54,1.46,1.34129
S_STB_A3,S_STB,12.90330298,48.34946692,south,686,Western European broadleaf forests,2023,R21,restored,moist,mowing,5.15,5.17,7.16,7.1975,245.02,0.36,7e-4,227.98,20.06,38.50358,0.42,0.37,1.82,1.46,1.45503,1.42,1.51,1.44466
S_STB_A4,S_STB,12.90330298,48.34946692,south,686,Western European broadleaf forests,2023,R21,restored,moist,mowing,4.94,5.17,7.12,7.1975,235.69,0.26,9.2e-4,237.46,30.15,70.1794,0.27,0.57,1.7,1.82,1.41871,1.51,1.71,1.30994
S_STW_A1,S_STW,12.95283715,48.80354079,south,686,Western European broadleaf forests,2022,R37,positive,moist,mowing,6.31,6.1675,6.71,6.72,205.71,0.49,0.00155,16.3,30.78,965.86803,0.56,0.43,1.36,1.95,1.72337,1.47,1.5,1.23548
S_STW_A2,S_STW,12.95283715,48.80354079,south,686,Western European broadleaf forests,2022,R35,positive,moist,mowing,6.87,6.1675,6.58,6.72,214.72,0.51,0.00102,14.95,22.66,207.62251,0.47,0.46,1.55,2,1.73045,1.5,1.27,1.37043
S_TIE_A1,S_TIE,12.09043374,48.51097382,south,686,Western European broadleaf forests,2023,R22,restored,fresh,mowing,5.46,4.845,7.04,7.2875,266.18,0.53,0.00168,5.45,21.12,10.24089,0.39,0.24,1.51,1.35,1.80101,1.32,1.33,1.56532
S_TIE_A2,S_TIE,12.09043374,48.51097382,south,686,Western European broadleaf forests,2023,R22,restored,fresh,mowing,5.05,4.845,7.2,7.2875,243.41,0.51,0.002,6.98,21.12,10.24089,0.49,0.55,1.58,1.39,1.75599,1.77,1.42,2.10599
S_TIE_A3,S_TIE,12.09043374,48.51097382,south,686,Western European broadleaf forests,2023,R22,restored,fresh,mowing,4.54,4.845,7.4,7.2875,234.24,0.48,0.00217,6.98,11.08,11.47425,0.45,0.51,1.58,1.29,1.59296,1.51,1.56,1.41233
S_TIE_A4,S_TIE,12.09043374,48.51097382,south,686,Western European broadleaf forests,2023,R,restored,fresh,mowing,4.33,4.845,7.51,7.2875,225.47,0.4,0.00252,7.27,9.75,16.56783,0.36,0.55,1.59,1.38,1.59604,1.77,1.35,1.47634
S_TRN_A1,S_TRN,11.82695299,48.73620979,south,686,Western European broadleaf forests,2023,V15,restored,fresh,mowing,4.43,4.4375,7.17,6.7775,242.37,0.37,0.00208,33.03,53.06,20.31121,0.33,0.47,1.48,2.48,2.04804,1.56,1.46,1.47801
S_TRN_A2,S_TRN,11.82695299,48.73620979,south,686,Western European broadleaf forests,2023,R,restored,fresh,mowing,4.47,4.4375,6.21,6.7775,280.71,0.32,7.4e-4,13.75,53.06,20.31121,0.37,1.02,2.49,1.98,1.41729,1.57,1.4,1.6117
S_TRN_A3,S_TRN,11.82695299,48.73620979,south,686,Western European broadleaf forests,2023,R,restored,fresh,mowing,4.32,4.4375,6.99,6.7775,241.21,0.34,8.3e-4,19.92,43.6,20.31121,0.41,0.84,1.91,1.79,1.49355,1.68,1.34,1.42685
S_TRN_A4,S_TRN,11.82695299,48.73620979,south,686,Western European broadleaf forests,2023,V,restored,fresh,mowing,4.53,4.4375,6.74,6.7775,255.11,0.46,0.00179,14.76,14.8,13.2324,0.29,0.58,1.56,1.87,1.62046,1.37,1.45,1.3553
S_UKB_A1,S_UKB,11.57301044,48.43279483,south,686,Western European broadleaf forests,2023,R,negative,fresh,mowing,5.18,5.3575,6.92,6.8275,248,0.44,9e-4,75.38,43.6,19.02373,0.39,0.52,1.56,1.89,1.6563,1.37,1.64,1.60213
S_UKB_A3,S_UKB,11.57301044,48.43279483,south,686,Western European broadleaf forests,2023,R,negative,fresh,mowing,5.57,5.3575,6.95,6.8275,263.94,0.45,0.00121,75.38,43.6,26.72425,0.37,0.72,1.62,1.79,2.02984,1.35,1.47,1.65867
S_VIB_A1,S_VIB,12.36689193,48.45628545,south,686,Western European broadleaf forests,2023,R,negative,moist,mowing,5.95,6.1575,6.95,6.7775,288.71,0.57,4.6e-4,1.96,9.75,6.16793,0.5,0.8,1.31,1.38,1.78932,1.06,1.66,1.84454
S_VIB_A2,S_VIB,12.36689193,48.45628545,south,686,Western European broadleaf forests,2023,R,negative,moist,mowing,6.29,6.1575,6.65,6.7775,290.62,0.56,4.2e-4,2.44,20.12,11.92942,0.46,0.77,1.28,1.39,1.91052,1.37,1.5,1.32608
S_VIB_A3,S_VIB,12.36689193,48.45628545,south,686,Western European broadleaf forests,2023,R,negative,moist,mowing,6.13,6.1575,6.78,6.7775,307.12,0.53,2e-4,1.25,8.75,1.89451,0.5,0.8,1.04,1.69,1.13005,1.53,1.61,1.90148
S_VIB_A4,S_VIB,12.36689193,48.45628545,south,686,Western European broadleaf forests,2023,R,negative,moist,mowing,6.26,6.1575,6.73,6.7775,294.59,0.59,3.1e-4,2.44,23.36,11.92942,0.47,0.8,1.25,1.34,1.67112,1.14,1.5,1.6322
S_VLP_A4,S_VLP,12.90589476,48.63870818,south,686,Western European broadleaf forests,2022,R35,positive,moist,mowing,6.87,6.57,6.85,6.8825,209.92,0.58,9.9e-4,25.06,47.69,14.49693,0.49,0.53,2.11,1.64,1.50999,1.45,1.39,1.2458
S_VLR_A1,S_VLR,12.91962329,48.63645504,south,686,Western European broadleaf forests,2022,R,restored,fresh,mowing,5.92,5.5825,6.9,7.12,263.22,0.49,0.00339,8.15,12.84,17.33117,0.15,0.34,1.31,1.51,1.94,1.5,1.65,1.43595
S_VLR_A2,S_VLR,12.91962329,48.63645504,south,686,Western European broadleaf forests,2022,R22,restored,fresh,mowing,5.34,5.5825,7.29,7.12,263.17,0.49,0.00117,8.12,22.74,27.24964,0.39,0.52,1.3,1.3,1.44533,1.56,1.27,1.55193
S_VLR_A3,S_VLR,12.91962329,48.63645504,south,686,Western European broadleaf forests,2022,R,restored,fresh,mowing,5.44,5.5825,7.04,7.12,267.99,0.47,0.00118,9.22,20.8,27.24964,0.43,0.47,1.4,1.62,1.74449,1.41,1.33,1.70255
S_VLR_A4,S_VLR,12.91962329,48.63645504,south,686,Western European broadleaf forests,2022,R,restored,fresh,mowing,5.63,5.5825,7.25,7.12,269.65,0.54,0.00123,4.56,12.18,44.56815,0.31,0.55,1.36,1.36,1.52793,1.78,1.37,1.39836
S_WGD_A1,S_WGD,12.43641984,48.56602654,south,686,Western European broadleaf forests,2022,R22,restored,fresh,mowing,5.69,5.595,7.46,7.28,236.14,0.62,0.00166,7.08,12.43,18.46227,0.35,0.69,1.6,2.12,1.38394,1.83,1.4,1.64087
S_WGD_A2,S_WGD,12.43641984,48.56602654,south,686,Western European broadleaf forests,2022,R22,restored,fresh,mowing,6.17,5.595,7.41,7.28,247.07,0.67,0.00205,9.11,21.12,21.53837,0.31,0.62,1.47,2.09,1.53823,1.42,1.64,1.58875
S_WGD_A3,S_WGD,12.43641984,48.56602654,south,686,Western European broadleaf forests,2022,R22,restored,fresh,mowing,5.15,5.595,7.12,7.28,224.59,0.5,0.00109,7.08,12.43,24.97891,0.41,0.63,1.51,1.61,1.54057,1.75,1.59,1.39587
S_WGD_A4,S_WGD,12.43641984,48.56602654,south,686,Western European broadleaf forests,2022,R22,restored,fresh,mowing,5.37,5.595,7.13,7.28,237.3,0.48,0.00105,9.77,21.12,10.15553,0.44,0.64,1.63,1.82,1.46594,1.46,1.58,1.38996
S_WLF_A1,S_WLF,11.71529076,48.47763047,south,686,Western European broadleaf forests,2023,R,negative,fresh,mowing,6.52,6.0825,7.6,6.6175,291.9,0.59,1.6e-4,4.46,11.32,11.46119,0.34,0.53,1.33,1.16,1.98383,1.58,1.37,1.68535
S_WLF_A2,S_WLF,11.71529076,48.47763047,south,686,Western European broadleaf forests,2023,R,negative,fresh,mowing,5.54,6.0825,6.37,6.6175,250.64,0.39,0.00128,4.34,11.32,11.46119,0.31,0.48,1.36,1.88,1.78738,1.47,1.64,1.81322
S_WLF_A3,S_WLF,11.71529076,48.47763047,south,686,Western European broadleaf forests,2023,R,negative,fresh,mowing,5.99,6.0825,6.31,6.6175,254.72,0.58,7.4e-4,3.85,2.76,11.46119,0.21,0.47,1.26,1.2,1.51245,1.55,1.54,1.46759
S_WLF_A4,S_WLF,11.71529076,48.47763047,south,686,Western European broadleaf forests,2023,R,negative,fresh,mowing,6.28,6.0825,6.19,6.6175,266.04,0.61,6.6e-4,3.72,3.21,6.67183,0.31,0.29,1.4,1.2,1.70458,1.78,1.71,1.54391
S_WNG_A1,S_WNG,12.37349432,48.65857576,south,686,Western European broadleaf forests,2023,R1A,positive,dry,mowing,4.31,4.11,7.01,6.9725,205.24,0.34,0.00254,8.38,23.69,16.38708,0.31,0.3,2.05,1.88,1.91657,1.69,1.41,1.68478
S_WNG_A2,S_WNG,12.37349432,48.65857576,south,686,Western European broadleaf forests,2023,R1A,positive,dry,mowing,4.25,4.11,7.1,6.9725,210.27,0.39,0.00188,8.38,23.69,18.32584,0.35,0.3,1.68,1.76,1.95308,1.65,1.68,1.49992
S_WNG_A3,S_WNG,12.37349432,48.65857576,south,686,Western European broadleaf forests,2023,R1A,positive,dry,mowing,4.05,4.11,6.85,6.9725,178.1,0.29,0.00336,11.96,17.27,19.08157,0.18,0.35,1.68,1.66,1.90181,1.57,1.5,1.55922
S_WNG_A4,S_WNG,12.37349432,48.65857576,south,686,Western European broadleaf forests,2023,R1A,positive,dry,mowing,3.83,4.11,6.93,6.9725,189.03,0.31,0.00244,11.87,20.08,23.628,0.24,0.47,1.9,1.91,1.86329,1.84,1.58,1.55164
S_WNK_A1,S_WNK,13.05049386,48.28204403,south,686,Western European broadleaf forests,2023,R,restored,fresh,mowing,4.93,4.72,7.2,7.26,238.49,0.39,0.00106,8.28,6.74,64.30386,0.3,0.44,1.51,1.64,1.34804,1.73,1.74,1.38062
S_WNK_A2,S_WNK,13.05049386,48.28204403,south,686,Western European broadleaf forests,2023,R22,restored,fresh,mowing,4.63,4.72,7.26,7.26,249.39,0.39,8.6e-4,8.05,60.22,55.5781,0.33,0.45,1.69,1.44,1.80724,1.5,1.41,1.16758
S_WNK_A3,S_WNK,13.05049386,48.28204403,south,686,Western European broadleaf forests,2023,R,restored,fresh,mowing,4.75,4.72,7.12,7.26,229.23,0.43,0.00192,5.72,21.12,128.57767,0.44,0.73,1.57,1.44,1.74289,1.66,1.34,1.439
S_WNK_A4,S_WNK,13.05049386,48.28204403,south,686,Western European broadleaf forests,2023,R,restored,fresh,mowing,4.57,4.72,7.46,7.26,226.21,0.4,0.00152,8.05,7.56,55.5781,0.35,0.51,1.69,1.53,1.64441,1.43,1.61,1.18196
S_WTB_A1,S_WTB,13.0168955,48.32459274,south,686,Western European broadleaf forests,2023,R,negative,fresh,mowing,5.46,5.2925,7.3,7.385,278.38,0.42,6.2e-4,5.72,18.07,7.12103,0.34,0.76,1.33,2.01,1.4982,1.27,1.35,1.98178
S_WTB_A2,S_WTB,13.0168955,48.32459274,south,686,Western European broadleaf forests,2023,R,negative,fresh,mowing,5.13,5.2925,7.6,7.385,275.72,0.35,9.7e-4,18.05,23.36,18.46227,0.12,0.5,1.26,2.24,1.45612,1.36,1.29,1.10347
S_WTB_A3,S_WTB,13.0168955,48.32459274,south,686,Western European broadleaf forests,2023,R,negative,fresh,mowing,5.16,5.2925,7.61,7.385,268.6,0.41,0.00108,4.34,18.07,7.70279,0.14,0.53,1.24,1.91,1.42817,1.5,1.72,1.90782
S_WTB_A4,S_WTB,13.0168955,48.32459274,south,686,Western European broadleaf forests,2023,R,negative,fresh,mowing,5.42,5.2925,7.03,7.385,258.07,0.47,0.00126,5.33,18.07,7.73759,0.27,0.86,1.19,1.56,1.4237,1.2,1.37,1.72321
S_WTH_A1,S_WTH,12.96174849,48.80605399,south,686,Western European broadleaf forests,2022,R,restored,moist,mowing,5.55,5.5325,7.12,6.9675,237.54,0.41,0.00174,6.46,10.49,107.55081,0.36,0.6,1.53,1.65,1.43391,1.3,1.67,1.4693
S_WTH_A2,S_WTH,12.96174849,48.80605399,south,686,Western European broadleaf forests,2022,R,restored,moist,mowing,5.68,5.5325,6.6,6.9675,244.79,0.46,9.7e-4,5.41,20.51,128.57767,0.31,0.62,1.38,1.44,1.69976,1.74,1.32,1.42504
S_WTH_A3,S_WTH,12.96174849,48.80605399,south,686,Western European broadleaf forests,2022,R,restored,moist,mowing,5.47,5.5325,7.2,6.9675,248.35,0.5,0.00138,7.25,12.84,11.77778,0.34,0.54,1.27,1.45,1.26049,1.61,1.49,1.43948
S_WTH_A4,S_WTH,12.96174849,48.80605399,south,686,Western European broadleaf forests,2022,R22,restored,moist,mowing,5.43,5.5325,6.95,6.9675,257.19,0.45,0.00172,7.72,12.84,43.21683,0.33,0.45,1.32,1.59,1.51189,1.32,1.57,1.24589
S_WTZ_A1,S_WTZ,12.87799591,48.35616758,south,686,Western European broadleaf forests,2023,R22,restored,fresh,mowing,5.34,5.35,6.92,6.9275,293.08,0.47,4.8e-4,9.6,12.84,16.42974,0.36,0.2,1.59,1.6,1.66254,1.65,1.54,1.48003
S_WTZ_A2,S_WTZ,12.87799591,48.35616758,south,686,Western European broadleaf forests,2023,R22,restored,fresh,mowing,5.44,5.35,6.86,6.9275,286.11,0.45,5e-4,13.07,13.83,19.08438,0.31,0.37,1.71,1.38,2.022,1.5,1.47,1.66932
S_WTZ_A3,S_WTZ,12.87799591,48.35616758,south,686,Western European broadleaf forests,2023,R22,restored,fresh,mowing,5.31,5.35,6.69,6.9275,282.56,0.41,4.6e-4,7.76,9.78,22.79339,0.31,0.46,1.87,1.45,2.01608,1.82,1.47,1.60954
S_WTZ_A4,S_WTZ,12.87799591,48.35616758,south,686,Western European broadleaf forests,2023,R,restored,fresh,mowing,5.31,5.35,7.24,6.9275,279.58,0.38,7.5e-4,8.05,21.12,22.79339,0.25,0.65,1.62,1.67,1.62314,1.55,1.33,1.40742
