id.plot,id.site,region,eco.id,eco.name,altitude,longitude,latitude,esy4,esy16,land.use.hist,obs.year,site.type,hydrology,mngm.type,rest.age,fdis.abu.oek.f,cwm.abu.oek.f,fdis.pres.oek.f,cwm.pres.oek.f,cwm.abu.oek.f.site,cwm.pres.oek.f.site,fdis.abu.oek.l,cwm.abu.oek.l,fdis.pres.oek.l,cwm.pres.oek.l,cwm.abu.oek.l.site,cwm.pres.oek.l.site,fdis.abu.sla,fric.abu.sla,feve.abu.sla,cwm.abu.sla,fdis.pres.sla,fric.pres.sla,feve.pres.sla,cwm.pres.sla,fdis.abu.height,fric.abu.height,feve.abu.height,cwm.abu.height,fdis.pres.height,fric.pres.height,feve.pres.height,cwm.pres.height,fdis.abu.seedmass,fric.abu.seedmass,feve.abu.seedmass,cwm.abu.seedmass,fdis.pres.seedmass,fric.pres.seedmass,feve.pres.seedmass,cwm.pres.seedmass
M_ALT_A1,M_ALT,centre,654,Central European mixed forests,58.13999939,11.74807035,51.82958952,V38,R,NA,2022,negative,moist,mowing,NA,0.74,5.04,0.49,4.9,6.155,4.9825,0.53,7.48,0.61,7.07,7.6825,7.26,1.39,17.39,1.25,206.12,1.66,17.39,1.76,251.07,1.61,19.97,1.4,0.5,1.99,19.97,2.05,0.34,1.30132,8.15184,1.5858,0.00179,1.78918,8.15184,1.84179,0.00104
M_ALT_A2,M_ALT,centre,654,Central European mixed forests,58.13999939,11.74807035,51.82958952,R22,R,NA,2022,negative,moist,mowing,NA,0.42,6.41,0.44,5,6.155,4.9825,0.41,7.71,0.61,7.09,7.6825,7.26,1.82,7.48,1.45,228.39,1.64,7.48,1.86,239.81,1.83,37.25,1.73,0.69,2.62,37.25,2.01,0.37,1.35441,6.07461,1.61219,0.00176,1.79098,6.07461,1.76451,7.60E-04
M_ALT_A3,M_ALT,centre,654,Central European mixed forests,58.13999939,11.74807035,51.82958952,R22,R,NA,2022,negative,moist,mowing,NA,0.3,6.66,0.54,4.86,6.155,4.9825,0.32,7.78,0.57,7.38,7.6825,7.26,1.94,9.58,1.39,219.48,1.55,9.58,1.79,256.79,1.77,157.79,1.18,0.73,3.26,157.79,1.77,0.37,1.36171,28.15501,1.06871,0.0018,1.83525,28.15501,1.59735,0.00125
M_ALT_A4,M_ALT,centre,654,Central European mixed forests,58.13999939,11.74807035,51.82958952,R,R,NA,2022,negative,moist,mowing,NA,0.38,6.51,0.62,5.17,6.155,4.9825,0.33,7.76,0.54,7.5,7.6825,7.26,1.84,7.35,1.43,210.66,1.56,7.35,1.93,234.57,1.52,37.25,1.3,0.6,2.66,37.25,1.92,0.4,1.24848,19.4507,1.11945,0.00193,2.0609,19.4507,1.82157,0.00143
M_ASE_A1,M_ASE,centre,654,Central European mixed forests,124.5699997,11.66707081,51.47886224,V,V,arable land,2023,restored,fresh,none,2,0.39,3.7,0.35,4.29,3.9925,4.22,0.63,7.47,0.71,7.29,7.29,7.22,1.86,41.07,1.71,212.2,1.76,41.07,1.59,227.14,1.56,41.43,1.77,0.52,1.92,41.43,1.86,0.47,1.40733,10.04263,1.67393,0.00271,1.72175,10.04263,1.82103,0.00108
M_ASE_A2,M_ASE,centre,654,Central European mixed forests,124.5699997,11.66707081,51.47886224,V,V,arable land,2023,restored,fresh,none,2,0.34,3.94,0.38,4.22,3.9925,4.22,0.57,7.35,0.65,7.17,7.29,7.22,1.92,27.68,1.28,226.69,1.84,27.68,1.7,230.35,1.56,22.74,1.34,0.54,1.92,22.74,1.8,0.42,1.72715,19.4507,1.65029,0.00228,1.68205,19.4507,1.6649,0.00147
M_ASE_A3,M_ASE,centre,654,Central European mixed forests,124.5699997,11.66707081,51.47886224,V,V,arable land,2023,restored,fresh,none,2,0.28,3.98,0.37,4.17,3.9925,4.22,0.59,7.45,0.69,7.21,7.29,7.22,1.86,52.69,1.41,242.1,1.96,52.69,1.7,242.21,1.91,22.74,1.37,0.57,1.72,22.74,1.8,0.4,1.63039,8.15184,1.65773,0.00173,1.61549,8.15184,1.74081,0.00111
M_ASE_A4,M_ASE,centre,654,Central European mixed forests,124.5699997,11.66707081,51.47886224,V,V,arable land,2023,restored,fresh,none,2,0.3,4.35,0.29,4.2,3.9925,4.22,0.55,6.89,0.63,7.21,7.29,7.22,1.81,27.68,1.51,250.17,1.89,27.68,1.71,238.93,1.58,22.74,1.79,0.42,1.79,22.74,1.86,0.43,1.73665,8.15184,1.39948,0.00256,1.56386,8.15184,1.79848,0.00125
M_BAD_A1,M_BAD,centre,654,Central European mixed forests,184.0800018,11.59227903,51.32216743,R1A,R1A,grassland,2022,restored,dry,grazing,5,0.4,2.71,0.36,3.19,2.84,3.1575,0.53,7.37,0.62,7.5,7.2525,7.3725,1.77,26.79,1.51,188.06,2.01,26.79,1.75,202.48,2.04,68.81,1.61,0.17,2.94,68.81,1.99,0.25,1.5916,8.18172,1.5384,0.00177,1.71155,8.18172,1.83194,0.00169
M_BAD_A2,M_BAD,centre,654,Central European mixed forests,184.0800018,11.59227903,51.32216743,R1A,R1A,grassland,2022,restored,dry,grazing,5,0.28,2.48,0.21,2.94,2.84,3.1575,0.27,7.11,0.69,7.47,7.2525,7.3725,1.51,11.3,1.79,165.93,1.79,11.3,1.97,186.11,2.2,49.08,1.59,0.16,2.61,49.08,1.96,0.19,1.72244,6.66663,1.51128,0.00297,1.63794,6.66663,1.808,0.00143
M_BAD_A3,M_BAD,centre,654,Central European mixed forests,184.0800018,11.59227903,51.32216743,R1A,R1A,grassland,2022,restored,dry,grazing,5,0.25,3.14,0.25,3.21,2.84,3.1575,0.49,7.09,0.63,7.24,7.2525,7.3725,1.68,13.84,1.79,174.03,1.82,13.84,1.87,192.4,2.31,49.08,1.42,0.15,2.63,49.08,1.92,0.22,2.52045,108.64715,1.44852,9.40E-04,2.06452,108.64715,1.60132,9.00E-04
M_BAD_A4,M_BAD,centre,654,Central European mixed forests,184.0800018,11.59227903,51.32216743,R1A,R1A,grassland,2022,restored,dry,grazing,5,0.33,3.03,0.28,3.29,2.84,3.1575,0.85,7.44,0.61,7.28,7.2525,7.3725,1.63,34.62,1.56,190.88,1.89,34.62,1.86,174.7,2.54,49.08,1.67,0.15,2.5,49.08,1.99,0.24,1.96022,147.5485,1.4979,0.00093,2.10157,147.5485,1.6038,0.00116
M_BAL_A1,M_BAL,centre,654,Central European mixed forests,200.6300049,11.70893906,51.2084909,R,R22,NA,2023,negative,fresh,none,NA,0.36,3.92,0.25,4,4.26,4.2825,0.51,7.51,0.43,7.13,7.4375,7.11,1.57,7.67,1.73,256.65,1.7,7.67,1.76,240.95,4.23,77.51,1.8,0.52,2.69,77.51,1.91,0.31,1.53757,8.15184,1.88366,0.00153,1.81561,8.15184,1.91269,0.00111
M_BAL_A2,M_BAL,centre,654,Central European mixed forests,200.6300049,11.70893906,51.2084909,R,R22,NA,2023,negative,fresh,none,NA,0.16,4.07,0.24,4.23,4.26,4.2825,0.5,7.47,0.34,7.07,7.4375,7.11,1.35,8.57,1.65,264.81,1.61,8.57,1.78,241.14,2.49,23.69,1.83,0.65,2,23.69,1.84,0.37,1.49704,15.97385,1.87375,0.00247,2.10386,15.97385,1.90152,0.00156
M_BAL_A3,M_BAL,centre,654,Central European mixed forests,200.6300049,11.70893906,51.2084909,R,R22,NA,2023,negative,fresh,none,NA,0.15,4.17,0.2,4.15,4.26,4.2825,0.59,7.37,0.7,7.24,7.4375,7.11,1.63,9.5,1.38,257.35,1.67,9.5,1.77,231.58,2.04,15.39,1.5,0.53,1.79,15.39,1.93,0.46,1.82313,16.33961,1.44326,0.00192,1.91859,16.33961,1.75883,0.00146
M_BAL_A4,M_BAL,centre,654,Central European mixed forests,200.6300049,11.70893906,51.2084909,R,R22,NA,2023,negative,fresh,none,NA,0.14,4.88,0.29,4.75,4.26,4.2825,0.46,7.4,0.36,7,7.4375,7.11,1.36,10.7,1.28,285.42,1.68,10.7,1.93,251.17,1.92,16.48,1.53,0.7,2.05,16.48,1.78,0.48,1.28355,16.33961,1.3716,0.00174,1.70719,16.33961,1.68079,0.00178
M_BEE_A1,M_BEE,centre,654,Central European mixed forests,63.38999939,11.70097692,51.72492772,V,V37,arable land,2023,restored,fresh,mowing,25,0.27,4.69,0.56,4.12,4.615,4.1825,0.31,6.85,0.53,7.17,6.87,7.2475,1.19,6.33,1.85,231.95,1.5,6.33,2.04,243.03,1.89,37.25,1.69,0.58,3.02,37.25,1.88,0.37,1.54138,8.15184,1.45038,0.00201,1.69086,8.15184,2.08083,8.70E-04
M_BEE_A2,M_BEE,centre,654,Central European mixed forests,63.38999939,11.70097692,51.72492772,V37,V37,arable land,2023,restored,fresh,mowing,25,0.25,4.72,0.42,4.29,4.615,4.1825,0.51,6.75,0.51,7.1,6.87,7.2475,1.38,4.13,2.02,238.18,1.37,4.13,1.99,254.19,2.32,37.25,1.85,0.4,2.78,37.25,2.04,0.35,1.77773,11.6379,1.78612,0.00159,1.94259,11.6379,1.98879,0.00108
M_BEE_A3,M_BEE,centre,654,Central European mixed forests,63.38999939,11.70097692,51.72492772,V,V37,arable land,2023,restored,fresh,mowing,25,0.19,4.79,0.41,4.5,4.615,4.1825,0.51,6.84,0.67,7.36,6.87,7.2475,1.35,6.33,1.52,223.17,1.59,6.33,1.87,232.41,1.98,37.25,1.54,0.51,2.54,37.25,1.87,0.43,1.74191,12.51276,1.43073,0.00145,1.81667,12.51276,1.86777,6.40E-04
M_BEE_A4,M_BEE,centre,654,Central European mixed forests,63.38999939,11.70097692,51.72492772,R,V37,arable land,2023,restored,fresh,mowing,25,0.5,4.26,0.49,3.82,4.615,4.1825,0.7,7.04,0.76,7.36,6.87,7.2475,1.57,30.3,1.41,224.42,1.72,30.3,1.51,216.59,2.31,19.97,2.02,0.33,2.42,19.97,1.92,0.35,1.83971,12.51263,1.86841,0.0014,1.78336,12.51263,1.99875,8.90E-04
M_BEN_A1,M_BEN,centre,654,Central European mixed forests,131.8200073,11.86002024,51.48599594,V38,R,arable land,2022,restored,fresh,mowing,2,0.33,4.83,0.43,4.2,5.035,4.415,0.59,7.6,0.52,7.5,7.4825,7.5375,1.67,6.11,1.51,217.28,1.77,6.11,1.81,208.78,1.89,19.66,1.78,0.52,2,19.66,1.68,0.46,1.33905,7.38542,1.52827,0.00133,1.43608,7.38542,1.73443,0.00146
M_BEN_A2,M_BEN,centre,654,Central European mixed forests,131.8200073,11.86002024,51.48599594,V38,R,arable land,2022,restored,fresh,mowing,2,0.24,5.15,0.32,4.62,5.035,4.415,0.48,7.45,0.54,7.55,7.4825,7.5375,1.51,6.62,1.89,227.2,1.75,6.62,1.75,216.07,1.62,21.12,1.71,0.56,1.95,21.12,1.94,0.45,1.37693,9.65038,1.65574,0.0014,1.59805,9.65038,1.83807,0.00159
M_BEN_A3,M_BEN,centre,654,Central European mixed forests,131.8200073,11.86002024,51.48599594,V38,R,arable land,2022,restored,fresh,mowing,2,0.13,5.01,0.35,4.4,5.035,4.415,0.44,7.32,0.52,7.57,7.4825,7.5375,1.71,6.11,1.77,212.45,1.6,6.11,1.87,223.3,1.91,13.76,1.76,0.5,1.66,13.76,1.71,0.53,1.53475,10.02978,1.61512,0.00169,1.48359,10.02978,1.67459,0.00182
M_BEN_A4,M_BEN,centre,654,Central European mixed forests,131.8200073,11.86002024,51.48599594,R,R,arable land,2022,restored,fresh,mowing,2,0.28,5.15,0.36,4.44,5.035,4.415,0.49,7.56,0.51,7.53,7.4825,7.5375,1.51,6.11,1.84,225.81,1.72,6.11,1.97,202.57,1.55,18.69,1.66,0.56,1.87,18.69,1.81,0.5,1.41606,10.02978,1.47882,0.00148,1.57021,10.02978,1.6806,0.00164
M_BIR_A1,M_BIR,centre,654,Central European mixed forests,60.08000183,12.37165595,51.82300851,R22,R,NA,2023,positive,fresh,mowing,NA,0.43,4.71,0.49,4.74,4.8,4.73,0.66,7.18,0.72,7.15,7.0775,7.1275,1.57,36.91,1.53,213.88,1.91,36.91,1.76,228.84,1.59,22.74,1.61,0.59,2,22.74,1.87,0.42,1.54342,64.30386,1.61145,0.00168,2.01158,64.30386,1.6841,0.00126
M_BIR_A2,M_BIR,centre,654,Central European mixed forests,60.08000183,12.37165595,51.82300851,R1A,R,NA,2023,positive,fresh,mowing,NA,0.58,4.16,0.47,4.39,4.8,4.73,0.4,7.15,0.64,7.33,7.0775,7.1275,1.56,60.93,1.18,195.38,1.86,60.93,1.7,214.21,3.82,77.51,1.55,0.28,2.12,77.51,1.73,0.38,1.65791,10.02978,1.75786,0.00128,1.61037,10.02978,1.84828,0.0014
M_BIR_A3,M_BIR,centre,654,Central European mixed forests,60.08000183,12.37165595,51.82300851,R,R,NA,2023,positive,fresh,mowing,NA,0.34,5.5,0.43,5.06,4.8,4.73,0.41,6.95,0.6,6.83,7.0775,7.1275,1.76,30.77,1.78,247.28,1.76,30.77,1.68,229.61,1.69,49.58,1.25,0.54,1.91,49.58,1.76,0.45,1.69537,11.77778,1.26274,0.00163,1.71808,11.77778,1.97865,0.00188
M_BIR_A4,M_BIR,centre,654,Central European mixed forests,60.08000183,12.37165595,51.82300851,R,R,NA,2023,positive,fresh,mowing,NA,0.31,4.83,0.5,4.73,4.8,4.73,0.52,7.03,0.74,7.2,7.0775,7.1275,1.63,11.04,1.68,219.05,1.86,11.04,1.89,226.23,1.89,12.87,1.6,0.63,1.81,12.87,1.98,0.44,1.44303,64.30386,1.39294,0.00254,2.07364,64.30386,1.75888,0.00125
M_BOD_A1,M_BOD,centre,654,Central European mixed forests,59,11.72985443,51.83255624,R,R22,NA,2023,negative,fresh,both,NA,0.28,4.74,0.48,4.33,4.7775,4.3525,0.81,6.92,0.68,6.93,7.2,7.085,1.34,4.78,1.71,238.7,1.43,4.78,1.99,243.18,1.98,37.25,1.82,0.58,2.44,37.25,1.83,0.39,1.94899,17.2144,1.62853,0.00574,1.84345,17.2144,1.75219,0.00126
M_BOD_A2,M_BOD,centre,654,Central European mixed forests,59,11.72985443,51.83255624,R,R22,NA,2023,negative,fresh,both,NA,0.48,4.38,0.49,4.2,4.7775,4.3525,0.74,7.44,0.69,7,7.2,7.085,1.44,8.44,1.44,256.04,1.61,8.44,1.89,233.04,2.55,37.25,1.92,0.64,2.35,37.25,1.87,0.33,1.5604,17.2144,1.76877,0.00297,1.99262,17.2144,1.75985,0.00145
M_BOD_A3,M_BOD,centre,654,Central European mixed forests,59,11.72985443,51.83255624,R22,R22,NA,2023,negative,fresh,both,NA,0.29,5.65,0.52,4.38,4.7775,4.3525,0.89,7,0.67,7.1,7.2,7.085,1.22,4.78,1.45,260.6,1.49,4.78,2.08,246.06,1.85,37.25,1.7,0.72,2.77,37.25,1.86,0.31,1.50853,17.2144,1.62121,0.00161,1.95273,17.2144,1.96058,0.00103
M_BOD_A4,M_BOD,centre,654,Central European mixed forests,59,11.72985443,51.83255624,R22,R22,NA,2023,negative,fresh,both,NA,0.33,4.34,0.44,4.5,4.7775,4.3525,0.54,7.44,0.77,7.31,7.2,7.085,1.43,6.79,1.67,255.71,1.64,6.79,2.07,231.1,3.02,37.25,1.52,0.49,2.39,37.25,2.07,0.37,1.60405,8.15184,1.49303,0.0018,1.72973,8.15184,1.88433,9.50E-04
M_BRA_A1,M_BRA,centre,654,Central European mixed forests,122.0899963,11.86698516,51.54885765,R,R1A,arable land,2023,restored,dry,both,10,0.22,4.72,0.27,4.07,4.28,3.965,0.66,6.84,0.54,7.25,7.19,7.27,2.39,21.09,1.38,292.11,1.77,21.09,1.9,225.35,1.24,22.74,1.27,0.44,1.77,22.74,1.72,0.42,1.61537,17.2144,1.70357,0.00982,1.95284,17.2144,2.08959,0.00194
M_BRA_A2,M_BRA,centre,654,Central European mixed forests,122.0899963,11.86698516,51.54885765,R,R1A,arable land,2023,restored,dry,both,10,0.19,4.78,0.32,4,4.28,3.965,0.54,6.39,0.64,7.24,7.19,7.27,1.74,53.03,1.47,235.66,1.99,53.03,1.72,210.81,1.35,12.18,1.78,0.38,1.8,12.18,1.89,0.37,1.79247,19.91474,1.48354,0.0045,2.00738,19.91474,1.98033,0.00106
M_BRA_A3,M_BRA,centre,654,Central European mixed forests,122.0899963,11.86698516,51.54885765,R,R1A,arable land,2023,restored,dry,both,10,0.46,3.31,0.4,3.73,4.28,3.965,0.74,7.9,0.68,7.26,7.19,7.27,1.94,12.76,1.32,190.48,2.01,12.76,1.87,224.61,1.58,72.12,1.43,0.3,1.89,72.12,1.54,0.3,1.94626,18.25618,1.27852,6.90E-04,1.94182,18.25618,2.05718,7.70E-04
M_BRA_A4,M_BRA,centre,654,Central European mixed forests,122.0899963,11.86698516,51.54885765,R1A,R1A,arable land,2023,restored,dry,both,10,0.42,4.31,0.3,4.06,4.28,3.965,1.09,7.63,0.64,7.33,7.19,7.27,3.01,53.03,1.48,245.27,1.99,53.03,1.84,205.46,1.33,9.78,1.4,0.41,1.77,9.78,1.71,0.39,2.16394,16.33961,1.47823,0.00503,1.95389,16.33961,2.04692,0.00151
M_BUH_A1,M_BUH,centre,654,Central European mixed forests,104.7900009,10.60948255,52.00891,R22,R,arable land,2022,restored,fresh,both,3,0.33,4.72,0.45,4.86,4.465,4.56,0.34,7.15,0.48,7.22,7.2,7.2825,1.47,10.3,1.32,235,1.61,10.3,1.8,231.56,1.46,13.76,1.46,0.57,1.53,13.76,1.7,0.49,1.31383,8.96083,1.48447,9.40E-04,1.49741,8.96083,1.76408,0.00113
M_BUH_A2,M_BUH,centre,654,Central European mixed forests,104.7900009,10.60948255,52.00891,R,R,arable land,2022,restored,fresh,both,3,0.32,4.42,0.46,4.52,4.465,4.56,0.32,7.15,0.61,7.3,7.2,7.2825,1.55,36.25,1.33,219.8,1.63,36.25,1.59,236.79,1.37,13.76,1.56,0.49,1.57,13.76,1.65,0.44,1.32329,10.1279,1.55237,8.90E-04,1.71228,10.1279,1.78512,0.00106
M_BUH_A3,M_BUH,centre,654,Central European mixed forests,104.7900009,10.60948255,52.00891,R,R,arable land,2022,restored,fresh,both,3,0.32,4.42,0.43,4.4,4.465,4.56,0.43,7.27,0.56,7.31,7.2,7.2825,1.56,9.39,1.64,221.3,1.61,9.39,1.84,227.1,1.46,13.76,1.5,0.55,1.56,13.76,1.75,0.48,1.40729,13.75422,1.66294,0.00101,1.68979,13.75422,1.8347,0.00152
M_BUH_A4,M_BUH,centre,654,Central European mixed forests,104.7900009,10.60948255,52.00891,R,R,arable land,2022,restored,fresh,both,3,0.27,4.3,0.43,4.46,4.465,4.56,0.4,7.23,0.57,7.3,7.2,7.2825,1.52,12.15,1.41,215.29,1.62,12.15,1.78,231.18,1.36,18.11,1.59,0.52,1.66,18.11,1.75,0.46,1.45116,10.1279,1.73408,7.90E-04,1.68062,10.1279,1.75697,0.00115
M_CAL_A1,M_CAL,centre,654,Central European mixed forests,54.95999908,11.8127823,51.91316941,R22,R22,arable land,2022,restored,fresh,mowing,6,0.17,4.21,0.18,4.23,4.2825,4.3775,0.52,7.64,0.55,7.44,7.5825,7.4075,1.99,8.41,1.46,226.02,1.74,8.41,1.95,219.83,2,11.08,1.78,0.68,1.71,11.08,1.94,0.53,1.68208,10.56214,1.66865,9.80E-04,1.56066,10.56214,1.61571,8.90E-04
M_CAL_A2,M_CAL,centre,654,Central European mixed forests,54.95999908,11.8127823,51.91316941,R22,R22,arable land,2022,restored,fresh,mowing,6,0.22,4.31,0.3,4.5,4.2825,4.3775,0.68,7.43,0.54,7.38,7.5825,7.4075,1.75,7.05,1.43,216.92,1.67,7.05,2.05,228.36,1.85,11.08,1.67,0.5,1.65,11.08,1.77,0.48,1.52521,10.56214,1.60496,7.30E-04,1.57224,10.56214,1.72837,9.90E-04
M_CAL_A3,M_CAL,centre,654,Central European mixed forests,54.95999908,11.8127823,51.91316941,R22,R22,arable land,2022,restored,fresh,mowing,6,0.17,4.19,0.31,4.56,4.2825,4.3775,0.48,7.59,0.57,7.43,7.5825,7.4075,1.57,7.25,1.56,197.15,1.79,7.25,1.93,218.52,1.59,11.08,1.38,0.58,1.67,11.08,1.86,0.52,1.62772,4.17379,1.67594,3.70E-04,1.41061,4.17379,1.67304,7.90E-04
M_CAL_A4,M_CAL,centre,654,Central European mixed forests,54.95999908,11.8127823,51.91316941,R,R22,arable land,2022,restored,fresh,mowing,6,0.25,4.42,0.18,4.22,4.2825,4.3775,0.61,7.67,0.57,7.38,7.5825,7.4075,1.67,8.18,1.64,217.16,1.78,8.18,1.89,226.07,1.75,11.08,1.46,0.58,1.81,11.08,1.99,0.54,1.55834,10.02978,1.18636,6.50E-04,1.50115,10.02978,1.67697,0.0011
M_CBE_A1,M_CBE,centre,654,Central European mixed forests,55.54000092,11.81622602,51.91392502,R,R,NA,2022,negative,fresh,mowing,NA,0.68,3.97,0.55,4.22,4.8725,4.7,0.58,7.28,0.61,7.07,6.9475,6.975,1.46,32.16,1.38,253.59,1.72,32.16,1.68,254.48,3.69,92.46,1.72,0.37,2.9,92.46,1.88,0.32,2.21091,12.94973,1.40127,0.00093,1.93786,12.94973,1.78823,7.50E-04
M_CBE_A2,M_CBE,centre,654,Central European mixed forests,55.54000092,11.81622602,51.91392502,R,R,NA,2022,negative,fresh,mowing,NA,0.05,5.02,0.25,4.86,4.8725,4.7,0.46,6.74,0.38,6.83,6.9475,6.975,1.19,32.16,1.24,232.75,1.76,32.16,1.74,277.57,1.78,22.74,1.66,0.61,2.37,22.74,1.88,0.34,1.23082,11.6379,1.4441,0.00376,1.77056,11.6379,1.94702,0.00121
M_CBE_A3,M_CBE,centre,654,Central European mixed forests,55.54000092,11.81622602,51.91392502,R,R,NA,2022,negative,fresh,mowing,NA,0.07,5.05,0.42,4.86,4.8725,4.7,0.67,6.8,0.49,7.1,6.9475,6.975,1.5,5.24,1.54,247.72,1.44,5.24,1.88,274.75,2.31,92.46,1.25,0.47,3.1,92.46,1.98,0.29,1.38992,12.94973,1.27718,0.00333,1.80112,12.94973,1.9803,8.60E-04
M_CBE_A4,M_CBE,centre,654,Central European mixed forests,55.54000092,11.81622602,51.91392502,R,R,NA,2022,negative,fresh,mowing,NA,0.26,5.45,0.42,4.86,4.8725,4.7,0.37,6.97,0.49,6.9,6.9475,6.975,1.37,13.33,1.4,253.97,1.67,13.33,1.78,291.13,1.54,92.46,1.11,0.71,3.26,92.46,1.82,0.35,1.30907,12.94973,1.414,0.00236,1.89252,12.94973,1.73187,7.60E-04
M_DOB_A1,M_DOB,centre,654,Central European mixed forests,124.8199997,11.76306711,51.62001263,R,R,arable land,2022,restored,dry,mowing,6,0.27,3.9,0.3,3.96,3.8075,3.91,0.61,7.7,0.66,7.38,7.52,7.3075,1.61,11.68,1.55,203.38,1.68,11.68,1.79,211.96,1.52,23.38,1.49,0.47,1.75,23.38,1.82,0.41,1.57994,10.02978,1.50727,6.40E-04,1.58297,10.02978,1.83,0.00151
M_DOB_A2,M_DOB,centre,654,Central European mixed forests,124.8199997,11.76306711,51.62001263,R1A,R,arable land,2022,restored,dry,mowing,6,0.26,3.81,0.28,4,3.8075,3.91,0.53,7.7,0.61,7.34,7.52,7.3075,1.65,10.48,1.56,220.41,1.64,10.48,1.81,216.67,1.6,27.62,1.52,0.46,1.75,27.62,1.79,0.41,1.58756,13.75422,1.49926,8.20E-04,1.70627,13.75422,1.88042,0.00116
M_DOB_A3,M_DOB,centre,654,Central European mixed forests,124.8199997,11.76306711,51.62001263,R,R,arable land,2022,restored,dry,mowing,6,0.35,3.75,0.33,3.82,3.8075,3.91,0.73,7.43,0.52,7.24,7.52,7.3075,1.66,22.48,1.6,191.64,1.82,22.48,1.74,204.97,1.57,17.27,1.51,0.45,1.62,17.27,1.75,0.42,1.5356,13.75422,1.5035,8.50E-04,1.64239,13.75422,1.81447,0.00156
M_DOB_A4,M_DOB,centre,654,Central European mixed forests,124.8199997,11.76306711,51.62001263,R,R,arable land,2022,restored,dry,mowing,6,0.37,3.77,0.35,3.86,3.8075,3.91,0.61,7.25,0.59,7.27,7.52,7.3075,1.8,21.38,1.8,200.88,1.78,21.38,1.72,207.42,1.52,21.12,1.44,0.49,1.66,21.12,1.75,0.41,1.54164,13.59209,1.26555,0.0013,1.65222,13.59209,1.78375,0.00118
M_DOR_A1,M_DOR,centre,654,Central European mixed forests,114.1999969,11.81450305,51.64508573,R22,R22,arable land,2022,restored,fresh,mowing,27,0.27,4.33,0.33,4.4,4.1825,4.3125,0.39,7.07,0.43,7.23,7.32,7.1425,1.83,7.44,1.73,205.18,1.8,7.44,1.98,216.83,1.76,13.76,1.55,0.5,1.66,13.76,1.62,0.49,2.18872,10.02978,1.60354,0.00161,1.86172,10.02978,1.79074,0.00224
M_DOR_A2,M_DOR,centre,654,Central European mixed forests,114.1999969,11.81450305,51.64508573,R,R22,arable land,2022,restored,fresh,mowing,27,0.15,4.17,0.14,4.17,4.1825,4.3125,0.43,7.36,0.3,7.09,7.32,7.1425,2.01,5.33,1.47,216.32,1.66,5.33,2.02,218.6,2.09,22.74,1.21,0.64,1.95,22.74,1.65,0.53,1.97023,12.40834,1.41465,0.00101,2.04525,12.40834,1.94028,0.00139
M_DOR_A3,M_DOR,centre,654,Central European mixed forests,114.1999969,11.81450305,51.64508573,R22,R22,arable land,2022,restored,fresh,mowing,27,0.12,4.11,0.2,4.11,4.1825,4.3125,0.45,7.57,0.45,7.25,7.32,7.1425,1.65,8.18,1.68,251.21,1.75,8.18,1.84,235.61,2.39,9.9,1.61,0.71,1.88,9.9,1.95,0.5,1.59215,10.02978,1.6649,0.0023,1.7688,10.02978,1.6687,0.00149
M_DOR_A4,M_DOR,centre,654,Central European mixed forests,114.1999969,11.81450305,51.64508573,R,R22,arable land,2022,restored,fresh,mowing,27,0.1,4.12,0.25,4.57,4.1825,4.3125,0.38,7.28,0.33,7,7.32,7.1425,1.35,5.77,1.78,252.28,1.68,5.77,1.72,230.54,1.43,21.12,1.48,0.79,2.22,21.12,1.74,0.39,1.4946,11.33226,1.7056,0.00153,1.82849,11.33226,1.88844,0.0013
M_EIC_A1,M_EIC,centre,654,Central European mixed forests,56.56999969,12.18899395,51.85716614,R,R,NA,2023,negative,fresh,both,NA,0.41,5.02,0.42,4.83,5.1775,5.09,0.61,6.84,0.72,6.6,6.52,6.6275,1.31,3.97,1.31,245.39,1.34,3.97,1.78,256.04,1.47,84.57,1.13,0.49,2.16,84.57,1.52,0.35,1.94528,17.95726,1.78198,0.00614,2.18428,17.95726,1.98762,0.00404
M_EIC_A2,M_EIC,centre,654,Central European mixed forests,56.56999969,12.18899395,51.85716614,R,R,NA,2023,negative,fresh,both,NA,0.31,5.91,0.54,5.43,5.1775,5.09,0.35,6.26,0.45,6.5,6.52,6.6275,1.17,1.74,1.54,238.55,1.16,1.74,2.2,236.76,1.55,13.85,1.41,0.59,1.81,13.85,1.89,0.53,1.62733,10.97934,1.90823,0.00143,1.89961,10.97934,2.07369,0.00193
M_EIC_A3,M_EIC,centre,654,Central European mixed forests,56.56999969,12.18899395,51.85716614,V,R,NA,2023,negative,fresh,both,NA,0.33,4.42,0.37,4.6,5.1775,5.09,0.74,6.54,0.68,6.5,6.52,6.6275,1.25,2.42,1.21,239.06,1.29,2.42,2.01,247.97,1.64,5.76,1.47,0.45,1.72,5.76,2.06,0.43,1.64918,15.08345,1.64134,0.00925,1.90911,15.08345,2.14439,0.00642
M_EIC_A4,M_EIC,centre,654,Central European mixed forests,56.56999969,12.18899395,51.85716614,R,R,NA,2023,negative,fresh,both,NA,0.36,5.36,0.64,5.5,5.1775,5.09,0.58,6.44,0.6,6.91,6.52,6.6275,1.33,8.77,1.39,230.57,1.44,8.77,1.58,232.57,1.93,203.53,1.33,0.44,3.09,203.53,1.68,0.32,1.70438,11.90714,1.40096,0.00188,1.90794,11.90714,1.81266,0.00093
M_FAL_A1,M_FAL,centre,654,Central European mixed forests,142.5299988,11.35946299,51.74746391,R22,R,arable land,2023,restored,fresh,mowing,6,0.47,4.57,0.46,4.78,4.575,4.4975,0.66,6.98,0.7,7.08,6.8775,7.015,1.38,27.68,1.2,238.81,1.8,27.68,1.77,254.1,1.42,13.56,1.26,0.6,1.71,13.56,1.81,0.55,1.50701,6.58921,1.50353,0.00137,1.48682,6.58921,1.6777,0.00127
M_FAL_A2,M_FAL,centre,654,Central European mixed forests,142.5299988,11.35946299,51.74746391,V,R,arable land,2023,restored,fresh,mowing,6,0.2,4.82,0.49,4.33,4.575,4.4975,0.6,6.58,0.64,6.92,6.8775,7.015,1.43,27.68,1.36,216.78,1.69,27.68,1.59,238.66,1.91,56.23,1.09,0.4,2.82,56.23,1.67,0.28,2.11498,12.94973,1.85993,0.0012,1.99242,12.94973,1.96595,3.80E-04
M_FAL_A3,M_FAL,centre,654,Central European mixed forests,142.5299988,11.35946299,51.74746391,R,R,arable land,2023,restored,fresh,mowing,6,0.35,4.55,0.48,4.67,4.575,4.4975,0.72,7.04,0.64,7.06,6.8775,7.015,1.53,27.68,1.37,226.99,1.76,27.68,1.66,237.15,1.56,13.56,1.25,0.58,1.67,13.56,1.78,0.53,1.58082,13.91457,1.16374,0.00201,1.62822,13.91457,1.63308,0.0014
M_FAL_A4,M_FAL,centre,654,Central European mixed forests,142.5299988,11.35946299,51.74746391,R22,R,arable land,2023,restored,fresh,mowing,6,0.48,4.36,0.36,4.21,4.575,4.4975,0.71,6.91,0.53,7,6.8775,7.015,1.32,3.72,1.82,221.17,1.45,3.72,2.16,230,1.6,23.69,1.56,0.49,2.17,23.69,1.83,0.36,1.63474,11.90714,1.57755,0.00118,1.69217,11.90714,1.9075,5.70E-04
M_FRB_A1,M_FRB,centre,654,Central European mixed forests,136.2400055,11.73327072,51.62485865,R,R,grassland,2023,restored,dry,grazing,14,0.28,3.49,0.33,3.81,3.51,3.7075,0.75,7.8,0.52,7.33,7.69,7.535,2.63,30.75,1.32,156.38,1.94,30.75,1.64,220.26,1.39,37.25,1.19,0.28,2.07,37.25,1.78,0.36,1.82004,17.2144,1.56204,0.00235,1.84055,17.2144,1.9565,0.00151
M_FRB_A2,M_FRB,centre,654,Central European mixed forests,136.2400055,11.73327072,51.62485865,V11,R,grassland,2023,restored,dry,grazing,14,0.28,3.22,0.33,3.42,3.51,3.7075,0.57,7.98,0.59,7.76,7.69,7.535,2.51,80.26,1.51,193.14,2.29,80.26,1.78,212.18,2.21,46.56,1.38,0.28,2.49,46.56,1.66,0.22,1.61185,34.67132,1.41753,0.0014,1.90795,34.67132,1.70799,9.00E-04
M_FRB_A3,M_FRB,centre,654,Central European mixed forests,136.2400055,11.73327072,51.62485865,R1A,R,grassland,2023,restored,dry,grazing,14,0.24,3.29,0.39,3.65,3.51,3.7075,0.68,7.67,0.62,7.59,7.69,7.535,2.54,80.26,1.62,165.22,2.25,80.26,1.76,205.88,1.66,78.52,1.31,0.27,2.38,78.52,1.66,0.26,1.64491,51.28466,1.54158,0.00272,1.83681,51.28466,1.6343,0.0011
M_FRB_A4,M_FRB,centre,654,Central European mixed forests,136.2400055,11.73327072,51.62485865,R,R,grassland,2023,restored,dry,grazing,14,0.29,4.04,0.22,3.95,3.51,3.7075,0.67,7.31,0.64,7.46,7.69,7.535,2,30.75,1.64,192.22,1.88,30.75,1.63,211,1.75,27.62,1.51,0.34,1.88,27.62,1.64,0.37,1.85722,25.14454,1.5395,0.00244,1.8783,25.14454,1.82075,0.0013
M_GRO_A1,M_GRO,centre,654,Central European mixed forests,61.65000153,11.68390121,51.76579064,R22,R22,arable land,2022,restored,fresh,both,26,0.24,4.36,0.24,4.87,4.54,4.5925,0.51,7.61,0.55,6.9,7.6225,7,1.26,7.68,1.51,265.26,1.54,7.68,1.78,232.78,2.33,22.74,1.49,0.65,1.89,22.74,1.87,0.42,1.47491,12.26208,1.6435,0.00169,1.81541,12.26208,1.92428,0.00115
M_GRO_A2,M_GRO,centre,654,Central European mixed forests,61.65000153,11.68390121,51.76579064,R22,R22,arable land,2022,restored,fresh,both,26,0.24,4.31,0.34,4.33,4.54,4.5925,0.55,7.54,0.61,7.12,7.6225,7,1.26,28.96,1.48,264.81,1.74,28.96,1.52,233.31,2.27,22.74,1.33,0.72,2.03,22.74,1.58,0.4,1.2928,12.26208,1.68878,0.00212,1.63178,12.26208,1.94919,0.00164
M_GRO_A3,M_GRO,centre,654,Central European mixed forests,61.65000153,11.68390121,51.76579064,R,R22,arable land,2022,restored,fresh,both,26,0.24,4.63,0.25,4.55,4.54,4.5925,0.55,7.59,0.53,7.06,7.6225,7,1.18,7.68,1.51,271.65,1.38,7.68,1.7,253,2.15,22.74,1.59,0.82,1.93,22.74,1.78,0.44,1.34654,12.26208,1.78605,0.00219,1.72886,12.26208,2.05693,0.00156
M_GRO_A4,M_GRO,centre,654,Central European mixed forests,61.65000153,11.68390121,51.76579064,R,R22,arable land,2022,restored,fresh,both,26,0.14,4.86,0.37,4.62,4.54,4.5925,0.39,7.75,0.65,6.92,7.6225,7,1.22,23.77,1.53,270.95,1.82,23.77,1.62,220.06,1.54,22.74,1.4,1,2.11,22.74,1.85,0.39,1.11211,12.26208,1.38526,0.00264,1.84327,12.26208,1.95146,0.00131
M_HAH_A1,M_HAH,centre,654,Central European mixed forests,211.7200012,11.62972068,51.30873546,R1A,R1A,NA,2023,positive,dry,none,NA,0.33,2.81,0.28,2.92,2.695,2.9,0.64,7.72,0.66,7.44,7.285,7.455,1.55,32.76,1.42,159.63,2.15,32.76,1.95,163.01,2.36,43.18,1.57,0.22,2.44,43.18,1.81,0.21,1.30826,6.53464,1.52016,6.00E-04,1.60211,6.53464,1.86573,9.50E-04
M_HAH_A2,M_HAH,centre,654,Central European mixed forests,211.7200012,11.62972068,51.30873546,R1A,R1A,NA,2023,positive,dry,none,NA,0.45,2.77,0.39,2.8,2.695,2.9,0.44,7.07,0.81,7.47,7.285,7.455,1.44,19.15,1.27,193.88,1.96,19.15,2.08,179.75,3.48,33.34,1.18,0.16,2.69,33.34,1.97,0.19,1.6948,85.03684,1.59836,8.60E-04,2.11957,85.03684,1.50448,6.10E-04
M_HAH_A3,M_HAH,centre,654,Central European mixed forests,211.7200012,11.62972068,51.30873546,R,R1A,NA,2023,positive,dry,none,NA,0.18,2.21,0.26,2.88,2.695,2.9,0.34,7.17,0.65,7.41,7.285,7.455,1.25,11.7,1.63,178.95,1.77,11.7,1.85,163.39,1.54,43.18,1.5,0.11,3.13,43.18,1.9,0.2,1.14986,5.21789,1.61385,0.00155,1.5243,5.21789,1.81921,0.00177
M_HAH_A4,M_HAH,centre,654,Central European mixed forests,211.7200012,11.62972068,51.30873546,R1A,R1A,NA,2023,positive,dry,none,NA,0.46,2.99,0.3,3,2.695,2.9,0.52,7.18,0.75,7.5,7.285,7.455,1.4,19.15,1.75,189.64,1.99,19.15,1.8,176.53,2.33,33.34,1.4,0.1,2.36,33.34,1.83,0.18,1.98817,85.03684,1.81914,2.50E-04,2.07533,85.03684,1.43154,8.30E-04
M_HAI_A1,M_HAI,centre,686,Western European broadleaf forests,302.8399963,11.18385429,51.50506446,R22,R22,grassland,2022,restored,fresh,grazing,11,0.45,4.75,0.41,4.81,4.4625,4.41,0.6,7.34,0.6,6.96,7.22,7.0675,1.47,4.74,1.6,254.05,1.53,4.74,1.89,240.88,2.13,46.68,1.32,0.59,1.9,46.68,1.75,0.4,1.67446,11.63895,1.54749,0.00184,1.75112,11.63895,1.86851,0.00171
M_HAI_A2,M_HAI,centre,686,Western European broadleaf forests,302.8399963,11.18385429,51.50506446,R,R22,grassland,2022,restored,fresh,grazing,11,0.33,4.29,0.3,4.06,4.4625,4.41,0.66,7.15,0.54,7.1,7.22,7.0675,1.42,4.49,1.74,229.52,1.56,4.49,1.99,227.01,1.64,46.68,1.38,0.47,1.85,46.68,1.72,0.41,1.44898,9.91156,1.65221,0.00334,1.61263,9.91156,1.86687,0.00216
M_HAI_A3,M_HAI,centre,686,Western European broadleaf forests,302.8399963,11.18385429,51.50506446,R,R22,grassland,2022,restored,fresh,grazing,11,0.3,4.53,0.34,4.48,4.4625,4.41,0.58,7.18,0.62,7.21,7.22,7.0675,1.45,6.99,1.52,218.28,1.66,6.99,1.8,228.1,1.5,43.6,1.41,0.46,1.94,43.6,1.9,0.41,1.73313,11.63895,1.44294,0.0031,1.79471,11.63895,1.92797,0.00158
M_HAI_A4,M_HAI,centre,686,Western European broadleaf forests,302.8399963,11.18385429,51.50506446,R22,R22,grassland,2022,restored,fresh,grazing,11,0.25,4.28,0.38,4.29,4.4625,4.41,0.63,7.21,0.57,7,7.22,7.0675,1.42,5.68,1.4,218.19,1.64,5.68,1.89,227.92,1.63,46.68,1.41,0.45,1.95,46.68,1.82,0.38,1.49979,9.91156,1.52519,0.00391,1.75963,9.91156,1.87938,0.00232
M_HAR_A1,M_HAR,centre,654,Central European mixed forests,149.1900024,11.08520296,51.82462193,R,R,arable land,2023,restored,fresh,mowing,12,0.19,4.19,0.19,4.14,4.3025,4.1825,0.32,7.06,0.5,7.17,7.0975,7.1275,1.54,7.06,1.81,203.45,1.57,7.06,1.88,221.35,1.69,13.76,1.41,0.53,1.73,13.76,1.87,0.47,1.56518,26.72425,1.67704,0.00338,1.98078,26.72425,2.00616,0.00267
M_HAR_A2,M_HAR,centre,654,Central European mixed forests,149.1900024,11.08520296,51.82462193,R,R,arable land,2023,restored,fresh,mowing,12,0.23,4.24,0.26,4.23,4.3025,4.1825,0.35,6.98,0.49,7.12,7.0975,7.1275,1.63,8.38,1.91,216.28,1.68,8.38,2.04,224.3,1.71,17.44,1.47,0.56,1.93,17.44,1.97,0.5,1.58526,15.92531,1.56819,0.00333,2.03456,15.92531,2.05663,0.00192
M_HAR_A3,M_HAR,centre,654,Central European mixed forests,149.1900024,11.08520296,51.82462193,R,R,arable land,2023,restored,fresh,mowing,12,0.26,4.48,0.26,4.36,4.3025,4.1825,0.48,7.03,0.47,6.94,7.0975,7.1275,1.65,7.06,1.57,217.39,1.56,7.06,1.85,214.85,1.89,13.76,1.54,0.63,1.83,13.76,1.96,0.48,1.4923,17.27458,1.61871,0.00297,1.9945,17.27458,1.90885,0.00211
M_HAR_A4,M_HAR,centre,654,Central European mixed forests,149.1900024,11.08520296,51.82462193,R22,R,arable land,2023,restored,fresh,mowing,12,0.37,4.3,0.25,4,4.3025,4.1825,0.67,7.32,0.58,7.28,7.0975,7.1275,1.59,7.1,1.55,239.88,1.65,7.1,1.95,225.35,2,77.51,1.25,0.68,2.18,77.51,1.76,0.45,1.37819,14.71078,1.67221,0.0029,1.66287,14.71078,1.80693,0.00175
M_HIR_A1,M_HIR,centre,654,Central European mixed forests,207.1199951,11.68710429,51.1981926,R1A,R1A,grassland,2022,restored,dry,grazing,9,0.25,3.39,0.32,3.7,3.7325,3.7975,0.65,7.64,0.62,7.19,7.23,7.1375,1.85,14.63,1.58,204.59,1.74,14.63,1.89,205.02,1.7,47.14,1.25,0.35,1.99,47.14,1.81,0.31,2.00904,204.69771,1.54002,0.00118,2.43397,204.69771,1.56429,9.90E-04
M_HIR_A2,M_HIR,centre,654,Central European mixed forests,207.1199951,11.68710429,51.1981926,?,R1A,grassland,2022,restored,dry,grazing,9,0.31,4.09,0.26,3.85,3.7325,3.7975,0.67,7.07,0.48,7.2,7.23,7.1375,1.72,21.34,1.69,207.06,1.82,21.34,1.91,209.74,1.64,47.14,1.4,0.4,2,47.14,1.72,0.35,1.70411,13.75422,1.73002,0.00144,1.81382,13.75422,1.91266,0.00127
M_HIR_A3,M_HIR,centre,654,Central European mixed forests,207.1199951,11.68710429,51.1981926,R1A,R1A,grassland,2022,restored,dry,grazing,9,0.22,3.71,0.34,3.8,3.7325,3.7975,0.82,7.28,0.52,7.12,7.23,7.1375,1.6,32.79,1.62,224.03,1.95,32.79,1.8,209.25,1.37,12.75,1.45,0.42,1.72,12.75,1.79,0.38,1.8804,90.03656,1.33838,0.00166,2.0644,90.03656,1.6647,0.00158
M_HIR_A4,M_HIR,centre,654,Central European mixed forests,207.1199951,11.68710429,51.1981926,R1A,R1A,grassland,2022,restored,dry,grazing,9,0.27,3.74,0.32,3.84,3.7325,3.7975,0.88,6.93,0.58,7.04,7.23,7.1375,1.66,14.44,1.72,210.04,1.66,14.44,1.87,206.99,1.6,47.14,1.34,0.41,2.14,47.14,1.88,0.3,1.73964,147.5485,1.51287,0.00125,2.37385,147.5485,1.56305,5.20E-04
M_HLI_A1,M_HLI,centre,686,Western European broadleaf forests,344.5700073,11.33102988,51.53507321,R22,R22,NA,2022,positive,fresh,both,NA,0.47,4.01,0.41,4.25,4.57,4.5375,0.53,7.46,0.64,7.13,7.2475,7.0575,1.72,19.14,1.73,222.74,1.74,19.14,1.82,236.69,2.09,37.25,1.46,0.46,2.2,37.25,1.91,0.41,1.516,55.13342,1.48467,0.0014,2.02811,55.13342,1.83921,0.00112
M_HLI_A2,M_HLI,centre,686,Western European broadleaf forests,344.5700073,11.33102988,51.53507321,R22,R22,NA,2022,positive,fresh,both,NA,0.31,4.17,0.41,4.33,4.57,4.5375,0.44,7.26,0.7,7.18,7.2475,7.0575,1.46,5.83,1.75,231.14,1.56,5.83,1.98,237.49,1.53,37.25,1.5,0.43,2.01,37.25,1.74,0.38,1.5418,24.64887,1.44203,0.00196,1.79437,24.64887,1.80338,9.80E-04
M_HLI_A3,M_HLI,centre,686,Western European broadleaf forests,344.5700073,11.33102988,51.53507321,R22,R22,NA,2022,positive,fresh,both,NA,0.19,5.11,0.35,4.89,4.57,4.5375,0.26,7.05,0.47,7,7.2475,7.0575,1.36,9.75,1.59,243.73,1.64,9.75,1.92,251.12,1.62,21.12,1.36,0.47,1.87,21.12,1.88,0.48,1.44567,26.72425,1.47842,0.00105,1.75731,26.72425,1.83503,0.00131
M_HLI_A4,M_HLI,centre,686,Western European broadleaf forests,344.5700073,11.33102988,51.53507321,R22,R22,NA,2022,positive,fresh,both,NA,0.32,4.99,0.41,4.68,4.57,4.5375,0.42,7.22,0.52,6.92,7.2475,7.0575,1.56,6.16,1.54,247.67,1.59,6.16,1.94,248.68,1.61,22.74,1.48,0.53,1.86,22.74,1.87,0.41,1.4475,28.15501,1.23452,0.00106,1.74067,28.15501,1.75219,0.0013
M_HNB_A1,M_HNB,centre,654,Central European mixed forests,209.5399933,11.77775515,51.2062993,R1A,R1A,grassland,2023,restored,dry,grazing,2,0.18,4.02,0.18,4,3.8675,3.9375,0.4,7.26,0.57,7.38,7.315,7.315,1.77,19.5,1.62,180.11,1.78,19.5,1.68,188.35,1.72,14.41,1.82,0.35,1.88,14.41,1.98,0.34,1.65701,12.541,1.7458,0.00154,2.11304,12.541,1.8129,0.00119
M_HNB_A2,M_HNB,centre,654,Central European mixed forests,209.5399933,11.77775515,51.2062993,R1A,R1A,grassland,2023,restored,dry,grazing,2,0.08,3.94,0.32,3.77,3.8675,3.9375,0.37,7.28,0.47,7.31,7.315,7.315,1.51,7.44,1.73,183.81,1.58,7.44,1.77,201.37,1.5,10.5,1.64,0.35,1.75,10.5,1.75,0.34,1.51162,13.75422,1.71893,0.00254,1.85695,13.75422,1.91407,0.00159
M_HNB_A3,M_HNB,centre,654,Central European mixed forests,209.5399933,11.77775515,51.2062993,R1A,R1A,grassland,2023,restored,dry,grazing,2,0.29,3.82,0.3,4.27,3.8675,3.9375,0.45,7.25,0.45,7.11,7.315,7.315,1.49,8.38,1.65,189.61,1.77,8.38,2.01,213.17,2.81,77.51,1.48,0.21,2.05,77.51,1.75,0.35,1.87148,8.67255,1.62749,0.00196,1.78862,8.67255,1.99233,0.00137
M_HNB_A4,M_HNB,centre,654,Central European mixed forests,209.5399933,11.77775515,51.2062993,R1A,R1A,grassland,2023,restored,dry,grazing,2,0.29,3.69,0.37,3.71,3.8675,3.9375,0.53,7.47,0.56,7.46,7.315,7.315,1.59,9.68,1.89,203.68,1.55,9.68,1.81,208.56,1.78,10.53,1.56,0.32,1.77,10.53,1.84,0.32,1.84923,13.75422,1.84341,0.00173,1.78264,13.75422,1.85537,0.0015
M_HOH_A1,M_HOH,centre,654,Central European mixed forests,61.65000153,11.65059088,51.85418882,V,R,arable land,2022,restored,moist,mowing,26,0.42,6.61,0.68,6.67,5.7375,5.67,0.56,7.49,0.47,7.22,6.9775,7.0625,1.36,7.98,1.8,176.05,1.79,7.98,1.74,182.46,1.61,29.84,1.64,0.54,2.21,29.84,1.77,0.59,1.4007,6.4509,1.68914,0.00202,1.50753,6.4509,1.82199,0.00192
M_HOH_A2,M_HOH,centre,654,Central European mixed forests,61.65000153,11.65059088,51.85418882,R22,R,arable land,2022,restored,moist,mowing,26,0.26,4.93,0.41,5.07,5.7375,5.67,0.59,7.44,0.6,7.11,6.9775,7.0625,1.4,9.22,1.35,200.88,1.62,9.22,1.85,228.95,1.23,23.13,1.21,0.4,1.84,23.13,1.66,0.47,2.17776,9.20975,1.5912,0.00233,1.81928,9.20975,2.06397,0.00116
M_HOH_A3,M_HOH,centre,654,Central European mixed forests,61.65000153,11.65059088,51.85418882,R,R,arable land,2022,restored,moist,mowing,26,0.26,5.55,0.36,5.44,5.7375,5.67,0.71,6.78,0.55,6.92,6.9775,7.0625,1.3,7.68,1.39,232.87,1.59,7.68,1.64,232.02,1.31,12.4,1.32,0.49,1.67,12.4,1.55,0.47,2.01316,7.53767,1.81379,0.00102,1.81364,7.53767,2.16365,0.00143
M_HOH_A4,M_HOH,centre,654,Central European mixed forests,61.65000153,11.65059088,51.85418882,R,R,arable land,2022,restored,moist,mowing,26,0.13,5.86,0.38,5.5,5.7375,5.67,0.31,6.2,0.49,7,6.9775,7.0625,1.33,3.93,1.81,234.91,1.47,3.93,1.57,213.82,1.19,12.4,1.41,0.47,1.73,12.4,1.63,0.48,1.54514,15.39218,1.72995,4.50E-04,1.953,15.39218,1.90304,0.00237
M_ILB_A1,M_ILB,centre,654,Central European mixed forests,67.48000336,11.65441561,51.82311226,R22,R22,arable land,2023,restored,fresh,mowing,12,0.27,4.51,0.29,4.62,4.4325,4.7875,0.49,6.47,0.54,6.89,6.4825,6.97,1.4,8.41,1.38,236.13,1.73,8.41,1.77,232.03,1.8,22.74,1.52,0.37,2.31,22.74,1.91,0.43,1.74101,12.40834,1.52632,0.0012,1.64756,12.40834,1.76798,9.40E-04
M_ILB_A2,M_ILB,centre,654,Central European mixed forests,67.48000336,11.65441561,51.82311226,R,R22,arable land,2023,restored,fresh,mowing,12,0.42,4.46,0.39,4.45,4.4325,4.7875,0.66,6.82,0.68,7.07,6.4825,6.97,1.47,6.11,1.51,214.74,1.58,6.11,2.03,208.75,1.61,12.43,1.55,0.4,1.9,12.43,1.84,0.48,2.06809,16.33961,1.34695,0.00215,1.8481,16.33961,1.98424,0.00136
M_ILB_A3,M_ILB,centre,654,Central European mixed forests,67.48000336,11.65441561,51.82311226,R22,R22,arable land,2023,restored,fresh,mowing,12,0.4,4.46,0.52,5.08,4.4325,4.7875,0.37,6.26,0.61,6.82,6.4825,6.97,1.21,9.22,1.28,248.12,1.61,9.22,1.81,229.97,2.05,29.33,1.48,0.34,2.36,29.33,1.76,0.41,1.55659,17.2144,1.59955,7.30E-04,1.84947,17.2144,1.75383,0.00113
M_ILB_A4,M_ILB,centre,654,Central European mixed forests,67.48000336,11.65441561,51.82311226,R,R22,arable land,2023,restored,fresh,mowing,12,0.25,4.3,0.54,5,4.4325,4.7875,0.48,6.38,0.55,7.1,6.4825,6.97,1.41,10.3,1.6,237,1.56,10.3,1.89,235.28,1.6,29.33,1.43,0.31,2.13,29.33,1.82,0.47,1.79853,17.2144,1.50924,9.60E-04,1.73558,17.2144,1.82107,0.001
M_JEP_A1,M_JEP,centre,654,Central European mixed forests,34.40999985,12.02312125,52.4791434,R,R,NA,2023,positive,fresh,mowing,NA,0.45,4.39,0.47,4.36,4.53,4.3325,0.47,6.62,0.7,6.6,6.6025,6.71,2.76,35.68,1.62,169.86,2.03,35.68,1.75,225.7,2.13,106.45,1.55,0.48,2.38,106.45,1.74,0.24,1.72452,15.96302,1.62068,0.00204,1.77738,15.96302,1.80059,8.70E-04
M_JEP_A2,M_JEP,centre,654,Central European mixed forests,34.40999985,12.02312125,52.4791434,R,R,NA,2023,positive,fresh,mowing,NA,0.4,4.42,0.45,4.5,4.53,4.3325,0.53,6.57,0.69,6.55,6.6025,6.71,3.04,35.68,1.68,162.94,1.95,35.68,1.69,223.65,2.24,106.45,1.6,0.48,2.16,106.45,1.62,0.25,1.63138,18.12448,1.69718,0.00273,1.89738,18.12448,1.87824,0.00101
M_JEP_A3,M_JEP,centre,654,Central European mixed forests,34.40999985,12.02312125,52.4791434,R,R,NA,2023,positive,fresh,mowing,NA,0.37,5.03,0.48,4.27,4.53,4.3325,0.48,6.36,0.74,6.8,6.6025,6.71,1.85,119.25,1.37,208.3,2.1,119.25,1.72,232.59,1.99,106.45,1.42,0.43,2.62,106.45,1.83,0.27,1.77293,56.25596,1.22094,0.00165,2.04104,56.25596,1.6509,0.00115
M_JEP_A4,M_JEP,centre,654,Central European mixed forests,34.40999985,12.02312125,52.4791434,R,R,NA,2023,positive,fresh,mowing,NA,0.27,4.28,0.39,4.2,4.53,4.3325,0.36,6.86,0.69,6.89,6.6025,6.71,3.67,39.48,1.69,158.94,2.28,39.48,1.72,226.36,2.44,106.45,1.51,0.48,2.17,106.45,1.8,0.26,1.647,56.25596,1.47643,0.00266,2.17795,56.25596,1.89599,0.00109
M_JER_A1,M_JER,centre,654,Central European mixed forests,34.11000061,12.01639122,52.48309646,V37,V32,arable land,2023,restored,fresh,mowing,5,0.29,4.24,0.4,4.25,4.4875,4.3425,0.41,6.87,0.61,7.06,6.85,7.2325,1.48,49.15,1.56,234.74,1.65,49.15,1.59,253.29,2.23,157.79,1.58,0.36,2.61,157.79,1.9,0.29,2.14569,39.31635,1.59579,5.80E-04,2.08033,39.31635,1.92181,8.90E-04
M_JER_A2,M_JER,centre,654,Central European mixed forests,34.11000061,12.01639122,52.48309646,V32,V32,arable land,2023,restored,fresh,mowing,5,0.35,4.5,0.47,4.62,4.4875,4.3425,0.53,6.71,0.5,7.1,6.85,7.2325,1.55,35.82,1.41,237.63,1.69,35.82,1.65,235.36,1.84,37.25,1.7,0.32,2.4,37.25,2.01,0.35,2.22292,61.51232,1.44643,0.00148,2.3723,61.51232,2.00102,7.90E-04
M_JER_A3,M_JER,centre,654,Central European mixed forests,34.11000061,12.01639122,52.48309646,V32,V32,arable land,2023,restored,fresh,mowing,5,0.21,4.79,0.44,4.43,4.4875,4.3425,0.22,7.08,0.57,7.33,6.85,7.2325,1.35,6.18,1.64,287.55,1.49,6.18,1.95,256.23,1.79,37.25,1.78,0.22,2.29,37.25,1.92,0.34,1.65239,100.60648,1.70924,6.70E-04,2.34564,100.60648,1.67944,6.90E-04
M_JER_A4,M_JER,centre,654,Central European mixed forests,34.11000061,12.01639122,52.48309646,R1P,V32,arable land,2023,restored,fresh,mowing,5,0.34,4.42,0.45,4.07,4.4875,4.3425,0.64,6.74,0.69,7.44,6.85,7.2325,1.44,30.3,1.76,202.26,1.83,30.3,1.67,218.14,1.57,37.25,1.82,0.26,2.42,37.25,1.81,0.34,2.12663,19.91474,1.69971,4.20E-04,2.16142,19.91474,2.014,0.00116
M_KAL_A1,M_KAL,centre,686,Western European broadleaf forests,274.9100037,11.1614036,51.49407413,R1A,R1A,NA,2022,positive,fresh,grazing,NA,0.33,3.66,0.35,4.14,3.3675,3.87,0.22,7.09,0.43,7.31,7.45,7.1425,1.55,26.79,1.22,180.29,1.88,26.79,1.79,219.52,2.57,77.51,1.75,0.23,1.97,77.51,1.7,0.4,1.96757,11.93896,1.57794,0.00247,1.8084,11.93896,1.78545,0.00186
M_KAL_A2,M_KAL,centre,686,Western European broadleaf forests,274.9100037,11.1614036,51.49407413,R,R1A,NA,2022,positive,fresh,grazing,NA,0.25,3.44,0.21,3.7,3.3675,3.87,0.51,7.25,0.47,7.15,7.45,7.1425,1.67,8.37,1.79,180.46,1.88,8.37,1.82,202.47,1.65,6.29,1.67,0.33,1.47,6.29,1.94,0.38,1.55246,10.02978,1.6424,0.0045,1.99784,10.02978,1.96142,0.00186
M_KAL_A3,M_KAL,centre,686,Western European broadleaf forests,274.9100037,11.1614036,51.49407413,R1A,R1A,NA,2022,positive,fresh,grazing,NA,0.02,3.02,0.45,4,3.3675,3.87,0.36,7.73,0.33,7,7.45,7.1425,1.43,8.37,1.41,179.35,1.85,8.37,1.91,207.82,1.44,6.35,1.47,0.43,1.45,6.35,1.71,0.44,1.19436,4.25066,1.36962,0.00413,1.66142,4.25066,1.91736,0.00374
M_KAL_A4,M_KAL,centre,686,Western European broadleaf forests,274.9100037,11.1614036,51.49407413,R1A,R1A,NA,2022,positive,fresh,grazing,NA,0.23,3.35,0.28,3.64,3.3675,3.87,0.36,7.73,0.43,7.11,7.45,7.1425,1.64,5.86,1.44,188.72,1.52,5.86,1.93,205.99,1.49,21.55,1.41,0.4,1.76,21.55,1.9,0.33,1.20241,12.40834,1.32313,0.00425,2.01758,12.40834,1.88025,0.00209
M_KAP_A1,M_KAP,centre,654,Central European mixed forests,58.43000031,12.23992028,51.87819202,R,R,NA,2023,negative,fresh,mowing,NA,0.4,5.38,0.48,5.15,5.12,5.2825,0.49,6.96,0.82,6.82,6.91,6.765,1.41,27.29,1.48,252.64,1.91,27.29,1.84,233.02,1.47,12.18,1.36,0.58,2.05,12.18,2,0.38,2.71118,81.2263,1.73212,0.00716,2.54347,81.2263,1.91542,0.00228
M_KAP_A2,M_KAP,centre,654,Central European mixed forests,58.43000031,12.23992028,51.87819202,R,R,NA,2023,negative,fresh,mowing,NA,0.44,5.04,0.64,5.25,5.12,5.2825,0.3,7.01,0.78,7.08,6.91,6.765,1.23,17.71,1.44,239.45,1.78,17.71,1.85,249.31,1.57,203.53,1.14,0.63,2.88,203.53,1.6,0.36,1.51845,81.2263,1.49452,0.00447,2.30622,81.2263,1.80305,0.00339
M_KAP_A3,M_KAP,centre,654,Central European mixed forests,58.43000031,12.23992028,51.87819202,R,R,NA,2023,negative,fresh,mowing,NA,0.39,4.84,0.34,5.33,5.12,5.2825,0.08,6.98,0.85,6.56,6.91,6.765,1.05,7.61,1.35,235.36,1.61,7.61,2.03,230.25,1.18,9.54,1.34,0.73,1.93,9.54,1.93,0.44,1.17896,77.09859,1.65643,0.0036,2.61685,77.09859,1.97494,0.00571
M_KAP_A4,M_KAP,centre,654,Central European mixed forests,58.43000031,12.23992028,51.87819202,R,R,NA,2023,negative,fresh,mowing,NA,0.26,5.22,0.37,5.4,5.12,5.2825,0.39,6.69,0.43,6.6,6.91,6.765,1.13,2.42,1.1,232.34,1.29,2.42,1.89,239.68,1.51,4.54,1.52,0.63,1.6,4.54,1.87,0.59,1.25816,92.77003,1.31289,0.00321,2.92195,92.77003,1.94294,0.00495
M_KIF_A1,M_KIF,centre,654,Central European mixed forests,114.7300034,11.7568316,51.65465985,R1A,R1A,NA,2022,negative,dry,mowing,NA,0.37,3.59,0.37,3.59,3.3125,3.615,0.8,7.11,0.76,7.14,7.5,7.0575,1.65,10.62,1.6,236.73,1.69,10.62,2.05,208.84,2.44,46.68,1.82,0.55,1.86,46.68,1.74,0.41,1.67314,10.56214,1.68693,0.00163,1.5439,10.56214,1.79748,0.00253
M_KIF_A2,M_KIF,centre,654,Central European mixed forests,114.7300034,11.7568316,51.65465985,R1A,R1A,NA,2022,negative,dry,mowing,NA,0.19,3.25,0.24,3.38,3.3125,3.615,0.68,7.59,1.07,7.09,7.5,7.0575,1.61,26.72,1.52,176.28,2.01,26.72,1.96,170.55,1.42,7.16,1.79,0.43,1.65,7.16,1.85,0.33,1.10281,3.32832,1.63751,0.00357,1.31172,3.32832,1.88006,0.0039
M_KIF_A3,M_KIF,centre,654,Central European mixed forests,114.7300034,11.7568316,51.65465985,R1A,R1A,NA,2022,negative,dry,mowing,NA,0.19,3.25,0.2,3.85,3.3125,3.615,0.45,7.67,0.56,7,7.5,7.0575,1.38,26.72,1.61,165.73,1.93,26.72,1.86,201.97,1.82,16.8,1.46,0.3,1.65,16.8,1.82,0.39,1.31137,10.88846,1.18518,0.00632,1.91796,10.88846,1.70565,0.00207
M_KIF_A4,M_KIF,centre,654,Central European mixed forests,114.7300034,11.7568316,51.65465985,R1A,R1A,NA,2022,negative,dry,mowing,NA,0.14,3.16,0.35,3.64,3.3125,3.615,0.58,7.63,0.75,7,7.5,7.0575,1.51,26.72,1.49,167.96,2.14,26.72,2.05,185.86,1.91,7.77,1.64,0.33,1.65,7.77,2.05,0.36,1.28891,4.13865,1.5993,0.00467,1.47224,4.13865,2.01741,0.00314
M_KOL_A1,M_KOL,centre,654,Central European mixed forests,114.6600037,11.82447632,51.50647081,R,R,arable land,2023,restored,dry,mowing,3,0.37,3.95,0.3,3.79,4.0975,3.865,0.6,7.3,0.57,7.47,7.285,7.4725,1.76,8.57,1.58,205.44,1.82,8.57,1.82,207.51,1.94,11.95,1.75,0.39,1.69,11.95,1.75,0.4,1.78524,10.11408,1.60489,0.00142,1.72368,10.11408,1.84389,0.00168
M_KOL_A2,M_KOL,centre,654,Central European mixed forests,114.6600037,11.82447632,51.50647081,R,R,arable land,2023,restored,dry,mowing,3,0.36,4.45,0.36,4.05,4.0975,3.865,0.67,7.16,0.63,7.33,7.285,7.4725,1.5,12.23,1.54,210.59,1.86,12.23,1.7,209.95,1.77,13.83,1.7,0.49,1.85,13.83,1.92,0.37,1.71759,12.51263,1.45717,0.00109,1.60776,12.51263,1.73145,0.0011
M_KOL_A3,M_KOL,centre,654,Central European mixed forests,114.6600037,11.82447632,51.50647081,R,R,arable land,2023,restored,dry,mowing,3,0.25,4,0.36,3.87,4.0975,3.865,0.66,7.47,0.66,7.53,7.285,7.4725,1.57,8.57,1.41,201.88,1.8,8.57,1.76,203.19,1.76,19.66,1.61,0.44,1.93,19.66,1.75,0.39,1.87184,11.87677,1.35164,0.00103,1.78986,11.87677,1.8735,0.00151
M_KOL_A4,M_KOL,centre,654,Central European mixed forests,114.6600037,11.82447632,51.50647081,V38,R,arable land,2023,restored,dry,mowing,3,0.44,3.99,0.35,3.75,4.0975,3.865,0.67,7.21,0.6,7.56,7.285,7.4725,1.51,12.23,1.27,187.05,1.81,12.23,1.85,198.36,2.03,11.95,1.44,0.44,1.71,11.95,1.8,0.38,1.68238,10.11408,1.43952,0.00157,1.7234,10.11408,1.74861,0.00136
M_KOT_A1,M_KOT,centre,654,Central European mixed forests,72,11.97743495,51.76112712,R22,R22,arable land,2022,restored,fresh,none,4,0.27,4.44,0.27,4.32,4.3325,4.615,0.44,7.28,0.6,7.41,7.4175,7.2875,1.42,7.72,1.56,235.57,1.58,7.72,1.83,238.39,1.42,11.08,1.56,0.51,1.63,11.08,1.69,0.53,1.45285,10.56214,1.43161,0.0016,1.57455,10.56214,1.82941,0.0014
M_KOT_A2,M_KOT,centre,654,Central European mixed forests,72,11.97743495,51.76112712,R22,R22,arable land,2022,restored,fresh,none,4,0.16,4.18,0.39,4.69,4.3325,4.615,0.51,7.52,0.6,7.14,7.4175,7.2875,1.59,7.04,1.6,226,1.55,7.04,1.83,231.77,1.41,22.32,1.41,0.5,1.72,22.32,1.76,0.5,1.64944,11.61255,1.39065,0.00247,1.7776,11.61255,1.81134,0.00134
M_KOT_A3,M_KOT,centre,654,Central European mixed forests,72,11.97743495,51.76112712,R22,R22,arable land,2022,restored,fresh,none,4,0.28,4.58,0.4,4.78,4.3325,4.615,0.5,7.28,0.63,7.29,7.4175,7.2875,1.34,11.18,1.5,232.77,1.61,11.18,1.89,234.19,1.25,22.32,1.39,0.48,1.7,22.32,1.69,0.52,1.45423,15.8461,1.36085,0.00212,1.70421,15.8461,1.7731,0.00204
M_KOT_A4,M_KOT,centre,654,Central European mixed forests,72,11.97743495,51.76112712,R22,R22,arable land,2022,restored,fresh,none,4,0.12,4.13,0.37,4.67,4.3325,4.615,0.53,7.59,0.64,7.31,7.4175,7.2875,1.61,12,1.49,231.43,1.53,12,1.78,241.98,1.5,10.46,1.5,0.51,1.69,10.46,1.72,0.55,1.50608,15.8461,1.49402,0.00276,1.73571,15.8461,1.67458,0.00176
M_KUH_A1,M_KUH,centre,654,Central European mixed forests,161.2100067,11.83230936,51.25517652,R1A,R1A,grassland,2022,restored,dry,grazing,4,0.07,3.06,0.27,3.31,3.0575,3.46,0.27,7.92,0.66,7.31,7.825,7.4925,1.27,28.25,1.67,171.73,2.18,28.25,1.83,182.66,1.69,46.77,1.75,0.4,2.75,46.77,2.07,0.26,1.19,27.2045,1.76451,0.00311,2.0431,27.2045,2.018,0.0016
M_KUH_A2,M_KUH,centre,654,Central European mixed forests,161.2100067,11.83230936,51.25517652,R1A,R1A,grassland,2022,restored,dry,grazing,4,0.07,3.06,0.31,3.56,3.0575,3.46,0.17,7.93,0.64,7.47,7.825,7.4925,1.2,12.12,1.55,174.32,1.79,12.12,1.98,199.76,1.35,16.8,1.85,0.45,2.09,16.8,2.07,0.33,1.13485,10.88846,1.75398,0.00321,1.80923,10.88846,1.87718,0.00116
M_KUH_A3,M_KUH,centre,654,Central European mixed forests,161.2100067,11.83230936,51.25517652,R1A,R1A,grassland,2022,restored,dry,grazing,4,0.34,3.27,0.37,3.59,3.0575,3.46,0.51,7.5,0.53,7.33,7.825,7.4925,1.46,28.25,1.56,184.57,1.88,28.25,1.73,191.14,3.03,56.23,1.67,0.21,2.51,56.23,2,0.23,1.6913,19.71145,1.39279,0.00124,1.75215,19.71145,1.71954,9.50E-04
M_KUH_A4,M_KUH,centre,654,Central European mixed forests,161.2100067,11.83230936,51.25517652,R1A,R1A,grassland,2022,restored,dry,grazing,4,0.17,2.84,0.37,3.38,3.0575,3.46,0.11,7.95,0.55,7.86,7.825,7.4925,1.19,27.73,1.43,168.75,2.24,27.73,1.67,194.74,1.95,68.81,1.35,0.36,2.5,68.81,1.74,0.24,1.39381,19.71145,1.29891,0.00252,2.04217,19.71145,1.89661,0.00112
M_LOB_A1,M_LOB,centre,654,Central European mixed forests,114.2600021,11.9262047,51.63375412,R,R,arable land,2023,restored,fresh,mowing,NA,0.12,4.14,0.25,4.44,4.1525,4.0725,0.43,7.18,0.6,7.21,7.19,7.31,1.42,4.52,1.17,222.5,1.53,4.52,2.07,233.44,1.72,21.12,1.61,0.43,1.88,21.12,1.83,0.4,1.88525,16.33961,1.36925,0.00505,1.92202,16.33961,1.986,0.00164
M_LOB_A2,M_LOB,centre,654,Central European mixed forests,114.2600021,11.9262047,51.63375412,R22,R,arable land,2023,restored,fresh,mowing,NA,0.21,4.12,0.26,3.93,4.1525,4.0725,0.58,7.36,0.6,7.33,7.19,7.31,1.54,25.4,1.4,237.8,1.79,25.4,1.61,218.63,2.32,37.25,1.36,0.59,1.92,37.25,1.77,0.38,1.64535,18.19943,1.54406,0.00444,2.09472,18.19943,1.96755,0.00201
M_LOB_A3,M_LOB,centre,654,Central European mixed forests,114.2600021,11.9262047,51.63375412,R,R,arable land,2023,restored,fresh,mowing,NA,0.23,4.2,0.22,3.92,4.1525,4.0725,0.63,7.21,0.65,7.38,7.19,7.31,1.45,25.4,1.41,217.71,1.83,25.4,1.72,207.21,1.86,22.74,1.4,0.49,1.72,22.74,1.74,0.39,1.7244,17.2144,1.58033,0.00442,2.16264,17.2144,1.89402,0.00151
M_LOB_A4,M_LOB,centre,654,Central European mixed forests,114.2600021,11.9262047,51.63375412,R,R,arable land,2023,restored,fresh,mowing,NA,0.26,4.15,0.27,4,4.1525,4.0725,0.52,7.01,0.65,7.32,7.19,7.31,1.39,11.78,1.56,209.37,1.68,11.78,1.87,222.49,1.7,37.25,1.66,0.43,1.9,37.25,1.87,0.35,1.81506,26.58334,1.65728,0.00612,2.15948,26.58334,1.96072,0.00156
M_MOZ_A1,M_MOZ,centre,686,Western European broadleaf forests,310.6099854,11.30686446,51.69061448,R,R,NA,2023,positive,moist,mowing,NA,0.43,6.1,0.44,5.85,6.005,5.8175,0.63,7.07,0.8,6.87,6.7025,6.765,1.67,24.06,1.71,231.12,1.72,24.06,1.7,241.08,1.78,24.87,1.69,0.43,2.02,24.87,1.9,0.34,1.6019,41.12515,1.57302,6.80E-04,1.75959,41.12515,1.65578,6.30E-04
M_MOZ_A2,M_MOZ,centre,686,Western European broadleaf forests,310.6099854,11.30686446,51.69061448,R,R,NA,2023,positive,moist,mowing,NA,0.3,5.77,0.44,5.75,6.005,5.8175,0.69,6.52,0.78,6.79,6.7025,6.765,1.51,8.32,1.63,257.85,1.74,8.32,1.75,243.45,1.76,13.83,1.69,0.45,1.85,13.83,1.92,0.39,1.55485,44.56815,1.55302,6.10E-04,1.79152,44.56815,1.73832,6.10E-04
M_MOZ_A3,M_MOZ,centre,686,Western European broadleaf forests,310.6099854,11.30686446,51.69061448,R,R,NA,2023,positive,moist,mowing,NA,0.3,5.86,0.38,5.75,6.005,5.8175,0.69,6.66,0.69,6.61,6.7025,6.765,1.58,5.72,1.66,265.87,1.63,5.72,1.86,253.9,1.55,9.15,1.69,0.48,1.59,9.15,1.88,0.35,1.96351,39.58492,1.80861,7.00E-04,1.70738,39.58492,1.69054,8.00E-04
M_MOZ_A4,M_MOZ,centre,686,Western European broadleaf forests,310.6099854,11.30686446,51.69061448,R,R,NA,2023,positive,moist,mowing,NA,0.34,6.29,0.47,5.92,6.005,5.8175,0.64,6.56,0.61,6.79,6.7025,6.765,1.51,7.87,1.76,245.33,1.52,7.87,1.97,243.9,1.33,10.7,1.61,0.55,1.92,10.7,1.91,0.4,1.52391,44.56815,1.38906,8.00E-04,2.5587,44.56815,1.75308,0.00113
M_NEL_A1,M_NEL,centre,654,Central European mixed forests,96.33999634,11.75335512,51.66467973,R1B,R1B,grassland,2022,restored,dry,grazing,14,0.17,1.99,0.44,2.55,2.575,2.72,0.42,8.24,0.5,8.17,8.07,8.09,3.35,29.57,1.94,147.74,2.23,29.57,1.91,165.14,2.15,18.29,1.49,0.36,2.15,18.29,1.76,0.27,1.55043,12.541,1.4365,0.00212,1.75253,12.541,1.69467,0.00138
M_NEL_A2,M_NEL,centre,654,Central European mixed forests,96.33999634,11.75335512,51.66467973,R,R1B,grassland,2022,restored,dry,grazing,14,0.13,3.03,0.33,3.12,2.575,2.72,0.4,7.85,0.59,7.88,8.07,8.09,1.36,14.49,1.62,176.16,2.21,14.49,2.25,192.99,1.36,13.57,1.39,0.43,2.09,13.57,1.99,0.26,1.10159,12.541,1.2111,0.00366,1.86722,12.541,1.78422,0.00193
M_NEL_A3,M_NEL,centre,654,Central European mixed forests,96.33999634,11.75335512,51.66467973,R16,R1B,grassland,2022,restored,dry,grazing,14,0.26,2.62,0.38,2.42,2.575,2.72,0.28,8.07,0.58,8.31,8.07,8.09,1.73,22.57,1.62,173.91,1.88,22.57,1.76,162.87,1.93,29.63,1.66,0.37,2.35,29.63,1.94,0.25,1.3233,5.48888,1.48569,0.00211,1.38984,5.48888,1.76036,0.00141
M_NEL_A4,M_NEL,centre,654,Central European mixed forests,96.33999634,11.75335512,51.66467973,R1B,R1B,grassland,2022,restored,dry,grazing,14,0.24,2.66,0.36,2.79,2.575,2.72,0.38,8.12,0.52,8,8.07,8.09,1.97,42.11,2.01,151.08,2.6,42.11,2.03,163.81,2.41,19.97,1.39,0.32,2.01,19.97,1.79,0.29,1.44171,15.97385,1.35232,0.00261,1.61557,15.97385,1.64005,0.00177
M_NIS_A1,M_NIS,centre,654,Central European mixed forests,204.7700043,11.76049993,51.20428793,R1A,R1A,NA,2022,negative,dry,none,NA,0.26,3.41,0.2,4,3.5325,4.025,0.42,7.21,0.77,6.56,7.0225,6.695,1.72,51.76,1.37,218.23,2.05,51.76,1.72,241.52,3.63,81.34,1.23,0.31,2.04,81.34,1.56,0.38,2.05698,20.17344,1.42615,6.80E-04,2.13656,20.17344,1.82029,0.00149
M_NIS_A2,M_NIS,centre,654,Central European mixed forests,204.7700043,11.76049993,51.20428793,R1A,R1A,NA,2022,negative,dry,none,NA,0.36,3.65,0.27,3.81,3.5325,4.025,0.82,7.27,0.87,6.79,7.0225,6.695,1.64,36.25,1.64,253.06,1.9,36.25,1.79,234.5,2.48,77.51,1.65,0.64,1.96,77.51,1.57,0.41,1.74519,20.17344,1.57146,0.00137,2.03363,20.17344,1.82628,0.00164
M_NIS_A3,M_NIS,centre,654,Central European mixed forests,204.7700043,11.76049993,51.20428793,R1A,R1A,NA,2022,negative,dry,none,NA,0.37,3.66,0.28,4.12,3.5325,4.025,0.87,6.55,0.71,6.79,7.0225,6.695,1.64,36.25,1.66,252.89,1.93,36.25,1.67,235.72,1.8,77.51,1.37,0.46,1.99,77.51,1.71,0.4,2.27092,20.17344,1.6395,4.80E-04,2.06174,20.17344,1.78369,0.00118
M_NIS_A4,M_NIS,centre,654,Central European mixed forests,204.7700043,11.76049993,51.20428793,R1A,R1A,NA,2022,negative,dry,none,NA,0.31,3.41,0.37,4.17,3.5325,4.025,0.49,7.06,0.8,6.64,7.0225,6.695,1.78,72.25,1.56,229.18,2.12,72.25,1.78,229.82,4.24,98.26,1.54,0.37,2.12,98.26,1.72,0.47,1.97371,20.17344,1.58873,6.20E-04,2.08551,20.17344,1.82027,0.00122
M_PRA_A1,M_PRA,centre,654,Central European mixed forests,66.73000336,12.67487398,51.84309028,R,V,arable land,2023,restored,moist,both,22,0.09,5.07,0.51,5.33,4.785,4.9425,0.46,6.59,0.54,7.13,6.59,7.045,1.26,19.46,1.55,235.19,1.78,19.46,1.87,280.72,2.09,203.53,1.47,0.44,2.94,203.53,1.8,0.28,1.42484,56.25596,1.54861,0.00311,1.9684,56.25596,1.82703,7.70E-04
M_PRA_A2,M_PRA,centre,654,Central European mixed forests,66.73000336,12.67487398,51.84309028,V,V,arable land,2023,restored,moist,both,22,0.36,4.82,0.45,5.31,4.785,4.9425,0.45,6.53,0.39,7,6.59,7.045,1.23,20.38,1.14,227.93,1.68,20.38,1.72,266.56,1.43,17.53,1.28,0.37,2.14,17.53,2.05,0.29,1.69644,21.17698,1.64065,0.00271,1.76083,21.17698,1.60918,0.00093
M_PRA_A3,M_PRA,centre,654,Central European mixed forests,66.73000336,12.67487398,51.84309028,V,V,arable land,2023,restored,moist,both,22,0.25,4.77,0.45,4.93,4.785,4.9425,0.41,6.67,0.54,7,6.59,7.045,1.28,20.38,1.16,231.6,1.79,20.38,1.7,268.75,1.76,117.44,1.18,0.32,2.6,117.44,1.87,0.28,2.10093,21.17698,1.31886,0.00168,1.75566,21.17698,1.70169,7.20E-04
M_PRA_A4,M_PRA,centre,654,Central European mixed forests,66.73000336,12.67487398,51.84309028,R,V,arable land,2023,restored,moist,both,22,0.35,4.48,0.52,4.2,4.785,4.9425,0.54,6.57,0.74,7.05,6.59,7.045,1.38,11.78,1.49,219.49,1.64,11.78,1.9,240.91,1.48,60.32,1.26,0.28,2.13,60.32,1.8,0.25,2.13554,28.96843,1.50326,0.00102,1.90287,28.96843,1.86636,5.70E-04
M_SKF_A1,M_SKF,centre,654,Central European mixed forests,66.11000061,11.57491171,52.02875982,R22,R22,arable land,2022,restored,fresh,both,9,0.25,4.64,0.37,4.74,4.0925,4.3625,0.58,7.23,0.57,7.44,7.3675,7.405,1.52,19.24,1.18,229.78,1.83,19.24,1.76,226.99,1.77,21.12,1.41,0.55,1.87,21.12,1.82,0.48,1.59176,26.72425,1.37203,0.00158,1.6808,26.72425,1.79658,0.00149
M_SKF_A2,M_SKF,centre,654,Central European mixed forests,66.11000061,11.57491171,52.02875982,R22,R22,arable land,2022,restored,fresh,both,9,0.28,4.4,0.35,4.65,4.0925,4.3625,0.49,7.28,0.58,7.36,7.3675,7.405,1.69,8.41,1.42,200.87,1.73,8.41,1.85,228.03,1.66,21.12,1.55,0.49,1.86,21.12,1.76,0.49,1.60525,7.73759,1.58353,6.90E-04,1.52623,7.73759,1.86724,9.90E-04
M_SKF_A3,M_SKF,centre,654,Central European mixed forests,66.11000061,11.57491171,52.02875982,R22,R22,arable land,2022,restored,fresh,both,9,0.36,3.58,0.34,4,4.0925,4.3625,0.49,7.55,0.54,7.37,7.3675,7.405,2.02,18.46,1.68,183.89,1.61,18.46,1.67,204.59,2.01,17.27,1.54,0.44,1.78,17.27,1.78,0.45,1.59719,10.48717,1.51485,0.00121,1.6912,10.48717,1.74415,0.00161
M_SKF_A4,M_SKF,centre,654,Central European mixed forests,66.11000061,11.57491171,52.02875982,R1A,R22,arable land,2022,restored,fresh,both,9,0.31,3.75,0.37,4.06,4.0925,4.3625,0.45,7.41,0.5,7.45,7.3675,7.405,1.61,18.46,1.45,177.5,1.61,18.46,1.63,207.15,1.45,14.33,1.54,0.36,1.73,14.33,1.76,0.42,1.7592,17.44567,1.50416,6.90E-04,1.67744,17.44567,1.66813,0.00123
M_SMH_A1,M_SMH,centre,654,Central European mixed forests,227.3800049,11.59779124,51.33296162,R,R1A,NA,2023,negative,dry,none,NA,0.22,3.27,0.34,3.91,3.245,3.78,0.17,7.98,0.6,7.75,7.855,7.5775,1.41,67.38,1.51,177.63,1.84,67.38,1.62,198.46,1.63,16.76,1.67,0.42,2.15,16.76,1.97,0.32,1.4496,18.12448,1.65123,0.00254,2.44789,18.12448,1.95373,0.00126
M_SMH_A2,M_SMH,centre,654,Central European mixed forests,227.3800049,11.59779124,51.33296162,R,R1A,NA,2023,negative,dry,none,NA,0.24,3.26,0.42,3.79,3.245,3.78,0.24,7.95,0.62,7.75,7.855,7.5775,1.45,67.38,1.4,175.56,1.87,67.38,1.72,218.73,2,76.78,1.48,0.36,2.19,76.78,1.67,0.22,1.73346,27.22029,1.22751,0.00196,2.29476,27.22029,1.96903,7.60E-04
M_SMH_A3,M_SMH,centre,654,Central European mixed forests,227.3800049,11.59779124,51.33296162,R1A,R1A,NA,2023,negative,dry,none,NA,0.24,3.32,0.37,3.67,3.245,3.78,0.62,7.55,0.9,7.43,7.855,7.5775,1.41,67.38,1.47,173.94,1.97,67.38,1.67,197.68,1.84,25.32,1.81,0.36,2.15,25.32,1.94,0.26,1.23805,12.40834,1.1874,0.00436,1.77186,12.40834,1.78974,0.0028
M_SMH_A4,M_SMH,centre,654,Central European mixed forests,227.3800049,11.59779124,51.33296162,R,R1A,NA,2023,negative,dry,none,NA,0.13,3.13,0.41,3.75,3.245,3.78,0.11,7.94,0.93,7.38,7.855,7.5775,1.14,67.38,1.35,173.85,2.36,67.38,1.72,208.33,1.2,31.47,1.4,0.47,2.71,31.47,1.78,0.23,1.20308,22.86514,1.45999,0.00311,2.93474,22.86514,2.10515,4.10E-04
M_SSB_A1,M_SSB,centre,654,Central European mixed forests,182.1799927,11.72160941,51.21551542,R1A,R1A,NA,2022,positive,dry,grazing,NA,0.32,2.43,0.38,2.92,2.5225,2.75,0.57,7.49,0.63,7.64,7.5425,7.6825,1.91,72.25,1.63,197.62,2.13,72.25,1.77,196.84,3.01,24.65,1.5,0.24,2.22,24.65,1.76,0.28,1.27925,5.77374,1.58669,0.00199,1.42371,5.77374,1.75431,0.00222
M_SSB_A2,M_SSB,centre,654,Central European mixed forests,182.1799927,11.72160941,51.21551542,R1A,R1A,NA,2022,positive,dry,grazing,NA,0.23,2.79,0.37,2.83,2.5225,2.75,0.36,7.79,0.62,7.6,7.5425,7.6825,1.38,36.9,1.39,181.09,1.88,36.9,1.98,195.94,2.3,43.18,1.47,0.33,2.81,43.18,1.93,0.23,1.39483,11.81098,1.69156,0.00236,1.91786,11.81098,1.88568,0.00111
M_SSB_A3,M_SSB,centre,654,Central European mixed forests,182.1799927,11.72160941,51.21551542,R1A,R1A,NA,2022,positive,dry,grazing,NA,0.35,2.56,0.35,2.65,2.5225,2.75,0.69,7.25,0.68,7.74,7.5425,7.6825,1.54,14.13,1.3,188.14,1.71,14.13,1.94,170.53,2.45,18.29,1.53,0.27,2.21,18.29,1.9,0.25,1.29997,5.40386,1.55381,0.00226,1.37473,5.40386,1.80694,0.00206
M_SSB_A4,M_SSB,centre,654,Central European mixed forests,182.1799927,11.72160941,51.21551542,R16,R1A,NA,2022,positive,dry,grazing,NA,0.28,2.31,0.41,2.6,2.5225,2.75,0.45,7.64,0.56,7.75,7.5425,7.6825,1.52,9.27,1.69,186.18,1.73,9.27,2.07,178.51,2.63,18.29,1.5,0.33,2.33,18.29,1.76,0.23,1.24489,4.82019,1.58955,0.00226,1.34567,4.82019,1.73215,0.00242
M_SSL_A1,M_SSL,centre,654,Central European mixed forests,118.0299988,11.92439633,51.6336248,R,R,NA,2023,positive,dry,none,NA,0.47,3.1,0.39,3.55,2.93,3.4775,0.58,7.95,0.61,7.41,7.9125,7.4825,1.84,42.13,1.39,220.93,2.04,42.13,1.74,227.03,2.76,157.79,1.72,0.29,2.15,157.79,1.7,0.27,2.48502,27.14139,1.60914,5.60E-04,2.04178,27.14139,1.94374,4.70E-04
M_SSL_A2,M_SSL,centre,654,Central European mixed forests,118.0299988,11.92439633,51.6336248,R,R,NA,2023,positive,dry,none,NA,0.42,3.04,0.37,3.1,2.93,3.4775,0.7,7.83,0.79,7.64,7.9125,7.4825,2.18,20.22,1.52,226.04,2.03,20.22,1.92,232.12,2.2,9,1.39,0.26,1.9,9,1.86,0.24,2.29407,27.14139,1.42591,3.30E-04,2.08504,27.14139,2.02578,3.80E-04
M_SSL_A3,M_SSL,centre,654,Central European mixed forests,118.0299988,11.92439633,51.6336248,R1A,R,NA,2023,positive,dry,none,NA,0.25,2.95,0.43,3.69,2.93,3.4775,0.45,7.31,0.52,7.32,7.9125,7.4825,1.23,8.62,1.62,188.34,1.52,8.62,1.68,188.61,1.32,30.15,1.54,0.33,1.82,30.15,1.71,0.34,1.5138,10.02978,1.59881,0.00146,1.67976,10.02978,1.87354,0.00151
M_SSL_A4,M_SSL,centre,654,Central European mixed forests,118.0299988,11.92439633,51.6336248,R,R,NA,2023,positive,dry,none,NA,0.44,2.63,0.46,3.57,2.93,3.4775,0.54,8.56,0.76,7.56,7.9125,7.4825,2.47,11,1.29,227.36,1.86,11,1.81,252.6,1.86,35.32,1.27,0.18,2.15,35.32,1.62,0.19,3.72126,19.98553,1.34101,4.10E-04,2.44844,19.98553,2.13627,3.20E-04
M_STA_A1,M_STA,centre,654,Central European mixed forests,54.43999863,12.03915626,51.87081962,R22,R22,grassland,2023,restored,fresh,mowing,5,0.4,4.58,0.5,4.53,4.6875,4.7,0.59,7.24,0.61,7.28,7.2575,7.115,1.52,8.28,1.58,250.16,1.52,8.28,1.77,240.09,2.21,157.79,1.51,0.53,2.39,157.79,1.76,0.37,1.95255,21.03435,1.72022,0.00131,1.71065,21.03435,1.81217,0.00108
M_STA_A2,M_STA,centre,654,Central European mixed forests,54.43999863,12.03915626,51.87081962,R22,R22,grassland,2023,restored,fresh,mowing,5,0.37,5.22,0.45,4.86,4.6875,4.7,0.65,7.16,0.54,6.95,7.2575,7.115,1.41,6.1,1.44,251.82,1.46,6.1,1.9,225.76,1.91,22.74,1.67,0.71,1.9,22.74,1.96,0.47,1.48037,9.20975,1.74224,0.0017,1.64484,9.20975,2.00164,0.00112
M_STA_A3,M_STA,centre,654,Central European mixed forests,54.43999863,12.03915626,51.87081962,R,R22,grassland,2023,restored,fresh,mowing,5,0.42,4.46,0.46,4.94,4.6875,4.7,0.51,7.24,0.53,7.09,7.2575,7.115,1.4,8.28,1.62,246.06,1.45,8.28,1.84,246.76,2.23,37.25,1.76,0.53,2.05,37.25,1.86,0.37,1.62042,21.03435,1.80242,0.0015,1.89206,21.03435,1.99771,9.90E-04
M_STA_A4,M_STA,centre,654,Central European mixed forests,54.43999863,12.03915626,51.87081962,R22,R22,grassland,2023,restored,fresh,mowing,5,0.36,4.49,0.46,4.47,4.6875,4.7,0.61,7.39,0.65,7.14,7.2575,7.115,1.58,8.28,1.68,244.44,1.49,8.28,1.86,241.3,2.12,37.25,1.64,0.68,1.97,37.25,1.81,0.42,1.40532,64.30386,1.57558,0.00216,1.71363,64.30386,1.60805,0.00147
M_STF_A1,M_STF,centre,654,Central European mixed forests,39.75,11.6869805,52.28069534,R,R22,arable land,2023,restored,moist,mowing,3,0.35,4.67,0.27,5,5.0175,5.0875,0.49,7.05,0.47,7,7.07,7.0175,1.68,11.08,1.78,243.98,1.61,11.08,1.86,252.45,1.97,18.35,1.46,0.39,1.86,18.35,1.81,0.43,1.54007,118.64473,1.44892,7.10E-04,2.01803,118.64473,1.67273,0.00146
M_STF_A2,M_STF,centre,654,Central European mixed forests,39.75,11.6869805,52.28069534,R22,R22,arable land,2023,restored,moist,mowing,3,0.36,4.83,0.34,5,5.0175,5.0875,0.41,7.04,0.53,7.03,7.07,7.0175,1.52,13.29,1.67,237.61,1.68,13.29,1.92,227.24,1.83,22.74,1.51,0.44,1.82,22.74,1.83,0.47,1.66349,118.64473,1.51296,7.70E-04,1.7283,118.64473,1.55082,0.00108
M_STF_A3,M_STF,centre,654,Central European mixed forests,39.75,11.6869805,52.28069534,R22,R22,arable land,2023,restored,moist,mowing,3,0.3,5.13,0.27,5,5.0175,5.0875,0.4,7.16,0.38,7,7.07,7.0175,1.6,31.65,1.6,267.95,1.66,31.65,1.71,256.48,1.91,22.74,1.45,0.5,1.94,22.74,1.96,0.43,1.59086,41.12515,1.53764,0.00115,1.9615,41.12515,1.95056,0.00133
M_STF_A4,M_STF,centre,654,Central European mixed forests,39.75,11.6869805,52.28069534,R22,R22,arable land,2023,restored,moist,mowing,3,0.33,5.44,0.43,5.35,5.0175,5.0875,0.37,7.03,0.47,7.04,7.07,7.0175,1.53,33.03,1.3,270.38,1.68,33.03,1.69,257.84,1.83,22.74,1.56,0.53,2.04,22.74,1.84,0.44,1.63534,32.15635,1.4139,0.00105,1.98126,32.15635,1.95639,0.00143
M_STI_A1,M_STI,centre,654,Central European mixed forests,91.91999817,11.83597112,51.65776367,R,R22,arable land,2023,restored,moist,mowing,28,0.21,4.29,0.29,4.64,4.515,4.6575,0.46,7.18,0.71,6.94,7.2025,7.025,1.37,7.93,1.4,237.89,1.61,7.93,1.78,251.54,1.89,22.74,1.37,0.56,2.27,22.74,2.02,0.43,1.41142,28.15501,1.43194,0.00318,2.1092,28.15501,1.94173,0.00145
M_STI_A2,M_STI,centre,654,Central European mixed forests,91.91999817,11.83597112,51.65776367,R22,R22,arable land,2023,restored,moist,mowing,28,0.25,4.44,0.25,4.5,4.515,4.6575,0.66,7.28,0.58,7.31,7.2025,7.025,1.48,4.94,1.79,237.01,1.42,4.94,1.86,249.39,1.96,22.74,1.63,0.56,2.16,22.74,1.98,0.46,1.41336,8.15184,1.16828,0.00291,1.52919,8.15184,1.82187,0.00147
M_STI_A3,M_STI,centre,654,Central European mixed forests,91.91999817,11.83597112,51.65776367,R22,R22,arable land,2023,restored,moist,mowing,28,0.21,4.29,0.31,4.71,4.515,4.6575,0.57,7.32,0.7,7,7.2025,7.025,1.51,10.97,1.43,242.56,1.69,10.97,1.88,248.29,1.74,22.74,1.49,0.64,2.07,22.74,1.94,0.47,1.58713,8.15184,1.71254,0.00209,1.76591,8.15184,2.21215,8.40E-04
M_STI_A4,M_STI,centre,654,Central European mixed forests,91.91999817,11.83597112,51.65776367,R22,R22,arable land,2023,restored,moist,mowing,28,0.18,5.04,0.26,4.78,4.515,4.6575,0.64,7.03,0.47,6.85,7.2025,7.025,1.49,5.72,2.02,254.81,1.53,5.72,2.06,242.38,2.38,22.74,1.65,0.59,2.25,22.74,1.86,0.38,1.53662,25.14454,1.75183,0.00193,1.9448,25.14454,1.74062,0.0012
M_STN_A1,M_STN,centre,654,Central European mixed forests,184.0599976,11.51118008,51.27824642,V37,R1A,grassland,2023,restored,dry,grazing,2,0.72,4.58,0.39,3.73,3.5075,3.3125,0.52,7.54,0.64,7.42,7.705,7.5575,1.82,102.52,1.57,230.64,2.57,102.52,1.88,199.29,2.27,63.22,1.65,0.32,2.04,63.22,1.67,0.34,1.59941,35.09273,1.68806,0.00127,2.05492,35.09273,1.87652,0.00126
M_STN_A2,M_STN,centre,654,Central European mixed forests,184.0599976,11.51118008,51.27824642,R1A,R1A,grassland,2023,restored,dry,grazing,2,0.38,3.66,0.41,3.27,3.5075,3.3125,0.52,7.71,0.79,7.54,7.705,7.5575,1.76,102.52,1.4,235.76,2.26,102.52,1.81,215.82,1.64,60.77,1.43,0.29,2.13,60.77,1.72,0.24,1.67851,35.09273,1.72246,0.00146,1.98319,35.09273,1.81643,6.70E-04
M_STN_A3,M_STN,centre,654,Central European mixed forests,184.0599976,11.51118008,51.27824642,R1A,R1A,grassland,2023,restored,dry,grazing,2,0.31,2.95,0.32,3.11,3.5075,3.3125,0.57,7.57,0.74,7.51,7.705,7.5575,1.92,123,1.48,190.18,2.43,123,1.95,174.55,2.28,60.77,1.51,0.3,2.35,60.77,1.73,0.26,2.28003,208.84567,1.51439,0.00244,1.99286,208.84567,1.63158,9.60E-04
M_STN_A4,M_STN,centre,654,Central European mixed forests,184.0599976,11.51118008,51.27824642,R1A,R1A,grassland,2023,restored,dry,grazing,2,0.27,2.84,0.3,3.14,3.5075,3.3125,0.52,8,0.6,7.76,7.705,7.5575,2,102.52,1.54,184.86,2.29,102.52,1.78,186.39,1.65,35.76,1.39,0.38,2.09,35.76,1.69,0.29,2.21198,27.90032,1.55276,0.00347,1.88684,27.90032,1.83691,0.00134
M_STP_A1,M_STP,centre,654,Central European mixed forests,54.63000107,12.05356323,51.87379422,R22,R,NA,2023,positive,fresh,mowing,NA,0.39,4.58,0.44,4.41,4.715,4.6725,0.62,6.72,0.66,7.14,6.8925,7.0025,1.34,36.25,1.31,253.19,1.7,36.25,1.6,255.03,2,84.57,1.45,0.39,2.13,84.57,1.73,0.32,2.00586,64.30386,1.62059,0.00133,1.96397,64.30386,1.75463,8.80E-04
M_STP_A2,M_STP,centre,654,Central European mixed forests,54.63000107,12.05356323,51.87379422,R,R,NA,2023,positive,fresh,mowing,NA,0.31,4.78,0.37,4.69,4.715,4.6725,0.41,6.8,0.54,7.18,6.8925,7.0025,1.27,3.99,1.65,240.23,1.34,3.99,1.78,261.92,1.89,37.25,1.44,0.47,2.23,37.25,1.89,0.35,1.69088,64.30386,1.48224,0.00237,2.04819,64.30386,1.85184,8.10E-04
M_STP_A3,M_STP,centre,654,Central European mixed forests,54.63000107,12.05356323,51.87379422,R,R,NA,2023,positive,fresh,mowing,NA,0.36,4.59,0.45,4.73,4.715,4.6725,0.42,6.94,0.66,6.9,6.8925,7.0025,1.31,5.8,1.56,242.88,1.46,5.8,1.79,248.49,1.68,19.97,1.42,0.45,1.99,19.97,1.87,0.35,1.74102,64.30386,1.55181,0.00312,2.09459,64.30386,1.79339,0.00108
M_STP_A4,M_STP,centre,654,Central European mixed forests,54.63000107,12.05356323,51.87379422,R,R,NA,2023,positive,fresh,mowing,NA,0.21,4.91,0.39,4.86,4.715,4.6725,0.64,7.11,0.72,6.79,6.8925,7.0025,1.33,5.17,1.36,252.79,1.35,5.17,1.74,261.47,1.87,19.97,1.56,0.44,2.06,19.97,1.9,0.35,2.08375,64.30386,1.75436,0.00118,2.06325,64.30386,1.79079,0.00106
M_SUL_A1,M_SUL,centre,654,Central European mixed forests,73.33000183,11.56157811,52.02835511,R,R,NA,2022,negative,fresh,both,NA,0.03,5.02,0.18,4.9,5.0025,4.8825,0.18,7.89,0.45,7,7.865,7.12,1.07,8.17,1.41,258.95,1.52,8.17,1.69,286.02,1.26,29.2,1.66,0.51,2.34,29.2,1.85,0.36,1.11798,10.66445,1.33107,0.00181,1.82069,10.66445,1.84071,0.00105
M_SUL_A2,M_SUL,centre,654,Central European mixed forests,73.33000183,11.56157811,52.02835511,R,R,NA,2022,negative,fresh,both,NA,0.02,5,0.22,4.88,5.0025,4.8825,0.14,7.91,0.51,7.3,7.865,7.12,1.03,6.07,1.18,256.88,1.4,6.07,1.53,272.46,1.2,22.74,1.3,0.51,2.39,22.74,1.98,0.43,1.07877,8.15184,1.37429,0.00188,1.72875,8.15184,1.92938,0.0011
M_SUL_A3,M_SUL,centre,654,Central European mixed forests,73.33000183,11.56157811,52.02835511,R,R,NA,2022,negative,fresh,both,NA,0.01,4.99,0.29,4.75,5.0025,4.8825,0.31,7.8,0.57,7.18,7.865,7.12,1.1,8.83,1.35,259.38,1.55,8.83,1.82,254.17,1.55,16.92,1.77,0.46,2.14,16.92,2.04,0.44,1.23072,8.15184,1.18178,0.00161,1.74972,8.15184,1.69748,0.0013
M_SUL_A4,M_SUL,centre,654,Central European mixed forests,73.33000183,11.56157811,52.02835511,R,R,NA,2022,negative,fresh,both,NA,0.01,5,0.17,5,5.0025,4.8825,0.23,7.86,0.45,7,7.865,7.12,1.02,2.39,1.49,257.02,1.19,2.39,1.65,249.46,1.24,12.18,1.35,0.51,2.04,12.18,1.75,0.37,1.22708,8.21084,1.44014,0.0016,1.96168,8.21084,1.62754,8.30E-04
M_TAN_A1,M_TAN,centre,654,Central European mixed forests,120.5999985,11.75682108,51.64052353,R1A,R1A,grassland,2022,restored,dry,grazing,11,0.26,3.33,0.31,3.26,3.115,3.1075,0.59,7.43,0.56,7.46,7.82,7.6325,2.09,219.55,1.3,178.73,2.36,219.55,1.7,168.89,2.18,42.67,1.55,0.25,2.66,42.67,1.78,0.26,1.70276,19.71596,1.57269,0.00185,1.96026,19.71596,1.92714,0.00126
M_TAN_A2,M_TAN,centre,654,Central European mixed forests,120.5999985,11.75682108,51.64052353,R1A,R1A,grassland,2022,restored,dry,grazing,11,0.19,3.1,0.31,3.18,3.115,3.1075,0.41,7.86,0.56,7.54,7.82,7.6325,2.03,30.75,1.51,184.15,2.21,30.75,1.81,187.8,2.15,42.67,1.68,0.3,2.28,42.67,1.79,0.26,1.41904,19.71145,1.26134,0.00194,1.7698,19.71145,1.86829,0.00152
M_TAN_A3,M_TAN,centre,654,Central European mixed forests,120.5999985,11.75682108,51.64052353,R1A,R1A,grassland,2022,restored,dry,grazing,11,0.04,2.97,0.25,2.82,3.115,3.1075,0.24,8.02,0.55,7.79,7.82,7.6325,1.7,26.28,1.67,168.05,2.12,26.28,1.83,173.97,2.04,34.72,1.58,0.34,2.27,34.72,1.88,0.22,1.39445,14.5145,1.31914,0.00218,1.75128,14.5145,1.88808,0.00109
M_TAN_A4,M_TAN,centre,654,Central European mixed forests,120.5999985,11.75682108,51.64052353,R1A,R1A,grassland,2022,restored,dry,grazing,11,0.07,3.06,0.24,3.17,3.115,3.1075,0.26,7.97,0.49,7.74,7.82,7.6325,2.35,28.55,1.58,172.86,2.36,28.55,1.9,168.25,1.45,30.54,1.43,0.4,1.95,30.54,1.7,0.29,1.41489,10.90944,1.57442,0.00204,1.81053,10.90944,2.03729,0.0013
M_TRE_A1,M_TRE,centre,654,Central European mixed forests,75.77999878,11.96757714,51.64524689,R,R,grassland,2023,restored,fresh,mowing,8,0.13,4.05,0.36,4.5,4.0225,4.4225,0.54,7.1,0.57,7,7.1025,7.0175,1.48,33.03,1.58,209.3,1.93,33.03,1.77,240.7,1.42,18.87,1.59,0.51,1.97,18.87,1.93,0.43,1.50917,8.15184,1.36118,0.00149,1.51981,8.15184,1.7825,0.00104
M_TRE_A2,M_TRE,centre,654,Central European mixed forests,75.77999878,11.96757714,51.64524689,R,R,grassland,2023,restored,fresh,mowing,8,0.24,3.9,0.29,4.08,4.0225,4.4225,0.91,6.73,0.66,7.12,7.1025,7.0175,1.23,12.97,1.53,205.93,1.75,12.97,1.78,223.03,1.4,39.08,1.55,0.46,2.13,39.08,1.9,0.4,1.54605,9.20975,1.30939,0.002,1.618,9.20975,1.72441,0.00117
M_TRE_A3,M_TRE,centre,654,Central European mixed forests,75.77999878,11.96757714,51.64524689,R22,R,grassland,2023,restored,fresh,mowing,8,0.11,3.99,0.35,4.75,4.0225,4.4225,0.66,7.19,0.64,6.95,7.1025,7.0175,1.36,12.97,1.39,208.81,1.77,12.97,1.67,238.92,1.36,21.12,1.7,0.49,1.92,21.12,1.87,0.47,1.63053,32.15635,1.35623,0.00221,1.77087,32.15635,1.7362,0.00139
M_TRE_A4,M_TRE,centre,654,Central European mixed forests,75.77999878,11.96757714,51.64524689,R22,R,grassland,2023,restored,fresh,mowing,8,0.15,4.15,0.33,4.36,4.0225,4.4225,0.51,7.39,0.52,7,7.1025,7.0175,1.6,10.87,1.71,215.92,1.71,10.87,1.89,243.64,1.62,22.74,1.89,0.53,2.05,22.74,1.93,0.44,1.57256,17.2144,1.41093,0.00196,1.62548,17.2144,1.67583,0.00141
M_TRN_A1,M_TRN,centre,654,Central European mixed forests,75.37999725,11.96509704,51.64410826,R,R,NA,2023,negative,moist,mowing,NA,0.42,6.44,0.2,5,5.24,5.01,1.33,5.48,0.85,6.71,6.785,6.985,1.58,33.03,1.43,297.9,1.75,33.03,1.79,269.38,2,21.12,1.46,0.67,2.5,21.12,1.79,0.42,1.15426,7.73759,1.21721,0.00247,1.57461,7.73759,1.90291,0.00114
M_TRN_A2,M_TRN,centre,654,Central European mixed forests,75.37999725,11.96509704,51.64410826,R,R,NA,2023,negative,moist,mowing,NA,0.25,4.45,0.14,4.83,5.24,5.01,0.48,7.48,0.54,6.89,6.785,6.985,1.23,13.33,1.17,266.68,1.75,13.33,1.64,289.2,1.55,14.91,1.51,0.82,2.37,14.91,1.75,0.45,1.29726,3.24016,1.48814,0.00193,1.39137,3.24016,1.89232,0.002
M_TRN_A3,M_TRN,centre,654,Central European mixed forests,75.37999725,11.96509704,51.64410826,R,R,NA,2023,negative,moist,mowing,NA,0,5,0.14,4.83,5.24,5.01,0.21,7.05,0.51,7.25,6.785,6.985,1.42,7.38,1.57,247.44,1.54,7.38,1.89,242.85,2.87,11.32,1.58,0.39,2.08,11.32,1.78,0.46,1.58382,4.09026,1.73246,0.00136,1.46434,4.09026,2.13004,0.00135
M_TRN_A4,M_TRN,centre,654,Central European mixed forests,75.37999725,11.96509704,51.64410826,?,R,NA,2023,negative,moist,mowing,NA,0.07,5.07,0.33,5.38,5.24,5.01,0.35,7.13,0.61,7.09,6.785,6.985,2.01,15.84,1.41,289.51,2.05,15.84,1.83,293.58,2.24,29.2,1.66,0.58,2.63,29.2,1.78,0.36,1.69116,10.58783,1.50438,0.002,1.67321,10.58783,2.11206,0.00166
M_TTH_A1,M_TTH,centre,654,Central European mixed forests,212.8300018,11.74525195,51.20022449,R1A,R1A,grassland,2023,restored,dry,grazing,11,0.3,2.76,0.38,3,2.6525,3.0375,0.62,7.7,0.51,7.56,7.575,7.45,1.66,74.64,1.57,186.38,2.3,74.64,1.81,209.8,2.26,42.67,1.74,0.21,2.47,42.67,1.88,0.23,1.67226,208.84567,1.49954,6.20E-04,2.45461,208.84567,1.77807,5.20E-04
M_TTH_A2,M_TTH,centre,654,Central European mixed forests,212.8300018,11.74525195,51.20022449,R1A,R1A,grassland,2023,restored,dry,grazing,11,0.27,2.82,0.34,3.07,2.6525,3.0375,0.67,7.89,0.58,7.45,7.575,7.45,1.71,38.64,1.59,161.96,2.2,38.64,1.9,199.58,1.71,79.82,1.59,0.27,2.55,79.82,1.66,0.25,1.43431,19.35166,1.72204,7.20E-04,1.77325,19.35166,1.80985,9.90E-04
M_TTH_A3,M_TTH,centre,654,Central European mixed forests,212.8300018,11.74525195,51.20022449,R16,R1A,grassland,2023,restored,dry,grazing,11,0.32,2.54,0.38,3,2.6525,3.0375,0.45,7.32,0.69,7.44,7.575,7.45,1.5,107.5,1.62,195.58,2.46,107.5,1.96,205.7,2.32,46.77,1.7,0.15,2.39,46.77,1.89,0.2,1.64024,113.80342,1.39012,8.10E-04,2.37116,113.80342,1.7035,6.20E-04
M_TTH_A4,M_TTH,centre,654,Central European mixed forests,212.8300018,11.74525195,51.20022449,R,R1A,grassland,2023,restored,dry,grazing,11,0.3,2.49,0.34,3.08,2.6525,3.0375,0.5,7.39,0.66,7.35,7.575,7.45,1.32,21.62,1.51,187.48,1.75,21.62,1.75,203.22,2.31,83.77,1.49,0.15,2.67,83.77,1.82,0.19,1.58737,113.80342,1.30014,8.10E-04,2.26423,113.80342,1.73551,5.50E-04
M_TTO_A1,M_TTO,centre,654,Central European mixed forests,205.6600037,11.73221691,51.18472096,R1A,R1A,NA,2022,positive,dry,grazing,NA,0.31,3.58,0.39,3.65,3.23,3.595,0.48,6.95,0.62,7.28,7.1525,7.2925,1.64,24.44,1.51,210.49,1.77,24.44,1.79,192.03,1.98,57.77,1.58,0.28,2.36,57.77,1.76,0.24,2.40187,141.96711,1.34669,7.80E-04,2.2447,141.96711,1.49079,6.10E-04
M_TTO_A2,M_TTO,centre,654,Central European mixed forests,205.6600037,11.73221691,51.18472096,R1A,R1A,NA,2022,positive,dry,grazing,NA,0.17,3.15,0.39,3.64,3.23,3.595,0.36,7.2,0.59,7.3,7.1525,7.2925,1.6,33.53,1.65,188.85,1.78,33.53,1.82,191.78,1.88,49.47,1.59,0.22,2.32,49.47,1.75,0.26,1.84519,362.26676,1.46567,5.30E-04,2.22226,362.26676,1.51917,6.80E-04
M_TTO_A3,M_TTO,centre,654,Central European mixed forests,205.6600037,11.73221691,51.18472096,R1A,R1A,NA,2022,positive,dry,grazing,NA,0.3,3.19,0.41,3.64,3.23,3.595,0.41,7.23,0.56,7.27,7.1525,7.2925,1.42,22.19,1.5,192.46,1.68,22.19,1.84,187.01,2.31,49.47,1.56,0.2,2.47,49.47,1.72,0.24,1.64152,141.96711,1.26105,0.00104,1.98815,141.96711,1.49369,8.50E-04
M_TTO_A4,M_TTO,centre,654,Central European mixed forests,205.6600037,11.73221691,51.18472096,R1A,R1A,NA,2022,positive,dry,grazing,NA,0.32,3,0.36,3.45,3.23,3.595,0.4,7.23,0.53,7.32,7.1525,7.2925,1.67,23.06,1.5,172.46,1.85,23.06,1.82,185.78,2.34,49.47,1.61,0.16,2.27,49.47,1.84,0.23,1.45147,147.5485,1.13113,0.00127,2.08293,147.5485,1.5201,7.10E-04
M_TTP_A1,M_TTP,centre,654,Central European mixed forests,217.3399963,11.75171156,51.20209679,R1A,R1A,grassland,2022,restored,dry,grazing,13,0.23,3.29,0.34,3.55,3.16,3.345,0.6,7.99,0.62,7.35,7.965,7.5525,1.7,26.72,1.66,173.01,2.02,26.72,1.8,197.31,1.53,42.81,1.48,0.35,1.99,42.81,1.59,0.29,1.71514,204.69771,1.28045,0.00142,2.11505,204.69771,1.59945,0.00103
M_TTP_A2,M_TTP,centre,654,Central European mixed forests,217.3399963,11.75171156,51.20209679,R1A,R1A,grassland,2022,restored,dry,grazing,13,0.16,3.1,0.38,3.35,3.16,3.345,0.5,8.01,0.62,7.6,7.965,7.5525,1.61,39.48,1.7,163.93,2.01,39.48,1.83,199.32,1.87,73.07,1.57,0.31,2.09,73.07,1.74,0.28,1.66898,19.08157,1.59191,0.00152,1.75835,19.08157,1.83605,0.00135
M_TTP_A3,M_TTP,centre,654,Central European mixed forests,217.3399963,11.75171156,51.20209679,R1A,R1A,grassland,2022,restored,dry,grazing,13,0.2,3.19,0.26,3.22,3.16,3.345,0.71,7.73,0.6,7.56,7.965,7.5525,1.64,26.72,1.41,182.42,1.82,26.72,1.74,188.03,1.69,38.21,1.59,0.33,2.2,38.21,1.8,0.27,1.7949,19.71145,1.53905,0.00152,2.07539,19.71145,1.79574,0.00127
M_TTP_A4,M_TTP,centre,654,Central European mixed forests,217.3399963,11.75171156,51.20209679,R1A,R1A,grassland,2022,restored,dry,grazing,13,0.09,3.06,0.32,3.26,3.16,3.345,0.51,8.13,0.57,7.7,7.965,7.5525,2.06,26.28,1.59,148.9,1.77,26.28,1.73,184.91,1.94,56.23,1.59,0.31,2.47,56.23,1.77,0.27,1.50782,147.5485,1.44884,0.00167,2.28569,147.5485,1.60721,7.80E-04
M_VOC_A1,M_VOC,centre,654,Central European mixed forests,60.04000092,12.33854304,51.85665776,R,R22,arable land,2023,restored,fresh,mowing,8,0.25,4.88,0.33,4.6,4.945,4.5425,0.56,6.82,0.44,7,6.995,7.02,1.43,11.81,1.21,242.14,1.56,11.81,1.86,248.24,1.75,22.74,1.57,0.44,2.01,22.74,1.76,0.38,1.86771,27.24964,1.33565,0.00188,1.81902,27.24964,1.84229,9.90E-04
M_VOC_A2,M_VOC,centre,654,Central European mixed forests,60.04000092,12.33854304,51.85665776,R22,R22,arable land,2023,restored,fresh,mowing,8,0.34,4.81,0.41,4.5,4.945,4.5425,0.62,7.21,0.56,7.13,6.995,7.02,1.44,10.3,1.38,230.36,1.64,10.3,1.93,231.7,1.74,22.74,1.6,0.54,1.94,22.74,1.84,0.37,2.35902,27.24964,1.23886,0.00198,2.05501,27.24964,1.93487,0.00109
M_VOC_A3,M_VOC,centre,654,Central European mixed forests,60.04000092,12.33854304,51.85665776,R22,R22,arable land,2023,restored,fresh,mowing,8,0.42,5.41,0.44,4.54,4.945,4.5425,0.49,6.99,0.54,7,6.995,7.02,1.68,11.26,1.5,251.47,1.73,11.26,2.12,223.12,1.72,21.12,1.55,0.57,1.84,21.12,1.84,0.39,1.86119,16.33961,1.65297,0.00179,1.75278,16.33961,1.9677,0.0014
M_VOC_A4,M_VOC,centre,654,Central European mixed forests,60.04000092,12.33854304,51.85665776,R,R22,arable land,2023,restored,fresh,mowing,8,0.32,4.68,0.38,4.53,4.945,4.5425,0.35,6.96,0.51,6.95,6.995,7.02,1.4,9.16,1.58,234.8,1.65,9.16,1.91,219.74,1.7,13.83,1.62,0.51,1.92,13.83,2.03,0.38,2.31408,17.2144,1.86614,0.00221,1.98569,17.2144,1.95644,0.00134
M_WDG_A1,M_WDG,centre,654,Central European mixed forests,77.66000366,11.4834876,52.2889212,R22,R22,arable land,2022,restored,fresh,mowing,6,0.23,4.67,0.21,4,4.56,4.0925,0.11,7.06,0.5,7.29,7.21,7.3875,1.26,16.47,1.59,223.78,1.78,16.47,1.74,211.99,1.34,17.27,1.44,0.42,1.73,17.27,1.89,0.42,1.37251,13.23393,1.67315,0.00179,1.57811,13.23393,1.76389,0.00112
M_WDG_A2,M_WDG,centre,654,Central European mixed forests,77.66000366,11.4834876,52.2889212,R22,R22,arable land,2022,restored,fresh,mowing,6,0.26,4.64,0.22,3.94,4.56,4.0925,0.44,7.32,0.56,7.43,7.21,7.3875,1.61,14.39,1.4,214.66,1.78,14.39,1.67,209.74,1.67,92.46,1.37,0.38,1.98,92.46,1.8,0.36,1.46759,18.96581,1.60855,0.00121,1.64254,18.96581,1.82807,0.00121
M_WDG_A3,M_WDG,centre,654,Central European mixed forests,77.66000366,11.4834876,52.2889212,R,R22,arable land,2022,restored,fresh,mowing,6,0.27,4.59,0.32,4.19,4.56,4.0925,0.3,7.19,0.56,7.48,7.21,7.3875,1.69,21.7,1.45,175.92,1.81,21.7,1.83,215.27,2.08,17.27,1.48,0.32,1.8,17.27,1.84,0.4,1.79016,27.26766,1.57884,0.00272,1.73614,27.26766,1.77886,0.00125
M_WDG_A4,M_WDG,centre,654,Central European mixed forests,77.66000366,11.4834876,52.2889212,R,R22,arable land,2022,restored,fresh,mowing,6,0.28,4.34,0.26,4.24,4.56,4.0925,0.41,7.27,0.55,7.35,7.21,7.3875,1.82,16.47,1.71,191.58,1.8,16.47,1.77,216.22,2.03,21.12,1.49,0.36,1.85,21.12,1.85,0.39,1.86233,10.1626,1.53626,0.00139,1.55784,10.1626,1.8003,0.0011
M_WED_A1,M_WED,centre,654,Central European mixed forests,48.04000092,11.48918164,52.2679638,R22,R22,arable land,2023,restored,moist,mowing,7,0.18,4.99,0.38,4.75,5.0275,5.035,0.77,7.21,0.56,7.07,7.3375,7.0325,1.54,40.35,1.44,246.8,1.99,40.35,1.85,243.35,2.08,24.03,1.29,0.72,2.2,24.03,2.04,0.51,1.30352,8.15184,1.34954,0.00264,1.58125,8.15184,1.72169,0.00121
M_WED_A2,M_WED,centre,654,Central European mixed forests,48.04000092,11.48918164,52.2679638,R22,R22,arable land,2023,restored,moist,mowing,7,0.26,4.77,0.45,5.08,5.0275,5.035,0.67,7.21,0.5,7.06,7.3375,7.0325,1.69,11.91,1.46,231.65,1.77,11.91,2.03,217.97,1.95,9.9,1.66,0.71,1.62,9.9,1.8,0.52,1.3285,7.26342,1.2353,0.00243,1.4187,7.26342,1.60625,0.00139
M_WED_A3,M_WED,centre,654,Central European mixed forests,48.04000092,11.48918164,52.2679638,R22,R22,arable land,2023,restored,moist,mowing,7,0.17,5.03,0.37,5.14,5.0275,5.035,0.54,7.63,0.6,7,7.3375,7.0325,1.98,11.91,1.5,229.9,1.99,11.91,2.29,228.76,1.75,10.46,1.43,0.83,2.06,10.46,2.24,0.56,1.21294,7.62903,1.26896,0.00243,1.43313,7.62903,1.66339,0.00129
M_WED_A4,M_WED,centre,654,Central European mixed forests,48.04000092,11.48918164,52.2679638,R22,R22,arable land,2023,restored,moist,mowing,7,0.35,5.32,0.44,5.17,5.0275,5.035,0.69,7.3,0.45,7,7.3375,7.0325,1.4,9.75,1.67,275.05,1.57,9.75,1.85,255.03,2.24,11.71,1.65,0.69,1.93,11.71,1.85,0.54,1.42658,18.20325,1.58287,0.00188,1.73042,18.20325,1.84201,0.00164
M_WEF_A1,M_WEF,centre,654,Central European mixed forests,120.6800003,11.17225431,52.17879519,R,R22,grassland,2022,restored,moist,mowing,13,0.33,6.28,0.82,6.92,6.6075,6.9775,0.33,6.23,0.52,7.08,6.54,6.7125,1.3,552.13,1.32,254.17,3.04,552.13,1.52,182.9,1.19,85.23,1.61,0.63,2.58,85.23,1.8,0.56,1.31655,6.71351,1.59313,5.70E-04,1.41244,6.71351,1.51353,6.00E-04
M_WEF_A2,M_WEF,centre,654,Central European mixed forests,120.6800003,11.17225431,52.17879519,Q53,R22,grassland,2022,restored,moist,mowing,13,0.53,7.77,0.78,7.24,6.6075,6.9775,0.32,7.05,0.76,6.81,6.54,6.7125,2.75,431.23,1.5,182.5,2.47,431.23,1.54,184.46,2.11,85.23,1.35,0.76,2.23,85.23,1.8,0.53,1.4453,25.03895,1.58909,7.20E-04,1.78663,25.03895,1.56089,9.60E-04
M_WEF_A3,M_WEF,centre,654,Central European mixed forests,120.6800003,11.17225431,52.17879519,R,R22,grassland,2022,restored,moist,mowing,13,0.56,6.26,0.72,7,6.6075,6.9775,0.54,6.67,0.8,6.5,6.54,6.7125,2.04,552.13,1.39,238.86,2.49,552.13,1.41,212.97,2.06,85.23,1.53,0.44,2.14,85.23,1.65,0.45,1.57661,12.97046,1.47904,4.80E-04,1.78683,12.97046,1.61159,9.40E-04
M_WEF_A4,M_WEF,centre,654,Central European mixed forests,120.6800003,11.17225431,52.17879519,R,R22,grassland,2022,restored,moist,mowing,13,0.24,6.12,0.95,6.75,6.6075,6.9775,0.33,6.21,0.88,6.46,6.54,6.7125,1.19,5.78,1.3,241.87,1.69,5.78,1.83,212.94,1.24,85.23,1.37,0.61,2.61,85.23,1.87,0.49,1.24665,9.29797,1.30122,0.00104,1.66392,9.29797,1.73307,0.001
M_WIM_A1,M_WIM,centre,686,Western European broadleaf forests,212.1000061,11.49754839,51.51079173,R22,R22,arable land,2022,restored,fresh,both,6,0.3,4.31,0.25,4.14,4.0825,4.205,0.45,7.4,0.61,7.4,7.615,7.4,1.59,11.48,1.29,206.57,1.97,11.48,2.04,221.88,1.55,23.69,1.64,0.46,1.67,23.69,1.72,0.4,1.52869,12.541,1.38681,9.80E-04,1.74425,12.541,1.77525,7.70E-04
M_WIM_A2,M_WIM,centre,686,Western European broadleaf forests,212.1000061,11.49754839,51.51079173,R22,R22,arable land,2022,restored,fresh,both,6,0.3,4.17,0.35,4.31,4.0825,4.205,0.55,7.41,0.59,7.39,7.615,7.4,1.78,10.73,1.49,199.68,1.74,10.73,2.01,220.31,1.59,12.43,1.82,0.48,1.65,12.43,1.89,0.47,1.61817,16.42974,1.56042,5.50E-04,1.84022,16.42974,1.98088,8.50E-04
M_WIM_A3,M_WIM,centre,686,Western European broadleaf forests,212.1000061,11.49754839,51.51079173,R22,R22,arable land,2022,restored,fresh,both,6,0.3,3.82,0.19,4,4.0825,4.205,0.64,7.81,0.57,7.43,7.615,7.4,1.64,6.68,1.52,183.5,1.69,6.68,1.96,204.85,1.55,13.76,1.5,0.38,1.58,13.76,1.68,0.44,1.64436,7.44433,1.4402,0.00144,1.59076,7.44433,1.76143,0.00132
M_WIM_A4,M_WIM,centre,686,Western European broadleaf forests,212.1000061,11.49754839,51.51079173,R22,R22,arable land,2022,restored,fresh,both,6,0.24,4.03,0.38,4.37,4.0825,4.205,0.48,7.84,0.6,7.38,7.615,7.4,1.42,10.89,1.46,195.02,1.73,10.89,1.94,223.1,1.33,10.93,1.46,0.42,1.67,10.93,1.72,0.38,1.63844,12.64104,1.32504,0.00154,1.65669,12.64104,1.84152,0.00105
M_WLE_A1,M_WLE,centre,654,Central European mixed forests,119.6500015,11.20737972,52.18579459,?,R,NA,2022,negative,moist,mowing,NA,0.07,6.95,0.89,6.25,5.325,6.05,0.19,6.11,0.6,7,6.5975,6.6725,1.36,15.54,1.65,290.43,2.23,15.54,1.79,202.13,1.07,17.53,1.42,0.64,2.14,17.53,1.52,0.5,1.32544,6.01319,1.79565,2.40E-04,1.44533,6.01319,1.93427,9.20E-04
M_WLE_A2,M_WLE,centre,654,Central European mixed forests,119.6500015,11.20737972,52.18579459,R,R,NA,2022,negative,moist,mowing,NA,0.5,4.63,0.73,5.75,5.325,6.05,0.31,6.82,0.56,6.62,6.5975,6.6725,1.32,6.36,1.03,253.83,1.72,6.36,1.84,223.21,1.19,10.68,1.21,0.65,1.96,10.68,2.02,0.41,1.44817,7.73759,1.54588,0.00104,1.98163,7.73759,1.68246,0.00106
M_WLE_A3,M_WLE,centre,654,Central European mixed forests,119.6500015,11.20737972,52.18579459,R,R,NA,2022,negative,moist,mowing,NA,0.67,5.02,0.63,6.11,5.325,6.05,0.42,6.68,0.54,6.67,6.5975,6.6725,1.36,6.36,1.3,254.13,1.52,6.36,1.87,230.58,1.19,11.7,1.08,0.64,1.68,11.7,1.47,0.5,1.50331,6.28156,1.02587,9.90E-04,1.76764,6.28156,1.3119,0.00165
M_WLE_A4,M_WLE,centre,654,Central European mixed forests,119.6500015,11.20737972,52.18579459,R,R,NA,2022,negative,moist,mowing,NA,0.54,4.7,0.52,6.09,5.325,6.05,0.31,6.78,0.72,6.4,6.5975,6.6725,1.29,6.36,1.3,256.16,1.53,6.36,1.91,232.4,1.15,17.54,1.18,0.66,1.74,17.54,1.72,0.52,1.39234,8.76576,1.06867,9.40E-04,1.82217,8.76576,1.45187,0.00116
M_WUG_A1,M_WUG,centre,654,Central European mixed forests,51.81000137,11.91389537,51.85297179,R,R,arable land,2022,restored,fresh,grazing,NA,0.3,5.76,0.5,5.71,6.3625,6.335,0.33,6.84,0.57,6.95,6.8075,6.915,1.4,11.84,1.63,242.55,1.83,11.84,1.93,226.22,2.02,15.93,1.3,0.5,1.81,15.93,1.81,0.41,1.71004,10.79376,1.54247,0.00195,1.71853,10.79376,1.77108,0.00104
M_WUG_A2,M_WUG,centre,654,Central European mixed forests,51.81000137,11.91389537,51.85297179,R,R,arable land,2022,restored,fresh,grazing,NA,0.5,6.5,0.6,6.35,6.3625,6.335,0.54,6.67,0.61,6.87,6.8075,6.915,1.57,13.2,1.57,235.36,1.86,13.2,2.02,231.22,2.1,29.84,1.44,0.49,1.84,29.84,1.84,0.45,1.86244,32.14374,1.31509,0.00167,1.91802,32.14374,1.7066,0.00104
M_WUG_A3,M_WUG,centre,654,Central European mixed forests,51.81000137,11.91389537,51.85297179,R,R,arable land,2022,restored,fresh,grazing,NA,0.52,6.59,0.57,6.64,6.3625,6.335,0.51,6.95,0.63,7.04,6.8075,6.915,1.77,19.98,1.64,246.23,1.95,19.98,1.88,229.47,1.79,29.84,1.63,0.46,1.7,29.84,1.73,0.52,2.25257,12.5196,1.41643,0.00119,1.84182,12.5196,1.73154,0.00123
M_WUG_A4,M_WUG,centre,654,Central European mixed forests,51.81000137,11.91389537,51.85297179,R,R,arable land,2022,restored,fresh,grazing,NA,0.51,6.6,0.65,6.64,6.3625,6.335,0.42,6.77,0.52,6.8,6.8075,6.915,1.61,21.4,1.54,244.61,1.88,21.4,1.83,226.86,2.58,29.84,1.83,0.36,1.91,29.84,1.78,0.53,2.00287,83.79993,1.38684,0.00158,1.97518,83.79993,1.61094,0.00143
M_WUM_A1,M_WUM,centre,654,Central European mixed forests,52.34000015,11.94306453,51.83665149,R,R,grassland,2022,restored,fresh,grazing,NA,0.5,5.77,0.56,5.6,6.4525,6.0225,0.61,6.68,0.48,6.93,7.04,6.89,1.91,14.57,1.59,236.99,1.81,14.57,1.95,234.6,1.62,17.53,1.35,0.5,1.79,17.53,1.88,0.46,1.60553,16.33961,1.4942,0.0011,1.82539,16.33961,1.81749,0.00134
M_WUM_A2,M_WUM,centre,654,Central European mixed forests,52.34000015,11.94306453,51.83665149,R,R,grassland,2022,restored,fresh,grazing,NA,0.36,6.41,0.41,5.79,6.4525,6.0225,0.77,7.21,0.63,6.82,7.04,6.89,1.81,9.75,1.63,210.74,1.77,9.75,1.9,235.86,1.34,6.71,1.56,0.56,1.46,6.71,1.88,0.57,1.56138,103.81226,1.22463,0.00181,1.95892,103.81226,1.66777,0.00184
M_WUM_A3,M_WUM,centre,654,Central European mixed forests,52.34000015,11.94306453,51.83665149,R,R,grassland,2022,restored,fresh,grazing,NA,0.51,6.79,0.5,6.33,6.4525,6.0225,0.68,6.95,0.51,6.89,7.04,6.89,2.22,11.84,1.42,221.9,1.81,11.84,1.85,234.37,1.48,15.93,1.59,0.57,1.69,15.93,1.72,0.51,1.63596,82.05746,1.29148,7.90E-04,2.19581,82.05746,1.7591,0.00216
M_WUM_A4,M_WUM,centre,654,Central European mixed forests,52.34000015,11.94306453,51.83665149,R36,R,grassland,2022,restored,fresh,grazing,NA,0.41,6.84,0.63,6.37,6.4525,6.0225,0.56,7.32,0.65,6.92,7.04,6.89,2.38,552.13,1.57,228.22,2.52,552.13,1.5,218.58,1.44,10.97,1.57,0.6,1.71,10.97,2,0.63,2.2278,15.53832,1.4471,5.60E-04,1.98307,15.53832,1.6981,9.60E-04
M_WUN_A1,M_WUN,centre,654,Central European mixed forests,51.93999863,11.91088705,51.85409945,V15,R,NA,2022,negative,fresh,mowing,NA,0.5,5.93,0.41,5.67,6.2475,5.9925,0.88,6.96,0.63,6.64,7.065,6.7175,1.35,9.75,1.34,196.91,1.72,9.75,2.03,228.17,1.53,11.03,1.69,0.45,1.96,11.03,2.02,0.35,1.39601,8.15184,1.40931,0.00333,1.81591,8.15184,1.78127,0.00133
M_WUN_A2,M_WUN,centre,654,Central European mixed forests,51.93999863,11.91088705,51.85409945,V15,R,NA,2022,negative,fresh,mowing,NA,0.26,6.71,0.59,5.83,6.2475,5.9925,0.44,7.71,0.58,6.64,7.065,6.7175,1.25,9.75,1.79,185.21,1.69,9.75,2,238.32,1.29,11.03,1.78,0.54,1.81,11.03,2,0.33,1.20182,8.23526,1.31803,0.00219,1.94886,8.23526,1.94172,8.50E-04
M_WUN_A3,M_WUN,centre,654,Central European mixed forests,51.93999863,11.91088705,51.85409945,V15,R,NA,2022,negative,fresh,mowing,NA,0.44,6.52,0.71,6.33,6.2475,5.9925,0.73,7.37,0.55,6.71,7.065,6.7175,1.45,9.75,1.26,194.56,1.79,9.75,2.14,230.53,1.51,93.35,1.34,0.51,2.11,93.35,1.67,0.4,1.26294,8.23526,1.43592,0.00253,1.94425,8.23526,1.91447,8.50E-04
M_WUN_A4,M_WUN,centre,654,Central European mixed forests,51.93999863,11.91088705,51.85409945,R22,R,NA,2022,negative,fresh,mowing,NA,0.26,5.83,0.67,6.14,6.2475,5.9925,0.34,6.22,0.49,6.88,7.065,6.7175,1.33,9.75,1.77,238.69,1.77,9.75,2.04,236.59,1.42,93.35,1.51,0.54,2.24,93.35,1.71,0.48,1.49876,8.23526,1.6088,0.00134,1.81182,8.23526,1.90855,8.30E-04
M_WUP_A1,M_WUP,centre,654,Central European mixed forests,52.24000168,11.93649437,51.84281827,R35,R35,NA,2022,positive,fresh,grazing,NA,0.53,7.16,0.64,6.74,6.2975,5.9975,0.43,7.15,0.39,6.95,6.665,6.865,1.85,24.25,1.72,244.46,1.99,24.25,2,225.59,1.8,93.35,1.54,0.66,2,93.35,1.61,0.53,1.73137,13.77249,1.64268,8.00E-04,1.73858,13.77249,1.84248,0.00103
M_WUP_A2,M_WUP,centre,654,Central European mixed forests,52.24000168,11.93649437,51.84281827,R35,R35,NA,2022,positive,fresh,grazing,NA,0.41,6.15,0.62,5.9,6.2975,5.9975,0.48,6.46,0.51,6.75,6.665,6.865,1.92,21.4,1.55,199.85,1.75,21.4,1.83,235.84,1.68,60.22,1.49,0.55,2.23,60.22,1.91,0.44,2.17495,11.46119,1.62678,5.40E-04,1.79184,11.46119,1.95545,7.90E-04
M_WUP_A3,M_WUP,centre,654,Central European mixed forests,52.24000168,11.93649437,51.84281827,R,R35,NA,2022,positive,fresh,grazing,NA,0.32,5.85,0.56,5.39,6.2975,5.9975,0.5,6.39,0.58,6.93,6.665,6.865,1.4,9.75,1.78,236.85,1.69,9.75,1.83,236.11,1.63,46.68,1.59,0.45,2.09,46.68,1.79,0.4,1.84836,37.27973,1.42671,8.00E-04,1.91885,37.27973,1.63872,9.90E-04
M_WUP_A4,M_WUP,centre,654,Central European mixed forests,52.24000168,11.93649437,51.84281827,V38,R35,NA,2022,positive,fresh,grazing,NA,0.51,6.03,0.67,5.96,6.2975,5.9975,0.45,6.66,0.52,6.83,6.665,6.865,2.16,21.4,1.73,170.08,2,21.4,1.95,219.71,2.07,188.4,1.57,0.64,2.31,188.4,1.76,0.44,2.3741,14.2494,1.86207,3.40E-04,1.84219,14.2494,1.93576,0.00101
M_WUR_A1,M_WUR,centre,654,Central European mixed forests,52.08000183,11.95411022,51.83463992,R,R,NA,2022,positive,moist,mowing,NA,0.3,6.83,0.49,5.83,7.095,6.64,0.63,6.64,0.47,6.85,7.02,6.905,1.49,11.91,1.62,210.67,1.61,11.91,1.84,230.81,1.5,29.84,1.59,0.62,1.54,29.84,1.6,0.5,1.79462,103.81226,1.53122,0.0025,1.92407,103.81226,1.55953,0.00147
M_WUR_A2,M_WUR,centre,654,Central European mixed forests,52.08000183,11.95411022,51.83463992,R35,R,NA,2022,positive,moist,mowing,NA,0.35,6.45,0.53,6.55,7.095,6.64,0.12,6.97,0.41,6.92,7.02,6.905,1.71,11.26,1.66,283.45,1.71,11.26,1.5,223.26,1.88,29.84,1.86,0.58,1.78,29.84,1.59,0.57,1.54764,7.6043,1.60035,7.30E-04,1.70508,7.6043,1.98186,0.00121
M_WUR_A3,M_WUR,centre,654,Central European mixed forests,52.08000183,11.95411022,51.83463992,R,R,NA,2022,positive,moist,mowing,NA,0.51,7.14,0.52,7.08,7.095,6.64,0.25,7.1,0.42,6.94,7.02,6.905,1.94,14.67,1.52,248.39,2.12,14.67,1.65,219.7,1.59,29.84,1.71,0.65,1.74,29.84,1.61,0.55,1.87859,12.74899,1.49123,7.00E-04,1.86976,12.74899,1.86759,7.80E-04
M_WUR_A4,M_WUR,centre,654,Central European mixed forests,52.08000183,11.95411022,51.83463992,Qb,R,NA,2022,positive,moist,mowing,NA,0.37,7.96,0.57,7.1,7.095,6.64,0.44,7.37,0.45,6.91,7.02,6.905,2.14,11.26,1.53,203.72,2,11.26,1.63,231.6,1.99,6.86,1.73,0.78,1.51,6.86,1.68,0.61,1.29108,9.896,1.73919,7.80E-04,1.63855,9.896,1.87432,7.90E-04
N_AFE_A1,N_AFE,north,664,European Atlantic mixed forests,54.68000031,10.60355741,52.57145886,R22,R22,arable land,2023,restored,fresh,both,34,0.17,4.21,0.29,4.75,4.65,4.805,0.53,7.49,0.51,6.92,6.94,6.9125,1.26,5.41,1.53,263.56,1.49,5.41,1.7,247.11,2.45,22.74,1.61,0.64,2.21,22.74,1.9,0.31,1.33167,28.15501,1.69657,0.00205,1.92006,28.15501,1.73868,9.00E-04
N_AFE_A2,N_AFE,north,664,European Atlantic mixed forests,54.68000031,10.60355741,52.57145886,R22,R22,arable land,2023,restored,fresh,both,34,0.25,4.69,0.22,4.88,4.65,4.805,0.63,6.71,0.6,6.86,6.94,6.9125,1.53,9.22,1.68,219,1.57,9.22,1.62,245.82,1.72,10.85,1.58,0.41,1.87,10.85,1.88,0.39,1.64073,28.15501,1.65366,0.00134,1.90834,28.15501,1.81113,0.00111
N_AFE_A3,N_AFE,north,664,European Atlantic mixed forests,54.68000031,10.60355741,52.57145886,R22,R22,arable land,2023,restored,fresh,both,34,0.26,4.69,0.27,4.76,4.65,4.805,0.71,6.71,0.53,7,6.94,6.9125,1.49,9.22,1.58,218.34,1.5,9.22,1.73,249.78,1.92,28.82,1.5,0.35,2.28,28.82,1.83,0.37,1.69813,56.25596,1.20278,0.00119,1.82504,56.25596,1.72266,8.60E-04
N_AFE_A4,N_AFE,north,664,European Atlantic mixed forests,54.68000031,10.60355741,52.57145886,R22,R22,arable land,2023,restored,fresh,both,34,0.35,5.01,0.24,4.83,4.65,4.805,0.6,6.85,0.6,6.87,6.94,6.9125,1.66,8.85,1.45,244.75,1.46,8.85,1.67,257.35,2.05,99.01,1.36,0.34,2.13,99.01,1.66,0.3,1.92328,43.30321,1.29591,0.00121,1.84149,43.30321,1.81554,8.50E-04
N_ALA_A1,N_ALA,north,664,European Atlantic mixed forests,18.13999939,11.63909778,52.99585029,R22,R22,grassland,2022,restored,fresh,mowing,6,0.55,5.2,0.44,5.12,5.095,5.1875,0.67,6.93,0.54,7.1,6.84,7.0125,1.62,7.08,1.73,223.43,1.58,7.08,1.82,229.94,1.28,12.84,1.49,0.58,1.54,12.84,1.71,0.47,1.59354,23.04331,1.38291,6.20E-04,1.66037,23.04331,1.53698,0.00159
N_ALA_A2,N_ALA,north,664,European Atlantic mixed forests,18.13999939,11.63909778,52.99585029,R22,R22,grassland,2022,restored,fresh,mowing,6,0.49,5.06,0.51,5.42,5.095,5.1875,0.67,6.82,0.44,6.96,6.84,7.0125,1.47,14.67,1.4,225.2,1.69,14.67,1.83,222.49,1.33,16.31,1.32,0.54,1.5,16.31,1.63,0.53,1.53298,105.71441,1.34504,0.00126,1.88242,105.71441,1.57914,0.00175
N_ALA_A3,N_ALA,north,664,European Atlantic mixed forests,18.13999939,11.63909778,52.99585029,R22,R22,grassland,2022,restored,fresh,mowing,6,0.42,4.91,0.4,5,5.095,5.1875,0.53,6.91,0.55,6.95,6.84,7.0125,1.55,7.68,1.67,223.27,1.62,7.68,1.81,231.92,1.42,12.43,1.56,0.56,1.55,12.43,1.82,0.5,1.38643,10.39223,1.45432,0.00103,1.58967,10.39223,1.89751,0.00114
N_ALA_A4,N_ALA,north,664,European Atlantic mixed forests,18.13999939,11.63909778,52.99585029,R22,R22,grassland,2022,restored,fresh,mowing,6,0.51,5.21,0.5,5.21,5.095,5.1875,0.53,6.7,0.53,7.04,6.84,7.0125,1.51,11.27,1.3,237.83,1.63,11.27,1.79,223.53,1.45,12.43,1.5,0.56,1.58,12.43,1.92,0.51,1.43436,105.71441,1.24136,0.0011,2.02749,105.71441,1.62761,0.00198
N_ARE_A1,N_ARE,north,664,European Atlantic mixed forests,20.57999992,11.41380242,52.90835525,R22,R22,arable land,2022,restored,fresh,mowing,NA,0.29,5.35,0.39,4.93,5.41,4.805,0.39,7.01,0.42,7.06,7.0475,7.115,1.72,5.41,1.5,265.1,1.42,5.41,1.84,240.24,2.08,9.78,1.66,0.36,1.81,9.78,1.68,0.39,1.4039,77.09859,1.16462,6.40E-04,1.97817,77.09859,1.54739,0.00191
N_ARE_A2,N_ARE,north,664,European Atlantic mixed forests,20.57999992,11.41380242,52.90835525,R22,R22,arable land,2022,restored,fresh,mowing,NA,0.27,5.64,0.32,4.76,5.41,4.805,0.29,7.14,0.49,7.1,7.0475,7.115,1.57,5.41,1.58,293.57,1.39,5.41,1.77,241.62,1.41,10.53,1.5,0.57,1.96,10.53,1.74,0.37,1.496,17.2144,1.40637,6.70E-04,1.66526,17.2144,1.65152,7.60E-04
N_ARE_A3,N_ARE,north,664,European Atlantic mixed forests,20.57999992,11.41380242,52.90835525,R22,R22,arable land,2022,restored,fresh,mowing,NA,0.29,5.59,0.39,4.69,5.41,4.805,0.33,7.16,0.6,7.21,7.0475,7.115,1.63,5.41,1.3,286.03,1.38,5.41,1.84,244.73,1.5,21.12,1.35,0.56,1.94,21.12,1.75,0.4,1.49901,16.33961,1.54974,6.70E-04,1.63532,16.33961,1.74069,0.00116
N_ARE_A4,N_ARE,north,664,European Atlantic mixed forests,20.57999992,11.41380242,52.90835525,R22,R22,arable land,2022,restored,fresh,mowing,NA,0.22,5.06,0.32,4.84,5.41,4.805,0.37,6.88,0.52,7.09,7.0475,7.115,1.42,5.41,1.31,255.26,1.36,5.41,1.81,249.59,1.97,10.53,1.43,0.4,1.9,10.53,2,0.37,1.40327,81.2263,1.14929,7.50E-04,1.91692,81.2263,1.60122,0.00136
N_BEB_A1,N_BEB,north,664,European Atlantic mixed forests,54.29000092,10.58705219,52.56455023,R22,R22,arable land,2022,restored,fresh,both,29,0.25,5.59,0.33,5.2,5.505,5.05,0.43,6.69,0.6,7,6.7625,6.9075,1.84,5.25,1.84,285.43,1.87,5.25,1.65,258.44,1.55,9.43,1.61,0.52,1.66,9.43,1.98,0.47,2.19875,37.27973,1.33192,0.00104,3.31417,37.27973,1.63659,9.80E-04
N_BEB_A2,N_BEB,north,664,European Atlantic mixed forests,54.29000092,10.58705219,52.56455023,R22,R22,arable land,2022,restored,fresh,both,29,0.26,5.15,0.25,5,5.505,5.05,0.55,6.67,0.52,7,6.7625,6.9075,2,15.28,1.23,244.8,2.27,15.28,1.72,231.17,1.48,9.6,1.98,0.46,1.66,9.6,1.97,0.47,2.50914,37.27973,1.77328,0.0015,3.36761,37.27973,1.63659,9.50E-04
N_BEB_A3,N_BEB,north,664,European Atlantic mixed forests,54.29000092,10.58705219,52.56455023,R22,R22,arable land,2022,restored,fresh,both,29,0.3,5.56,0.25,5,5.505,5.05,0.35,6.89,0.59,6.88,6.7625,6.9075,1.85,5.64,1.22,289.09,1.88,5.64,1.82,244.96,1.48,9.85,1.24,0.55,1.77,9.85,2.16,0.34,1.98973,37.27973,1.76361,8.50E-04,2.87484,37.27973,1.85488,0.00106
N_BEB_A4,N_BEB,north,664,European Atlantic mixed forests,54.29000092,10.58705219,52.56455023,R22,R22,arable land,2022,restored,fresh,both,29,0.21,5.72,0.25,5,5.505,5.05,0.35,6.8,0.68,6.75,6.7625,6.9075,1.73,5.41,1.48,295.42,1.61,5.41,1.88,231.95,1.47,8.25,1.27,0.56,1.86,8.25,2.36,0.38,1.94195,26.72425,1.61908,8.50E-04,2.28316,26.72425,1.95917,0.00202
N_BEN_A1,N_BEN,north,664,European Atlantic mixed forests,59.18000031,10.61579891,52.64595831,R,R22,NA,2023,negative,fresh,mowing,NA,0.2,5.27,0.23,5.33,5.3025,5.365,0.19,6.12,0.54,6.67,6.355,6.6925,1.32,5.41,1.44,228.22,1.54,5.41,1.75,247.59,1.44,10.49,1.31,0.4,2.19,10.49,2.01,0.34,1.68832,28.15501,1.57513,0.00356,2.11085,28.15501,1.74862,0.00103
N_BEN_A2,N_BEN,north,664,European Atlantic mixed forests,59.18000031,10.61579891,52.64595831,R,R22,NA,2023,negative,fresh,mowing,NA,0.19,5.76,0.21,5.29,5.3025,5.365,0.2,6.12,0.45,6.56,6.355,6.6925,1.34,5.41,1.56,243.52,1.51,5.41,1.82,244.85,1.57,10.49,1.47,0.5,2.1,10.49,1.77,0.32,1.43445,8.15184,1.6885,0.00118,1.60809,8.15184,1.78112,6.20E-04
N_BEN_A3,N_BEN,north,664,European Atlantic mixed forests,59.18000031,10.61579891,52.64595831,R,R22,NA,2023,negative,fresh,mowing,NA,0.2,5.27,0.24,5.4,5.3025,5.365,0.12,6.07,0.56,6.62,6.355,6.6925,1.3,5.41,1.44,226.2,1.63,5.41,1.85,247.58,1.42,9.85,1.41,0.4,2.11,9.85,2.13,0.31,1.67122,28.15501,1.76411,0.00332,2.30429,28.15501,1.84437,0.00105
N_BEN_A4,N_BEN,north,664,European Atlantic mixed forests,59.18000031,10.61579891,52.64595831,R22,R22,NA,2023,negative,fresh,mowing,NA,0.42,4.91,0.41,5.44,5.3025,5.365,0.72,7.11,0.55,6.92,6.355,6.6925,1.66,7.87,1.66,230.98,1.68,7.87,1.75,235.53,1.51,10.49,1.62,0.44,2.01,10.49,1.96,0.36,2.02686,28.15501,1.51884,0.00246,2.03617,28.15501,1.69198,0.00104
N_BIT_A1,N_BIT,north,664,European Atlantic mixed forests,29.85000038,9.712489826,54.06746828,R22,R22,grassland,2022,restored,fresh,grazing,4,0.31,4.38,0.31,4.6,4.795,4.71,0.51,7.45,0.51,7.08,6.92,7.265,1.59,5.64,1.48,272.17,1.53,5.64,1.83,242,1.36,9.75,1.47,0.45,1.81,9.75,1.83,0.36,1.40256,10.79376,1.73388,2.70E-04,1.5822,10.79376,1.71458,6.20E-04
N_BIT_A2,N_BIT,north,664,European Atlantic mixed forests,29.85000038,9.712489826,54.06746828,R22,R22,grassland,2022,restored,fresh,grazing,4,0.34,4.64,0.29,4.57,4.795,4.71,0.62,6.51,0.57,7.24,6.92,7.265,1.57,5.64,1.51,210.01,1.46,5.64,1.8,247.38,1.43,20.12,1.42,0.32,1.89,20.12,1.88,0.34,1.39627,10.79376,1.4136,9.50E-04,1.59931,10.79376,1.82652,6.70E-04
N_BIT_A3,N_BIT,north,664,European Atlantic mixed forests,29.85000038,9.712489826,54.06746828,R22,R22,grassland,2022,restored,fresh,grazing,4,0.46,5.27,0.36,4.77,4.795,4.71,0.59,6.65,0.56,7.38,6.92,7.265,2.05,6.27,1.39,237.1,1.57,6.27,1.92,244.14,1.59,20.12,1.44,0.37,1.83,20.12,1.75,0.35,1.72244,37.27973,1.54216,6.50E-04,1.75443,37.27973,1.73177,7.70E-04
N_BIT_A4,N_BIT,north,664,European Atlantic mixed forests,29.85000038,9.712489826,54.06746828,R22,R22,grassland,2022,restored,fresh,grazing,4,0.46,4.89,0.27,4.9,4.795,4.71,0.49,7.07,0.58,7.36,6.92,7.265,1.86,5.89,1.31,264.05,1.56,5.89,1.67,238.1,1.5,9.29,1.55,0.45,1.49,9.29,1.68,0.44,1.65361,37.27973,1.35903,4.00E-04,1.9612,37.27973,1.80445,0.00106
N_BLE_A1,N_BLE,north,664,European Atlantic mixed forests,8.430000305,10.74598821,53.33188724,R22,R22,NA,2023,positive,fresh,mowing,NA,0.28,4.34,0.4,4.82,4.7075,4.785,0.48,7.46,0.49,6.95,7.2975,7.085,1.97,15.28,1.53,248.59,1.73,15.28,1.68,234.84,1.41,16.31,1.37,0.49,1.65,16.31,1.77,0.41,1.6218,10.79376,1.62278,2.20E-04,1.69913,10.79376,1.81017,6.00E-04
N_BLE_A2,N_BLE,north,664,European Atlantic mixed forests,8.430000305,10.74598821,53.33188724,R21,R22,NA,2023,positive,fresh,mowing,NA,0.25,4.67,0.37,4.38,4.7075,4.785,0.46,7.6,0.54,7.37,7.2975,7.085,1.62,28.19,1.3,269.47,1.86,28.19,1.64,233.98,1.37,16.56,1.39,0.38,1.58,16.56,1.69,0.43,1.73406,107.55081,1.46404,4.70E-04,1.99047,107.55081,1.55417,8.70E-04
N_BLE_A3,N_BLE,north,664,European Atlantic mixed forests,8.430000305,10.74598821,53.33188724,R22,R22,NA,2023,positive,fresh,mowing,NA,0.46,5,0.38,5,4.7075,4.785,0.61,6.93,0.48,6.97,7.2975,7.085,1.56,15.51,1.35,244.88,1.63,15.51,1.59,241.23,1.39,16.31,1.34,0.49,1.6,16.31,1.64,0.43,1.73263,107.55081,1.36151,8.60E-04,2.07279,107.55081,1.63481,0.00105
N_BLE_A4,N_BLE,north,664,European Atlantic mixed forests,8.430000305,10.74598821,53.33188724,R22,R22,NA,2023,positive,fresh,mowing,NA,0.5,4.82,0.45,4.94,4.7075,4.785,0.38,7.2,0.41,7.05,7.2975,7.085,2.09,15.28,1.51,248.77,1.69,15.28,1.58,234.44,1.23,16.31,1.25,0.44,1.72,16.31,1.69,0.4,2.21627,107.55081,1.30312,4.90E-04,2.02442,107.55081,1.62168,0.001
N_BLU_A1,N_BLU,north,664,European Atlantic mixed forests,17.78000069,11.15186993,52.90365006,R,R,arable land,2022,restored,fresh,mowing,28,0.38,5.34,0.61,5.36,4.5525,4.9875,0.4,7.71,0.36,7,7.2675,7.0225,1.22,19.91,1.28,278.51,1.8,19.91,1.77,243.67,1.58,22.74,1.42,0.97,1.94,22.74,1.74,0.39,1.34599,9.13686,1.51797,0.00193,1.8083,9.13686,1.96734,0.001
N_BLU_A2,N_BLU,north,664,European Atlantic mixed forests,17.78000069,11.15186993,52.90365006,R,R,arable land,2022,restored,fresh,mowing,28,0.12,4.13,0.43,4.8,4.5525,4.9875,0.22,7.09,0.38,7,7.2675,7.0225,1.45,19.91,1.48,210.17,1.71,19.91,1.74,245.23,1.37,22.74,1.51,0.53,1.85,22.74,1.71,0.38,1.18404,17.8919,1.53787,8.80E-04,1.88384,17.8919,1.8247,7.40E-04
N_BLU_A3,N_BLU,north,664,European Atlantic mixed forests,17.78000069,11.15186993,52.90365006,R,R,arable land,2022,restored,fresh,mowing,28,0.16,4.19,0.36,4.92,4.5525,4.9875,0.22,6.87,0.4,6.88,7.2675,7.0225,1.2,19.91,1.42,199.5,1.8,19.91,1.79,251.95,1.44,22.74,1.72,0.45,1.97,22.74,1.79,0.35,1.28144,17.8919,1.59354,6.30E-04,1.98979,17.8919,1.93305,7.80E-04
N_BLU_A4,N_BLU,north,664,European Atlantic mixed forests,17.78000069,11.15186993,52.90365006,R,R,arable land,2022,restored,fresh,mowing,28,0.33,4.55,0.35,4.87,4.5525,4.9875,0.55,7.4,0.53,7.21,7.2675,7.0225,1.65,19.91,1.37,239.73,1.74,19.91,1.84,247.57,1.55,22.74,1.38,0.49,1.83,22.74,1.75,0.38,1.54181,55.13342,1.31959,7.20E-04,1.92505,55.13342,1.72502,8.90E-04
N_BRD_A1,N_BRD,north,664,European Atlantic mixed forests,16.42000008,11.4258011,53.05071543,R22,R22,grassland,2022,restored,fresh,both,3,0.41,5.7,0.81,6.43,5.87,6.4525,0.38,7.21,0.7,6.96,6.9825,6.9125,2.05,9.3,1.67,277.3,1.71,9.3,1.85,233.39,1.27,27.24,1.56,0.62,1.9,27.24,1.73,0.46,1.37926,122.80795,1.48114,5.00E-04,1.75617,122.80795,1.56177,8.60E-04
N_BRD_A2,N_BRD,north,664,European Atlantic mixed forests,16.42000008,11.4258011,53.05071543,R,R22,grassland,2022,restored,fresh,both,3,0.13,6.09,0.85,6.38,5.87,6.4525,0.04,6.99,0.56,6.92,6.9825,6.9125,1.84,7.94,1.51,296,1.61,7.94,1.78,227.07,1.12,29.33,1.78,0.68,1.74,29.33,1.75,0.46,1.2926,11.39411,1.57973,4.50E-04,1.6859,11.39411,1.93655,6.10E-04
N_BRD_A3,N_BRD,north,664,European Atlantic mixed forests,16.42000008,11.4258011,53.05071543,R22,R22,grassland,2022,restored,fresh,both,3,0.57,5.44,0.97,6.25,5.87,6.4525,0.38,7.13,0.53,7,6.9825,6.9125,1.86,9.3,1.61,283.12,1.68,9.3,1.72,224.59,1.23,13.83,1.36,0.61,1.77,13.83,1.71,0.42,1.4104,11.92942,1.41377,5.50E-04,1.74312,11.92942,1.7946,5.60E-04
N_BRD_A4,N_BRD,north,664,European Atlantic mixed forests,16.42000008,11.4258011,53.05071543,R,R22,grassland,2022,restored,fresh,both,3,0.3,6.25,0.72,6.75,5.87,6.4525,0.52,6.6,0.67,6.77,6.9825,6.9125,1.52,7.01,1.42,282.01,1.54,7.01,1.89,251.46,1.49,8.72,1.63,0.54,1.63,8.72,1.91,0.36,1.4103,11.39411,1.66557,5.90E-04,1.6141,11.39411,1.85729,8.20E-04
N_BRE_A1,N_BRE,north,664,European Atlantic mixed forests,21.70999908,10.66332693,53.60182733,R21,R,arable land,2022,restored,dry,mowing,4,0.33,3.68,0.29,4.09,4.03,4.005,0.53,7.44,0.54,7.41,7.29,7.3275,1.8,10.73,1.71,235.79,1.66,10.73,1.84,214.58,1.93,13.04,1.64,0.3,1.79,13.04,1.93,0.38,1.59645,12.8461,1.36635,8.30E-04,1.56202,12.8461,1.74569,7.60E-04
N_BRE_A2,N_BRE,north,664,European Atlantic mixed forests,21.70999908,10.66332693,53.60182733,R22,R,arable land,2022,restored,dry,mowing,4,0.26,4.36,0.24,4.06,4.03,4.005,0.42,7.27,0.6,7.33,7.29,7.3275,1.87,10.73,1.77,236.85,1.65,10.73,1.8,216.11,1.53,19.38,1.75,0.41,1.73,19.38,1.84,0.41,1.87287,12.09802,1.66297,8.30E-04,1.55476,12.09802,1.81061,8.60E-04
N_BRE_A3,N_BRE,north,664,European Atlantic mixed forests,21.70999908,10.66332693,53.60182733,R,R,arable land,2022,restored,dry,mowing,4,0.28,3.84,0.32,4,4.03,4.005,0.3,7.17,0.48,7.29,7.29,7.3275,2.04,12.42,1.61,202.29,1.78,12.42,1.9,223.24,1.8,21.12,1.41,0.29,1.81,21.12,1.79,0.41,1.87018,14.49394,1.42353,0.00168,1.69426,14.49394,1.81342,6.70E-04
N_BRE_A4,N_BRE,north,664,European Atlantic mixed forests,21.70999908,10.66332693,53.60182733,R,R,arable land,2022,restored,dry,mowing,4,0.33,4.24,0.35,3.87,4.03,4.005,0.47,7.28,0.51,7.28,7.29,7.3275,1.74,12.42,1.62,191.62,1.76,12.42,1.95,218.79,1.96,13.04,1.61,0.34,1.82,13.04,1.9,0.35,1.77632,44.6627,1.68964,0.00168,1.83023,44.6627,1.64284,7.10E-04
N_BRO_A1,N_BRO,north,664,European Atlantic mixed forests,21.72999954,10.66569268,53.46791394,R,R1P,arable land,2023,restored,dry,grazing,8,0.32,3.65,0.42,3.81,3.645,3.8625,0.32,7.18,0.65,7.3,7.3675,7.3925,2.03,14.6,1.53,223.7,1.77,14.6,1.89,231.89,2.69,37.67,1.69,0.22,1.97,37.67,1.72,0.26,1.68114,34.39574,1.42406,3.20E-04,1.98867,34.39574,1.86957,5.30E-04
N_BRO_A2,N_BRO,north,664,European Atlantic mixed forests,21.72999954,10.66569268,53.46791394,R,R1P,arable land,2023,restored,dry,grazing,8,0.12,3.9,0.31,4,3.645,3.8625,0.21,7.13,0.52,7.43,7.3675,7.3925,1.51,14.6,1.65,207.62,1.72,14.6,1.69,238.56,3.13,37.67,1.7,0.11,2.03,37.67,1.77,0.3,1.30127,26.47623,1.48408,2.60E-04,1.89387,26.47623,1.77265,5.40E-04
N_BRO_A3,N_BRO,north,664,European Atlantic mixed forests,21.72999954,10.66569268,53.46791394,R1P,R1P,arable land,2023,restored,dry,grazing,8,0.46,3.29,0.4,3.76,3.645,3.8625,0.74,7.75,0.58,7.46,7.3675,7.3925,1.55,14.6,1.59,214.61,1.8,14.6,1.86,230.91,2.53,37.67,1.57,0.14,2.08,37.67,1.81,0.28,1.506,27.30745,1.55716,2.70E-04,1.92969,27.30745,1.8529,4.60E-04
N_BRO_A4,N_BRO,north,664,European Atlantic mixed forests,21.72999954,10.66569268,53.46791394,R1P,R1P,arable land,2023,restored,dry,grazing,8,0.29,3.74,0.33,3.88,3.645,3.8625,0.49,7.41,0.56,7.38,7.3675,7.3925,1.73,14.6,1.41,217,1.71,14.6,1.84,237.38,2.95,37.67,1.36,0.15,2.1,37.67,1.69,0.28,1.49839,44.6627,1.35718,2.90E-04,2.23649,44.6627,1.83606,6.60E-04
N_BU1_A1,N_BU1,north,664,European Atlantic mixed forests,14.35000038,9.774601422,54.09915593,R21,R22,NA,2022,negative,fresh,grazing,NA,0.28,5.43,0.36,5.7,5.42,5.4275,0.49,7.19,0.56,6.75,7.185,6.8875,1.4,9.6,1.42,308.13,1.66,9.6,1.75,249.48,1.59,7.66,1.3,0.39,1.79,7.66,1.87,0.43,1.79213,12.90401,1.55406,3.60E-04,1.95085,12.90401,1.98363,5.70E-04
N_BU1_A2,N_BU1,north,664,European Atlantic mixed forests,14.35000038,9.774601422,54.09915593,R21,R22,NA,2022,negative,fresh,grazing,NA,0.24,5.29,0.45,5.46,5.42,5.4275,0.55,7.33,0.56,7,7.185,6.8875,1.4,25.06,1.66,305.03,1.9,25.06,1.69,241.7,1.65,23.1,1.29,0.36,1.81,23.1,1.7,0.47,1.68916,37.27973,1.72116,4.00E-04,2.00096,37.27973,1.74759,0.00104
N_BU1_A3,N_BU1,north,664,European Atlantic mixed forests,14.35000038,9.774601422,54.09915593,R22,R22,NA,2022,negative,fresh,grazing,NA,0.32,5.29,0.4,5.38,5.42,5.4275,0.43,7.32,0.57,6.93,7.185,6.8875,1.28,5.25,1.65,315.69,1.46,5.25,1.91,261.28,1.68,22.15,1.38,0.42,1.72,22.15,1.72,0.44,1.5365,16.23608,1.5336,3.10E-04,1.95395,16.23608,1.96978,8.10E-04
N_BU1_A4,N_BU1,north,664,European Atlantic mixed forests,14.35000038,9.774601422,54.09915593,R22,R22,NA,2022,negative,fresh,grazing,NA,0.41,5.67,0.38,5.17,5.42,5.4275,0.31,6.9,0.52,6.87,7.185,6.8875,1.54,9.6,1.48,303.36,1.55,9.6,1.82,255.89,1.46,10.85,1.51,0.5,2.04,10.85,1.85,0.35,1.75736,12.90401,1.76762,4.10E-04,1.83452,12.90401,2.06175,4.70E-04
N_BU2_A1,N_BU2,north,664,European Atlantic mixed forests,12.56999969,9.766568712,54.09996863,R,R,NA,2022,negative,moist,grazing,NA,0.51,6.23,0.67,6.39,6.3275,6.2775,0.63,7.55,0.66,7.16,7.045,7.015,1.51,27.13,1.38,275.94,1.77,27.13,1.69,252.93,1.43,27.24,1.54,0.53,2.03,27.24,1.78,0.47,1.86132,11.46119,1.85817,6.10E-04,1.5853,11.46119,1.91315,6.70E-04
N_BU2_A2,N_BU2,north,664,European Atlantic mixed forests,12.56999969,9.766568712,54.09996863,R36,R,NA,2022,negative,moist,grazing,NA,0.63,7.4,0.52,6.88,6.3275,6.2775,0.74,7.18,0.51,7.12,7.045,7.015,1.56,18.89,1.35,269.88,1.81,18.89,1.92,269.63,1.93,27.24,1.25,0.57,1.97,27.24,1.72,0.51,1.59505,30.7896,1.41605,0.0011,2.09898,30.7896,1.90733,7.50E-04
N_BU2_A3,N_BU2,north,664,European Atlantic mixed forests,12.56999969,9.766568712,54.09996863,R,R,NA,2022,negative,moist,grazing,NA,0.24,5.87,0.42,5.91,6.3275,6.2775,0.46,6.66,0.64,6.92,7.045,7.015,1.74,9.75,1.27,289.2,1.89,9.75,1.9,252.23,1.47,14.55,1.55,0.57,2.1,14.55,1.97,0.43,1.84659,7.73759,1.81282,7.20E-04,1.70035,7.73759,2.19819,9.90E-04
N_BU2_A4,N_BU2,north,664,European Atlantic mixed forests,12.56999969,9.766568712,54.09996863,R,R,NA,2022,negative,moist,grazing,NA,0.2,5.81,0.47,5.93,6.3275,6.2775,0.33,6.79,0.44,6.86,7.045,7.015,1.59,8.76,1.67,303.14,1.66,8.76,1.88,261.01,1.5,27.24,1.71,0.58,2.26,27.24,1.9,0.49,1.59208,9.31037,1.73607,5.70E-04,1.68658,9.31037,2.0687,7.50E-04
N_CAM_A1,N_CAM,north,664,European Atlantic mixed forests,70.16999817,9.825099354,53.15047911,R21,R,NA,2023,positive,dry,grazing,NA,0.07,3.93,0.23,3.82,3.93,3.7625,0.46,7.41,0.51,7.47,7.44,7.45,1.59,10.73,1.48,182.66,1.56,10.73,1.75,198.45,1.81,33.62,1.54,0.29,2.13,33.62,1.88,0.25,1.86565,22.8152,1.61044,0.00367,2.21916,22.8152,1.92189,5.90E-04
N_CAM_A2,N_CAM,north,664,European Atlantic mixed forests,70.16999817,9.825099354,53.15047911,R21,R,NA,2023,positive,dry,grazing,NA,0.13,4.11,0.27,3.73,3.93,3.7625,0.45,7.48,0.51,7.47,7.44,7.45,1.68,12.42,1.78,187.3,1.84,12.42,2.02,211.93,1.75,33.62,1.34,0.29,1.93,33.62,1.65,0.23,1.85421,14.49394,1.72908,0.00326,1.80649,14.49394,1.8977,5.20E-04
N_CAM_A3,N_CAM,north,664,European Atlantic mixed forests,70.16999817,9.825099354,53.15047911,R21,R,NA,2023,positive,dry,grazing,NA,0.13,4.11,0.13,4,3.93,3.7625,0.47,7.49,0.53,7.42,7.44,7.45,1.56,10.73,1.75,178.5,1.57,10.73,1.78,196.08,1.73,33.62,1.33,0.29,1.89,33.62,1.69,0.27,1.57416,16.42974,1.49869,0.00426,2.24239,16.42974,1.93405,8.50E-04
N_CAM_A4,N_CAM,north,664,European Atlantic mixed forests,70.16999817,9.825099354,53.15047911,R,R,NA,2023,positive,dry,grazing,NA,0.25,3.57,0.25,3.5,3.93,3.7625,0.42,7.38,0.45,7.44,7.44,7.45,1.51,10.73,1.23,168.78,1.76,10.73,1.71,196.69,1.49,11.92,1.16,0.24,1.82,11.92,1.77,0.22,2.19446,16.79994,1.50983,0.00238,2.18772,16.79994,1.96634,6.30E-04
N_CNI_A1,N_CNI,north,664,European Atlantic mixed forests,10.42000008,10.85101826,53.24958879,R22,R22,grassland,2023,restored,moist,both,16,0.31,4.58,0.42,4.17,4.3925,4.24,0.36,6.81,0.58,7.06,6.8175,7.0975,1.92,52.57,1.46,288.48,1.97,52.57,1.66,247.5,1.27,121.9,1.31,0.4,2.51,121.9,1.78,0.26,2.34678,12.90401,1.85909,2.30E-04,2.07386,12.90401,2.00316,4.90E-04
N_CNI_A2,N_CNI,north,664,European Atlantic mixed forests,10.42000008,10.85101826,53.24958879,R22,R22,grassland,2023,restored,moist,both,16,0.16,4.86,0.46,4.47,4.3925,4.24,0.5,6.59,0.57,7,6.8175,7.0975,1.95,15.66,1.61,260.59,1.9,15.66,1.79,251.72,1.35,121.9,1.41,0.36,2.28,121.9,1.82,0.25,2.99262,16.28803,1.63081,6.30E-04,2.04121,16.28803,1.87657,3.90E-04
N_CNI_A3,N_CNI,north,664,European Atlantic mixed forests,10.42000008,10.85101826,53.24958879,R22,R22,grassland,2023,restored,moist,both,16,0.25,4.15,0.43,4.09,4.3925,4.24,0.44,6.84,0.66,7.21,6.8175,7.0975,1.74,28.19,1.32,280.76,1.98,28.19,1.83,250.11,1.49,28.78,1.39,0.35,2.22,28.78,1.98,0.32,2.54276,15.96302,1.39017,3.60E-04,2.19717,15.96302,2.04052,6.50E-04
N_CNI_A4,N_CNI,north,664,European Atlantic mixed forests,10.42000008,10.85101826,53.24958879,R22,R22,grassland,2023,restored,moist,both,16,0.39,3.98,0.44,4.23,4.3925,4.24,0.41,7.03,0.59,7.12,6.8175,7.0975,1.93,274.98,1.23,278.1,2.25,274.98,1.56,220.66,1.48,37.25,1.56,0.39,2.3,37.25,1.95,0.34,2.44852,33.7094,1.66097,2.90E-04,2.43504,33.7094,1.93948,9.80E-04
N_DAM_A1,N_DAM,north,664,European Atlantic mixed forests,12.60000038,11.13755266,53.12415583,R,R22,arable land,2022,restored,fresh,mowing,7,0,4,0,4,4.335,4.46,0,8,0.4,7.67,7.9875,7.3425,1.05,5.47,1,280.29,2.11,5.47,1.05,229.65,1.03,4.53,1.03,1.18,1.66,4.53,2.67,0.72,1.00974,1.5828,1.05088,0.00257,1.17941,1.5828,2.1508,0.00161
N_DAM_A2,N_DAM,north,664,European Atlantic mixed forests,12.60000038,11.13755266,53.12415583,R22,R22,arable land,2022,restored,fresh,mowing,7,0.25,4.5,0.25,4.5,4.335,4.46,0.02,7.99,0.58,7.2,7.9875,7.3425,1.02,6.33,1.35,281.83,1.93,6.33,1.46,240.85,1.05,21.12,1.91,1.17,2.44,21.12,2.36,0.39,1.01443,2.47788,1.69091,0.00256,1.29954,2.47788,1.90199,0.00107
N_DAM_A3,N_DAM,north,664,European Atlantic mixed forests,12.60000038,11.13755266,53.12415583,R,R22,arable land,2022,restored,fresh,mowing,7,0.25,4.55,0.23,4.67,4.335,4.46,0.03,7.98,0.6,7.33,7.9875,7.3425,1.21,6.33,1.28,272.34,2.12,6.33,1.22,234.84,1.14,21.12,1.44,1.13,2.65,21.12,2.23,0.48,1.04541,2.54718,1.39402,0.00248,1.37457,2.54718,1.9507,0.00119
N_DAM_A4,N_DAM,north,664,European Atlantic mixed forests,12.60000038,11.13755266,53.12415583,R22,R22,arable land,2022,restored,fresh,mowing,7,0.21,4.29,0.23,4.67,4.335,4.46,0.04,7.98,0.5,7.17,7.9875,7.3425,1.05,6.33,1.45,279.95,1.77,6.33,1.69,241.81,1.1,21.12,1.81,1.15,2.39,21.12,2.05,0.43,1.03154,2.47788,1.53254,0.00251,1.26782,2.47788,1.97561,0.00105
N_DUM_A1,N_DUM,north,664,European Atlantic mixed forests,24.95000076,10.96713715,52.90104063,R,R,NA,2023,positive,moist,mowing,NA,0.61,7.07,0.6,6.83,6.4675,6.645,0.5,7.13,0.63,6.88,6.9875,6.8425,2,22.88,1.72,235.11,1.76,22.88,1.8,234.39,1.79,22.05,1.55,0.43,1.8,22.05,1.79,0.45,1.83632,298.13294,1.36031,8.70E-04,2.20755,298.13294,1.63395,0.00157
N_DUM_A2,N_DUM,north,664,European Atlantic mixed forests,24.95000076,10.96713715,52.90104063,R,R,NA,2023,positive,moist,mowing,NA,0.47,6.44,0.72,6.86,6.4675,6.645,0.56,7.43,0.63,6.92,6.9875,6.8425,1.63,21.86,1.65,230.66,1.82,21.86,1.99,232.59,1.37,22.05,1.46,0.49,1.67,22.05,1.82,0.42,1.55285,103.34013,1.56075,0.0017,1.86881,103.34013,1.6097,0.00114
N_DUM_A3,N_DUM,north,664,European Atlantic mixed forests,24.95000076,10.96713715,52.90104063,R22,R,NA,2023,positive,moist,mowing,NA,0.41,6.36,0.58,6.39,6.4675,6.645,0.52,6.56,0.65,6.75,6.9875,6.8425,1.7,13.29,1.61,270.46,1.59,13.29,1.74,252.24,1.7,13.88,1.47,0.49,1.63,13.88,1.87,0.44,1.71335,78.95584,1.41392,6.00E-04,2.04222,78.95584,1.6617,0.00179
N_DUM_A4,N_DUM,north,664,European Atlantic mixed forests,24.95000076,10.96713715,52.90104063,R22,R,NA,2023,positive,moist,mowing,NA,0.3,6,0.48,6.5,6.4675,6.645,0.39,6.83,0.63,6.82,6.9875,6.8425,1.79,25.39,1.56,261.46,1.65,25.39,1.62,238.81,1.74,22.95,1.5,0.44,1.74,22.95,1.8,0.48,1.61196,78.95584,1.511,8.50E-04,2.02793,78.95584,1.62769,0.00172
N_EIC_A1,N_EIC,north,664,European Atlantic mixed forests,135.8899994,9.966582081,53.15894547,R,R,grassland,2023,restored,dry,both,6,0.37,3.94,0.38,4.06,4.6675,4.1,0.47,7.57,0.64,7.29,7.395,7.2175,1.82,11.04,1.41,208.3,1.85,11.04,1.89,235.48,1.82,37.18,1.43,0.35,2.23,37.18,1.9,0.28,1.96323,20.86789,1.56625,5.00E-04,1.66919,20.86789,1.70926,3.80E-04
N_EIC_A2,N_EIC,north,664,European Atlantic mixed forests,135.8899994,9.966582081,53.15894547,R22,R,grassland,2023,restored,dry,both,6,0.4,4.92,0.32,4.06,4.6675,4.1,0.44,7.3,0.59,7.23,7.395,7.2175,2.29,11.04,1.54,245.16,1.87,11.04,2.04,229.22,1.65,49.47,1.52,0.41,2.15,49.47,1.77,0.3,1.77851,20.86789,1.28762,3.80E-04,1.76864,20.86789,1.66736,4.30E-04
N_EIC_A3,N_EIC,north,664,European Atlantic mixed forests,135.8899994,9.966582081,53.15894547,R,R,grassland,2023,restored,dry,both,6,0.37,4.78,0.32,4.14,4.6675,4.1,0.43,7.32,0.57,7.24,7.395,7.2175,1.98,10.73,1.62,194.98,1.81,10.73,2,228.38,1.97,21.16,1.59,0.32,1.93,21.16,1.88,0.33,2.33929,12.09802,1.53032,0.0014,1.57627,12.09802,1.75186,5.40E-04
N_EIC_A4,N_EIC,north,664,European Atlantic mixed forests,135.8899994,9.966582081,53.15894547,R,R,grassland,2023,restored,dry,both,6,0.28,5.03,0.32,4.14,4.6675,4.1,0.48,7.39,0.54,7.11,7.395,7.2175,2.1,10.73,1.61,224.25,1.9,10.73,2.04,227.07,1.84,28.16,1.57,0.39,2.04,28.16,1.82,0.34,1.89218,12.09802,1.6081,5.20E-04,1.60856,12.09802,1.76223,5.30E-04
N_ELB_A1,N_ELB,north,664,European Atlantic mixed forests,13.56000042,11.21872812,53.12500769,R22,R22,arable land,2023,restored,fresh,grazing,5,0.26,4.76,0.39,5.14,4.7425,5.065,0.36,7.04,0.37,6.88,7.215,6.945,1.53,8.65,1.64,217.53,1.57,8.65,1.83,231.87,1.58,21.12,1.3,0.65,1.77,21.12,1.8,0.49,1.52073,10.15553,1.24927,9.50E-04,1.57067,10.15553,1.6398,9.40E-04
N_ELB_A2,N_ELB,north,664,European Atlantic mixed forests,13.56000042,11.21872812,53.12500769,R22,R22,arable land,2023,restored,fresh,grazing,5,0.3,4.53,0.35,5.07,4.7425,5.065,0.46,7.19,0.45,6.89,7.215,6.945,1.66,8.65,1.64,230.09,1.67,8.65,1.88,222.65,1.81,21.12,1.24,0.62,1.97,21.12,1.85,0.45,1.41763,18.12448,1.1894,0.00117,1.70988,18.12448,1.70863,7.60E-04
N_ELB_A3,N_ELB,north,664,European Atlantic mixed forests,13.56000042,11.21872812,53.12500769,R22,R22,arable land,2023,restored,fresh,grazing,5,0.2,4.99,0.42,5.25,4.7425,5.065,0.44,7.21,0.42,6.94,7.215,6.945,1.52,8.65,1.79,232.64,1.69,8.65,1.85,226.47,1.65,21.12,1.54,0.74,1.83,21.12,1.8,0.52,1.43357,15.91931,1.37291,0.00111,1.56091,15.91931,1.56919,0.00117
N_ELB_A4,N_ELB,north,664,European Atlantic mixed forests,13.56000042,11.21872812,53.12500769,R22,R22,arable land,2023,restored,fresh,grazing,5,0.26,4.69,0.33,4.8,4.7425,5.065,0.49,7.42,0.48,7.07,7.215,6.945,1.65,7.74,1.65,234.57,1.69,7.74,1.87,218.89,1.7,21.12,1.54,0.81,1.82,21.12,1.92,0.49,1.41556,6.58921,1.46275,0.00132,1.37544,6.58921,1.62907,0.00105
N_FLA_A1,N_FLA,north,664,European Atlantic mixed forests,13.14000034,10.30145646,53.28602734,?,R,NA,2023,negative,moist,mowing,NA,0.01,6.99,0.16,6.8,6.9425,6.83,0.33,6.19,0.72,6,6.3,6.47,1.37,18.48,1.38,191.64,2.13,18.48,1.67,216.34,1.28,12.12,1.5,0.55,1.86,12.12,2.05,0.5,1.27498,6.16793,1.14085,0.00427,1.79727,6.16793,1.4171,0.00105
N_FLA_A2,N_FLA,north,664,European Atlantic mixed forests,13.14000034,10.30145646,53.28602734,R,R,NA,2023,negative,moist,mowing,NA,0,7,0.16,6.8,6.9425,6.83,0.79,6.65,0.72,7,6.3,6.47,1.9,24.06,2.07,186.16,2.81,24.06,1.56,235.86,1.54,3.75,1.61,0.64,1.41,3.75,1.49,0.71,1.93957,10.32975,1.1858,0.00215,1.88625,10.32975,2.05085,4.30E-04
N_FLA_A3,N_FLA,north,664,European Atlantic mixed forests,13.14000034,10.30145646,53.28602734,R,R,NA,2023,negative,moist,mowing,NA,0,7,0.24,6.6,6.9425,6.83,0,6,0.6,6,6.3,6.47,1.12,4.54,1.61,206.38,1.73,4.54,1.73,272.18,1.11,4.8,1.55,0.5,1.55,4.8,2.02,0.46,1.12924,6.46111,1.30593,0.00494,2.0173,6.46111,1.54521,0.00122
N_FLA_A4,N_FLA,north,664,European Atlantic mixed forests,13.14000034,10.30145646,53.28602734,R,R,NA,2023,negative,moist,mowing,NA,0.18,6.78,0.48,7.12,6.9425,6.83,0.49,6.36,0.59,6.88,6.3,6.47,1.56,4.86,1.25,225.92,1.51,4.86,1.66,291.85,1.12,4.8,1.41,0.53,1.38,4.8,1.46,0.54,1.59886,114.20122,1.56039,0.00297,2.49038,114.20122,1.75635,0.00134
N_GAM_A1,N_GAM,north,664,European Atlantic mixed forests,52.41999817,10.54880198,52.51725778,R,R,arable land,2022,restored,fresh,both,30,0.27,5.41,0.33,5.27,5.3025,5.2775,0.52,6.78,0.6,6.79,6.835,6.8425,1.8,19.4,1.52,261.23,1.64,19.4,1.64,264.39,1.78,11.32,1.66,0.45,1.73,11.32,1.92,0.42,1.70957,26.72425,1.45552,0.00104,1.80225,26.72425,1.79178,0.00153
N_GAM_A2,N_GAM,north,664,European Atlantic mixed forests,52.41999817,10.54880198,52.51725778,R,R,arable land,2022,restored,fresh,both,30,0.24,5.14,0.26,5.23,5.3025,5.2775,0.49,6.73,0.47,6.88,6.835,6.8425,1.64,5.41,1.47,254.48,1.44,5.41,1.87,257.22,1.65,10.49,1.43,0.45,2,10.49,1.98,0.36,1.6618,28.15501,1.83201,0.00137,1.85698,28.15501,1.74591,0.00101
N_GAM_A3,N_GAM,north,664,European Atlantic mixed forests,52.41999817,10.54880198,52.51725778,R,R,arable land,2022,restored,fresh,both,30,0.35,5.37,0.35,5.29,5.3025,5.2775,0.31,7.05,0.59,6.83,6.835,6.8425,1.56,5.41,1.57,289.63,1.43,5.41,1.77,251.59,1.41,10.49,1.57,0.54,1.91,10.49,1.98,0.38,1.71412,28.15501,1.62978,8.80E-04,1.9042,28.15501,1.65804,0.0011
N_GAM_A4,N_GAM,north,664,European Atlantic mixed forests,52.41999817,10.54880198,52.51725778,R,R,arable land,2022,restored,fresh,both,30,0.36,5.29,0.38,5.32,5.3025,5.2775,0.45,6.78,0.48,6.87,6.835,6.8425,1.53,29.67,1.79,262.5,1.61,29.67,1.58,255.49,1.61,15.66,1.69,0.48,1.92,15.66,1.93,0.42,1.69366,19.4507,1.73438,0.00124,1.75223,19.4507,1.79733,0.0014
N_GAR_A1,N_GAR,north,664,European Atlantic mixed forests,6.429999828,10.65708759,53.33546428,R,R,arable land,2022,restored,fresh,mowing,17,0.07,5.07,0.32,5.27,5.21,5.475,0.41,7.71,0.55,6.81,7.6,6.8875,1.22,5.41,1.27,301.4,1.39,5.41,1.71,255.12,1.35,9.15,1.78,0.27,1.94,9.15,1.98,0.37,1.13769,128.57767,1.34064,6.00E-04,2.04233,128.57767,1.57791,9.60E-04
N_GAR_A2,N_GAR,north,664,European Atlantic mixed forests,6.429999828,10.65708759,53.33546428,R,R,arable land,2022,restored,fresh,mowing,17,0.1,5.11,0.31,5.5,5.21,5.475,0.4,7.71,0.6,6.91,7.6,6.8875,1.17,5.04,1.57,306.22,1.47,5.04,1.8,264.19,1.44,9.15,1.57,0.27,1.98,9.15,1.84,0.41,1.12187,77.09859,1.26919,6.00E-04,2.44369,77.09859,1.58693,0.00131
N_GAR_A3,N_GAR,north,664,European Atlantic mixed forests,6.429999828,10.65708759,53.33546428,R,R,arable land,2022,restored,fresh,mowing,17,0.17,5.2,0.3,5.55,5.21,5.475,0.35,7.76,0.6,6.91,7.6,6.8875,1.24,5.04,1.19,298.5,1.43,5.04,1.7,262.89,1.65,9.15,1.68,0.3,1.9,9.15,1.81,0.42,1.28833,10.39223,1.71215,7.30E-04,1.8135,10.39223,1.90447,8.80E-04
N_GAR_A4,N_GAR,north,664,European Atlantic mixed forests,6.429999828,10.65708759,53.33546428,R,R,arable land,2022,restored,fresh,mowing,17,0.27,5.46,0.35,5.58,5.21,5.475,0.52,7.22,0.55,6.92,7.6,6.8875,1.37,5.04,1.32,290.25,1.43,5.04,1.93,258.7,2.08,9.94,1.3,0.43,2.09,9.94,1.99,0.4,1.35547,30.7896,1.32501,6.40E-04,2.01763,30.7896,1.84085,7.60E-04
N_GBI_A1,N_GBI,north,664,European Atlantic mixed forests,17.15999985,11.21682835,52.89239537,R22,R,NA,2022,positive,moist,mowing,NA,0.5,5.29,0.51,5.23,5.23,5.545,0.44,6.86,0.52,6.91,6.8775,6.8975,1.66,9.22,1.65,265.1,1.6,9.22,1.76,239.56,1.93,93.35,1.49,0.42,2.02,93.35,1.66,0.4,1.60657,44.56815,1.3207,7.10E-04,1.83027,44.56815,1.78157,0.00101
N_GBI_A2,N_GBI,north,664,European Atlantic mixed forests,17.15999985,11.21682835,52.89239537,R,R,NA,2022,positive,moist,mowing,NA,0.36,6.09,0.65,5.82,5.23,5.545,0.62,6.93,0.63,6.84,6.8775,6.8975,2.19,12.97,1.69,241.87,1.73,12.97,1.79,249.93,2.07,91.75,1.51,0.46,2.18,91.75,1.62,0.41,1.44504,8.15184,1.25605,7.80E-04,1.60209,8.15184,1.87791,8.30E-04
N_GBI_A3,N_GBI,north,664,European Atlantic mixed forests,17.15999985,11.21682835,52.89239537,R22,R,NA,2022,positive,moist,mowing,NA,0.42,4.7,0.45,5.35,5.23,5.545,0.39,7.02,0.51,7.12,6.8775,6.8975,1.8,9.75,1.43,244.45,1.6,9.75,1.74,240.06,1.61,22.74,1.68,0.5,1.75,22.74,1.64,0.44,1.68908,81.2263,1.45346,7.30E-04,1.99308,81.2263,1.63005,0.00115
N_GBI_A4,N_GBI,north,664,European Atlantic mixed forests,17.15999985,11.21682835,52.89239537,V,R,NA,2022,positive,moist,mowing,NA,0.53,4.84,0.62,5.78,5.23,5.545,0.44,6.7,0.64,6.72,6.8775,6.8975,1.32,8.28,1.6,254.08,1.64,8.28,1.86,233.56,1.38,85.23,1.37,0.44,1.92,85.23,1.53,0.47,1.27911,77.09859,1.50402,0.00143,2.13564,77.09859,1.61362,0.00132
N_GUT_A1,N_GUT,north,664,European Atlantic mixed forests,39.79000092,10.7350907,53.17096801,R,R,arable land,2023,restored,fresh,mowing,8,0.23,4.98,0.48,5.52,5.255,5.4625,0.5,7.3,0.52,7.11,7.16,7.095,1.53,8.28,1.54,247.14,1.48,8.28,1.71,242.69,1.59,12.43,1.36,0.41,1.64,12.43,1.82,0.48,1.577,77.09859,1.34138,0.00121,2.05636,77.09859,1.6874,0.0017
N_GUT_A2,N_GUT,north,664,European Atlantic mixed forests,39.79000092,10.7350907,53.17096801,R,R,arable land,2023,restored,fresh,mowing,8,0.37,5.56,0.44,5.37,5.255,5.4625,0.21,6.95,0.45,7.06,7.16,7.095,1.64,8.84,1.48,274.05,1.47,8.84,1.75,248.18,1.45,108.69,1.18,0.54,2.1,108.69,1.64,0.38,1.67134,118.64473,1.41823,8.50E-04,2.08206,118.64473,1.71107,0.0015
N_GUT_A3,N_GUT,north,664,European Atlantic mixed forests,39.79000092,10.7350907,53.17096801,R,R,arable land,2023,restored,fresh,mowing,8,0.41,5.68,0.47,5.55,5.255,5.4625,0.54,7.13,0.45,7.03,7.16,7.095,1.56,8.32,1.57,262.27,1.43,8.32,1.71,250.04,1.44,27.24,1.44,0.51,1.79,27.24,1.76,0.46,1.81986,128.57767,1.47613,0.00163,1.99961,128.57767,1.64622,0.00112
N_GUT_A4,N_GUT,north,664,European Atlantic mixed forests,39.79000092,10.7350907,53.17096801,R,R,arable land,2023,restored,fresh,mowing,8,0.26,4.8,0.47,5.41,5.255,5.4625,0.68,7.26,0.55,7.18,7.16,7.095,1.73,9.22,1.57,240.31,1.47,9.22,1.78,240.35,1.6,23.85,1.38,0.36,1.71,23.85,1.77,0.43,1.58297,81.2263,1.50214,0.00138,2.01511,81.2263,1.62024,0.00144
N_HAI_A1,N_HAI,north,664,European Atlantic mixed forests,16.59000015,9.734085864,53.59957298,R35,R,grassland,2022,restored,moist,grazing,3,0.12,6.12,0.27,5.9,6.195,5.885,0.67,7.22,0.58,6.8,6.6425,6.7075,1.45,29.11,1.23,277.32,1.93,29.11,1.77,247.62,1.36,30.21,1.34,0.53,2.39,30.21,1.87,0.39,1.5613,7.73759,2.03436,8.30E-04,1.5758,7.73759,1.97362,6.40E-04
N_HAI_A2,N_HAI,north,664,European Atlantic mixed forests,16.59000015,9.734085864,53.59957298,R,R,grassland,2022,restored,moist,grazing,3,0.23,6.31,0.31,6,6.195,5.885,0.46,6.4,0.67,6.82,6.6425,6.7075,1.4,24.06,1.25,294.53,1.77,24.06,1.67,243.07,1.13,23.1,1.27,0.62,1.91,23.1,1.78,0.44,1.42059,26.72425,1.20859,4.20E-04,2.02939,26.72425,1.78654,0.00123
N_HAI_A3,N_HAI,north,664,European Atlantic mixed forests,16.59000015,9.734085864,53.59957298,R,R,grassland,2022,restored,moist,grazing,3,0.26,6.27,0.39,5.64,6.195,5.885,0.32,6.22,0.52,6.64,6.6425,6.7075,1.35,5.04,1.19,274.22,1.44,5.04,1.95,256.45,1.44,9.15,1.36,0.55,1.9,9.15,2,0.37,1.50752,12.90401,1.15591,5.70E-04,1.88973,12.90401,1.93825,7.30E-04
N_HAI_A4,N_HAI,north,664,European Atlantic mixed forests,16.59000015,9.734085864,53.59957298,R,R,grassland,2022,restored,moist,grazing,3,0.07,6.08,0.29,6,6.195,5.885,0.36,6.73,0.59,6.57,6.6425,6.7075,1.32,3.72,1.24,317.72,1.44,3.72,1.82,268.75,1.05,9.15,1.37,0.66,1.72,9.15,1.66,0.43,1.18519,6.67183,1.20187,3.90E-04,1.84962,6.67183,2.10311,0.00109
N_HOH_A1,N_HOH,north,664,European Atlantic mixed forests,37.56000137,11.41839008,53.07004693,R,R,arable land,2023,restored,dry,both,7,0.29,4.67,0.45,4,4.6525,4.29,0.24,7.86,0.66,7.5,7.6375,7.4025,1.57,8.8,1.65,226.76,1.71,8.8,1.82,252.49,1.63,53.27,1.55,0.39,2.27,53.27,1.81,0.29,2.3821,64.30386,1.66167,5.60E-04,2.17415,64.30386,1.76909,4.20E-04
N_HOH_A2,N_HOH,north,664,European Atlantic mixed forests,37.56000137,11.41839008,53.07004693,V38,R,arable land,2023,restored,dry,both,7,0.23,4.73,0.46,4.22,4.6525,4.29,0.5,7.54,0.65,7.27,7.6375,7.4025,2.05,15.28,1.46,208.14,1.75,15.28,1.7,248.64,1.96,53.27,1.41,0.71,2.28,53.27,1.73,0.38,2.04964,51.76858,1.66673,3.80E-04,2.48593,51.76858,1.90181,5.90E-04
N_HOH_A3,N_HOH,north,664,European Atlantic mixed forests,37.56000137,11.41839008,53.07004693,R22,R,arable land,2023,restored,dry,both,7,0.2,4.85,0.54,4.67,4.6525,4.29,0.44,7.59,0.56,7.53,7.6375,7.4025,1.87,15.72,1.51,267.02,1.69,15.72,1.62,246.03,1.34,68.71,1.46,0.43,2.55,68.71,1.97,0.36,2.74789,64.30386,1.61377,4.50E-04,2.22903,64.30386,1.79044,4.40E-04
N_HOH_A4,N_HOH,north,664,European Atlantic mixed forests,37.56000137,11.41839008,53.07004693,R22,R,arable land,2023,restored,dry,both,7,0.35,4.36,0.43,4.27,4.6525,4.29,0.45,7.56,0.66,7.31,7.6375,7.4025,1.97,10.73,1.51,246.54,1.72,10.73,1.72,257.51,1.88,53.27,1.56,0.34,2.23,53.27,1.88,0.31,2.65241,56.25596,1.61527,4.80E-04,2.79579,56.25596,1.98621,9.90E-04
N_HOR_A1,N_HOR,north,664,European Atlantic mixed forests,60.97000122,10.18559932,53.09655483,V,R,arable land,2022,restored,dry,mowing,4,0.67,6.01,0.45,4.2,4.8225,4.2975,0.42,7.67,0.6,7.5,7.2025,7.205,1.65,4.57,1.58,261.26,1.47,4.57,1.92,232.92,1.3,29.04,1.66,0.62,2.56,29.04,2.23,0.32,2.09982,10.58664,1.46292,2.30E-04,1.7475,10.58664,1.83071,3.70E-04
N_HOR_A2,N_HOR,north,664,European Atlantic mixed forests,60.97000122,10.18559932,53.09655483,R22,R,arable land,2022,restored,dry,mowing,4,0.46,4.95,0.35,4.31,4.8225,4.2975,0.18,7.01,0.55,7.11,7.2025,7.205,1.53,5.38,1.39,287.58,1.41,5.38,1.73,250.2,1.77,29.04,1.29,0.47,2.15,29.04,1.88,0.31,1.87254,16.23608,1.65394,4.50E-04,1.69319,16.23608,1.72002,4.70E-04
N_HOR_A3,N_HOR,north,664,European Atlantic mixed forests,60.97000122,10.18559932,53.09655483,V37,R,arable land,2022,restored,dry,mowing,4,0.26,3.93,0.23,4.18,4.8225,4.2975,0.21,7.08,0.59,7.29,7.2025,7.205,1.18,3.37,1.61,232.27,1.41,3.37,1.85,226.25,2.08,63.42,1.37,0.55,2.29,63.42,1.84,0.27,1.47892,7.52981,1.76904,0.00187,1.7042,7.52981,1.81343,5.00E-04
N_HOR_A4,N_HOR,north,664,European Atlantic mixed forests,60.97000122,10.18559932,53.09655483,V15,R,arable land,2022,restored,dry,mowing,4,0.25,4.4,0.32,4.5,4.8225,4.2975,0.21,7.05,0.56,6.92,7.2025,7.205,1.09,2.94,1.49,234.55,1.27,2.94,1.86,240.46,1.49,28.82,1.45,0.68,2.24,28.82,1.99,0.39,1.60721,12.26208,1.5595,0.00177,1.99415,12.26208,1.82334,5.40E-04
N_HOY_A1,N_HOY,north,664,European Atlantic mixed forests,17.11000061,11.16556556,52.8977337,R,R21,arable land,2022,restored,moist,both,3,0.27,5.46,0.63,5.73,5.69,5.6825,0.27,7.81,0.5,7.33,7.8575,7.4,1.11,5.62,1.58,249.63,1.62,5.62,1.74,229.75,1.19,10.49,1.31,0.52,1.89,10.49,1.93,0.37,1.17071,5.16397,1.27791,0.00169,1.66187,5.16397,2.09269,6.90E-04
N_HOY_A2,N_HOY,north,664,European Atlantic mixed forests,17.11000061,11.16556556,52.8977337,R,R21,arable land,2022,restored,moist,both,3,0.27,5.49,0.34,5.5,5.69,5.6825,0.12,7.93,0.45,7.5,7.8575,7.4,1.26,4.97,1.38,263.01,1.36,4.97,1.6,242.26,1.46,10.49,1.74,0.43,1.81,10.49,1.6,0.42,1.27621,4.83619,1.04241,0.00147,1.56241,4.83619,2.00581,8.50E-04
N_HOY_A3,N_HOY,north,664,European Atlantic mixed forests,17.11000061,11.16556556,52.8977337,R,R21,arable land,2022,restored,moist,both,3,0.4,6.34,0.29,5.38,5.69,5.6825,0.15,7.91,0.56,7.44,7.8575,7.4,1.62,4.97,1.36,205.21,1.42,4.97,1.66,244.4,1.18,10.49,1.56,0.56,1.92,10.49,2.03,0.35,1.12926,4.83619,1.53156,0.00205,1.64553,4.83619,1.7708,6.30E-04
N_HOY_A4,N_HOY,north,664,European Atlantic mixed forests,17.11000061,11.16556556,52.8977337,R,R21,arable land,2022,restored,moist,both,3,0.37,5.47,0.73,6.12,5.69,5.6825,0.31,7.78,0.54,7.33,7.8575,7.4,1.56,5.62,1.27,254.8,1.55,5.62,1.88,225.29,1.83,5.74,1.17,0.43,1.65,5.74,1.96,0.43,1.34754,4.90155,1.13805,0.00112,1.557,4.90155,1.95378,9.80E-04
N_ISE_A1,N_ISE,north,664,European Atlantic mixed forests,55.18999863,10.61617118,52.58565925,R21,R22,NA,2022,positive,dry,both,NA,0.29,4.5,0.27,4.73,4.6375,4.9425,0.63,7.14,0.39,7,7.3125,6.9825,1.73,5.64,1.48,223.42,1.54,5.64,1.66,247.2,1.53,10.49,1.45,0.42,1.87,10.49,1.82,0.33,1.86059,11.90714,1.80879,0.00093,1.83679,11.90714,1.97609,5.70E-04
N_ISE_A2,N_ISE,north,664,European Atlantic mixed forests,55.18999863,10.61617118,52.58565925,R22,R22,NA,2022,positive,dry,both,NA,0.33,5.04,0.37,5.38,4.6375,4.9425,0.32,7.16,0.45,7,7.3125,6.9825,1.86,9.6,1.37,279.49,1.72,9.6,1.97,245.26,1.42,11.32,1.27,0.52,1.73,11.32,1.62,0.48,2.18169,10.79376,1.91446,4.90E-04,1.79902,10.79376,1.98501,0.00093
N_ISE_A3,N_ISE,north,664,European Atlantic mixed forests,55.18999863,10.61617118,52.58565925,R22,R22,NA,2022,positive,dry,both,NA,0.28,4.36,0.2,4.89,4.6375,4.9425,0.56,7.49,0.48,6.93,7.3125,6.9825,1.74,5.64,1.52,221.46,1.64,5.64,1.67,246.85,1.24,12.18,1.31,0.43,1.96,12.18,1.76,0.4,1.97593,37.27973,1.36591,0.00218,2.21665,37.27973,1.86997,8.00E-04
N_ISE_A4,N_ISE,north,664,European Atlantic mixed forests,55.18999863,10.61617118,52.58565925,R21,R22,NA,2022,positive,dry,both,NA,0.23,4.65,0.24,4.77,4.6375,4.9425,0.67,7.46,0.45,7,7.3125,6.9825,1.23,5.64,1.77,209.41,1.57,5.64,1.62,243.09,1.32,10.49,1.85,0.4,1.84,10.49,1.83,0.36,2.23645,10.79376,1.71756,0.00135,1.71606,10.79376,1.94604,5.60E-04
N_JAS_A1,N_JAS,north,664,European Atlantic mixed forests,7.260000229,10.76861238,53.31423676,R21,R22,arable land,2023,restored,fresh,mowing,10,0.17,4.21,0.33,4.83,4.2875,4.92,0.76,6.9,0.5,6.95,7.3125,6.9425,1.53,7.72,1.52,229.76,1.51,7.72,1.7,240.29,1.79,11.16,1.45,0.37,1.83,11.16,1.92,0.44,1.76994,17.91084,1.42239,0.00108,1.73252,17.91084,1.84562,8.80E-04
N_JAS_A2,N_JAS,north,664,European Atlantic mixed forests,7.260000229,10.76861238,53.31423676,R21,R22,arable land,2023,restored,fresh,mowing,10,0.23,4.31,0.37,4.64,4.2875,4.92,0.46,7.55,0.34,7,7.3125,6.9425,1.67,10.3,1.66,222.87,1.68,10.3,1.84,233.77,1.35,8.37,1.39,0.49,1.67,8.37,1.67,0.48,1.50129,10.15553,1.72317,0.00251,1.83271,10.15553,1.79636,0.00139
N_JAS_A3,N_JAS,north,664,European Atlantic mixed forests,7.260000229,10.76861238,53.31423676,R22,R22,arable land,2023,restored,fresh,mowing,10,0.22,4.27,0.34,5,4.2875,4.92,0.5,7.46,0.36,7,7.3125,6.9425,1.66,10.3,1.71,211.83,1.55,10.3,1.8,248.16,1.47,13.76,1.47,0.44,1.77,13.76,1.63,0.51,1.59128,11.31968,1.67802,0.00371,1.8481,11.31968,1.93977,0.00233
N_JAS_A4,N_JAS,north,664,European Atlantic mixed forests,7.260000229,10.76861238,53.31423676,R22,R22,arable land,2023,restored,fresh,mowing,10,0.26,4.36,0.43,5.21,4.2875,4.92,0.45,7.34,0.54,6.82,7.3125,6.9425,1.55,10.89,1.79,237.72,1.55,10.89,1.69,254.68,1.48,13.76,1.72,0.58,1.73,13.76,1.85,0.46,1.70002,10.56214,1.80922,0.00177,1.99658,10.56214,1.91116,0.00197
N_KAP_A1,N_KAP,north,664,European Atlantic mixed forests,17.52000046,11.50973785,53.02310201,R,R22,arable land,2023,restored,fresh,mowing,7,0.19,5.01,0.46,5.53,5.3875,5.215,0.65,7.38,0.45,6.89,6.745,6.9725,1.3,5.64,1.45,256.02,1.42,5.64,1.69,263.09,1.4,9.96,1.75,0.53,1.45,9.96,1.74,0.5,1.25244,107.55081,1.4937,0.00183,1.97301,107.55081,1.6655,0.00168
N_KAP_A2,N_KAP,north,664,European Atlantic mixed forests,17.52000046,11.50973785,53.02310201,R22,R22,arable land,2023,restored,fresh,mowing,7,0.3,5.23,0.36,5.05,5.3875,5.215,0.64,6.64,0.56,7,6.745,6.9725,1.66,5.64,1.74,228.11,1.46,5.64,1.9,257.37,1.8,21.12,1.68,0.41,1.64,21.12,1.59,0.45,1.38909,14.49693,1.73554,0.00122,1.63948,14.49693,1.80843,8.80E-04
N_KAP_A3,N_KAP,north,664,European Atlantic mixed forests,17.52000046,11.50973785,53.02310201,R22,R22,arable land,2023,restored,fresh,mowing,7,0.39,5.8,0.43,5.22,5.3875,5.215,0.49,6.53,0.57,6.95,6.745,6.9725,2.13,5.64,1.7,256,1.51,5.64,1.9,259.86,1.47,43.6,1.34,0.38,1.74,43.6,1.55,0.44,2.16848,14.49693,1.52063,3.90E-04,1.78674,14.49693,1.97464,9.70E-04
N_KAP_A4,N_KAP,north,664,European Atlantic mixed forests,17.52000046,11.50973785,53.02310201,R22,R22,arable land,2023,restored,fresh,mowing,7,0.48,5.51,0.38,5.06,5.3875,5.215,0.49,6.43,0.55,7.05,6.745,6.9725,2.02,9.6,1.55,237.49,1.6,9.6,1.76,249.6,1.53,10.74,1.46,0.37,1.54,10.74,1.73,0.5,1.91426,107.55081,1.38156,5.70E-04,1.89492,107.55081,1.64833,0.00152
N_KIR_A1,N_KIR,north,664,European Atlantic mixed forests,1.429999948,10.16907367,53.42338413,R,R22,NA,2022,positive,moist,both,NA,0.45,6.35,0.49,5.88,5.165,5.82,0.67,6.99,0.63,6.86,7.1225,6.92,2.51,25.06,1.51,204.45,1.68,25.06,1.56,242.64,1.81,13.6,1.34,0.6,1.63,13.6,1.76,0.45,1.34004,107.55081,1.38721,9.10E-04,1.99731,107.55081,1.6911,0.00128
N_KIR_A2,N_KIR,north,664,European Atlantic mixed forests,1.429999948,10.16907367,53.42338413,R22,R22,NA,2022,positive,moist,both,NA,0.33,4.91,0.45,5.63,5.165,5.82,0.65,7.04,0.66,6.91,7.1225,6.92,1.49,5.64,1.43,230.59,1.43,5.64,1.82,254.71,1.38,5.74,1.39,0.48,1.5,5.74,1.93,0.44,1.8473,122.80795,1.60688,0.00263,2.14863,122.80795,1.71184,0.00116
N_KIR_A3,N_KIR,north,664,European Atlantic mixed forests,1.429999948,10.16907367,53.42338413,R22,R22,NA,2022,positive,moist,both,NA,0.45,4.94,0.58,6.12,5.165,5.82,0.6,7.22,0.41,7.05,7.1225,6.92,1.81,13.12,1.34,233.95,1.6,13.12,1.63,241.58,1.43,7.33,1.71,0.48,1.49,7.33,1.77,0.47,1.78941,107.55081,1.30485,0.00175,1.98707,107.55081,1.66656,0.00183
N_KIR_A4,N_KIR,north,664,European Atlantic mixed forests,1.429999948,10.16907367,53.42338413,R22,R22,NA,2022,positive,moist,both,NA,0.35,4.46,0.47,5.65,5.165,5.82,0.76,7.24,0.61,6.86,7.1225,6.92,1.36,7.31,1.43,205.91,1.47,7.31,1.74,250.26,1.26,5.11,1.49,0.42,1.46,5.11,1.92,0.45,1.57313,107.55081,1.38892,0.00336,2.02601,107.55081,1.66372,0.00175
N_KRI_A1,N_KRI,north,664,European Atlantic mixed forests,18.56999969,11.28477841,52.8908079,R,R,arable land,2022,restored,fresh,mowing,12,0.15,5.82,0.24,5.4,5.67,5.245,0.57,7.58,0.44,6.86,7.325,6.9625,1.2,10.3,1.62,245.82,1.83,10.3,2.16,234.04,1.32,9.85,1.3,0.43,2.09,9.85,2,0.27,1.33534,9.13686,1.75406,0.0018,2.20149,9.13686,1.76933,8.40E-04
N_KRI_A2,N_KRI,north,664,European Atlantic mixed forests,18.56999969,11.28477841,52.8908079,R,R,arable land,2022,restored,fresh,mowing,12,0.16,5.8,0.23,5.33,5.67,5.245,0.57,7.56,0.45,7,7.325,6.9625,1.49,10.3,1.25,228.23,1.74,10.3,1.99,236.76,1.56,9.85,1.68,0.39,2.16,9.85,1.99,0.29,1.39414,9.13686,1.33058,0.00184,2.1083,9.13686,1.67444,0.00093
N_KRI_A3,N_KRI,north,664,European Atlantic mixed forests,18.56999969,11.28477841,52.8908079,R,R,arable land,2022,restored,fresh,mowing,12,0.26,5.46,0.25,5.14,5.67,5.245,0.87,6.95,0.49,6.9,7.325,6.9625,1.47,10.3,1.32,217.19,1.7,10.3,1.69,231.64,1.76,9.85,1.53,0.32,1.89,9.85,2.09,0.35,2.11366,9.13686,1.43168,6.50E-04,1.89973,9.13686,1.6426,0.00102
N_KRI_A4,N_KRI,north,664,European Atlantic mixed forests,18.56999969,11.28477841,52.8908079,R,R,arable land,2022,restored,fresh,mowing,12,0.24,5.6,0.2,5.11,5.67,5.245,0.81,7.21,0.45,7.09,7.325,6.9625,1.47,10.3,1.51,227.88,1.53,10.3,1.57,240.58,1.72,20.12,1.39,0.36,2.32,20.12,1.89,0.34,1.93805,9.13686,1.48157,0.00093,1.97346,9.13686,1.64327,8.40E-04
N_LUB_A1,N_LUB,north,664,European Atlantic mixed forests,17.37000084,11.1899045,52.90165593,R,R,arable land,2023,restored,fresh,mowing,27,0.28,4.59,0.4,4.72,4.7625,5.075,0.66,6.74,0.51,6.95,6.8975,6.97,1.54,5.72,1.67,224.15,1.6,5.72,1.83,254.18,1.83,37.25,1.5,0.41,2.26,37.25,1.88,0.34,2.17939,15.96302,1.67031,0.00106,1.69676,15.96302,1.90012,6.60E-04
N_LUB_A2,N_LUB,north,664,European Atlantic mixed forests,17.37000084,11.1899045,52.90165593,R22,R,arable land,2023,restored,fresh,mowing,27,0.41,4.85,0.64,5.56,4.7625,5.075,0.31,6.8,0.42,6.83,6.8975,6.97,1.39,9.88,1.37,255.79,1.66,9.88,1.74,255.38,1.35,68.36,1.19,0.42,2.1,68.36,1.61,0.32,1.42436,162.29662,1.36245,0.00213,2.27831,162.29662,1.6195,0.00115
N_LUB_A3,N_LUB,north,664,European Atlantic mixed forests,17.37000084,11.1899045,52.90165593,R22,R,arable land,2023,restored,fresh,mowing,27,0.41,4.77,0.48,5.19,4.7625,5.075,0.44,7.14,0.47,7,6.8975,6.97,1.44,7.5,1.6,248.06,1.6,7.5,1.71,261.04,1.4,157.79,1.31,0.42,2.31,157.79,1.67,0.34,1.60376,16.28803,1.4645,8.60E-04,1.79333,16.28803,1.81794,6.80E-04
N_LUB_A4,N_LUB,north,664,European Atlantic mixed forests,17.37000084,11.1899045,52.90165593,R,R,arable land,2023,restored,fresh,mowing,27,0.18,4.84,0.28,4.83,4.7625,5.075,0.6,6.91,0.49,7.1,6.8975,6.97,1.57,4.7,1.28,234.38,1.5,4.7,1.75,247.99,2.16,22.74,1.75,0.44,2.12,22.74,1.82,0.38,1.86738,16.28803,1.36168,0.00121,1.84885,16.28803,1.87593,6.90E-04
N_MAU_A1,N_MAU,north,664,European Atlantic mixed forests,41.31999969,11.04525958,53.09223625,R22,R22,arable land,2023,restored,dry,mowing,4,0.14,4.17,0.29,4.64,4.175,4.535,0.46,7.34,0.56,6.93,7.1775,6.98,1.85,10.73,1.58,230.87,1.67,10.73,1.79,236.08,3.55,37.67,1.61,0.21,1.74,37.67,1.67,0.36,2.514,37.27973,1.39868,7.30E-04,2.28652,37.27973,1.8533,0.00156
N_MAU_A2,N_MAU,north,664,European Atlantic mixed forests,41.31999969,11.04525958,53.09223625,R,R22,arable land,2023,restored,dry,mowing,4,0.08,4.03,0.44,4.29,4.175,4.535,0.2,7.06,0.61,7.06,7.1775,6.98,1.85,5.64,1.61,226.58,1.51,5.64,1.77,243.38,3.54,37.54,1.48,0.13,2.09,37.54,2.02,0.27,1.42654,44.56815,1.61935,2.50E-04,1.9684,44.56815,1.75334,7.00E-04
N_MAU_A3,N_MAU,north,664,European Atlantic mixed forests,41.31999969,11.04525958,53.09223625,R22,R22,arable land,2023,restored,dry,mowing,4,0.16,4.17,0.4,4.44,4.175,4.535,0.33,7.15,0.63,7.05,7.1775,6.98,1.96,7.05,1.57,232.44,1.65,7.05,1.69,244.67,3.96,37.54,1.41,0.18,1.92,37.54,1.64,0.33,1.87947,37.27973,1.5219,3.60E-04,1.86279,37.27973,1.63471,6.40E-04
N_MAU_A4,N_MAU,north,664,European Atlantic mixed forests,41.31999969,11.04525958,53.09223625,R22,R22,arable land,2023,restored,dry,mowing,4,0.23,4.33,0.3,4.77,4.175,4.535,0.28,7.16,0.56,6.88,7.1775,6.98,1.87,10.73,1.6,285.17,1.6,10.73,1.77,245.98,2.38,37.67,1.62,0.29,1.9,37.67,1.74,0.35,1.86409,37.27973,1.50832,2.00E-04,2.13501,37.27973,1.81409,0.00121
N_MEC_A1,N_MEC,north,664,European Atlantic mixed forests,10.5,10.31390512,53.29404852,R,R,NA,2023,negative,fresh,mowing,NA,0.12,4.86,0.21,4.71,4.83,4.945,0.26,7.83,0.52,7,7.7875,7,1.12,3.56,1.54,261.34,1.45,3.56,2.09,241.42,1.09,16.47,1.51,0.52,2,16.47,1.95,0.39,1.05262,7.73759,1.51151,0.00201,1.89455,7.73759,1.96745,9.20E-04
N_MEC_A2,N_MEC,north,664,European Atlantic mixed forests,10.5,10.31390512,53.29404852,R,R,NA,2023,negative,fresh,mowing,NA,0.09,4.91,0.32,5.25,4.83,4.945,0.19,7.88,0.23,7,7.7875,7,1.09,5.04,1.3,261.22,1.44,5.04,1.83,260.51,1.05,9.94,1.2,0.53,1.91,9.94,1.63,0.43,1.03691,18.46227,1.38102,0.00199,1.96604,18.46227,1.68158,0.00112
N_MEC_A3,N_MEC,north,664,European Atlantic mixed forests,10.5,10.31390512,53.29404852,R,R,NA,2023,negative,fresh,mowing,NA,0.18,4.76,0.24,4.6,4.83,4.945,0.35,7.74,0.4,7.33,7.7875,7,1.17,3.4,1.23,266.55,1.4,3.4,1.84,276.82,1.08,16.47,1.6,0.53,1.82,16.47,1.59,0.49,1.07473,6.42177,1.26396,0.00204,1.81825,6.42177,1.88351,0.00103
N_MEC_A4,N_MEC,north,664,European Atlantic mixed forests,10.5,10.31390512,53.29404852,R,R,NA,2023,negative,fresh,mowing,NA,0.19,4.79,0.38,5.22,4.83,4.945,0.39,7.7,0.8,6.67,7.7875,7,1.18,5.04,1.52,266.32,1.52,5.04,1.94,262.51,1.09,5.9,1.45,0.53,1.68,5.9,2.09,0.44,1.08218,7.1532,1.20706,0.00202,1.68966,7.1532,1.74579,9.20E-04
N_MOO_A1,N_MOO,north,664,European Atlantic mixed forests,44.20000076,10.65701565,53.58911462,R22,R22,arable land,2023,restored,fresh,mowing,5,0.27,4.36,0.38,4.8,4.41,4.8175,0.76,7.14,0.49,7,7.1225,7.13,1.34,30.77,1.42,207.27,1.72,30.77,1.57,235.88,1.3,26.77,1.41,0.4,1.82,26.77,1.7,0.43,1.70744,18.46227,1.38019,0.00283,1.68523,18.46227,1.69489,9.50E-04
N_MOO_A2,N_MOO,north,664,European Atlantic mixed forests,44.20000076,10.65701565,53.58911462,R22,R22,arable land,2023,restored,fresh,mowing,5,0.27,4.39,0.34,5,4.41,4.8175,0.68,7.14,0.43,7.05,7.1225,7.13,1.48,11.18,1.72,212.03,1.65,11.18,1.7,239.99,1.47,28.82,1.24,0.4,2.04,28.82,1.79,0.44,1.68409,19.4507,1.62555,0.00192,1.86358,19.4507,1.69821,9.90E-04
N_MOO_A3,N_MOO,north,664,European Atlantic mixed forests,44.20000076,10.65701565,53.58911462,R22,R22,arable land,2023,restored,fresh,mowing,5,0.26,4.35,0.3,4.79,4.41,4.8175,0.76,7.09,0.55,7.18,7.1225,7.13,1.5,9.22,1.61,209.26,1.68,9.22,1.91,232.27,1.53,21.12,1.25,0.38,1.84,21.12,1.85,0.42,1.53662,16.61953,1.30709,0.00176,1.62012,16.61953,1.8055,8.20E-04
N_MOO_A4,N_MOO,north,664,European Atlantic mixed forests,44.20000076,10.65701565,53.58911462,R22,R22,arable land,2023,restored,fresh,mowing,5,0.31,4.54,0.41,4.68,4.41,4.8175,0.72,7.12,0.61,7.29,7.1225,7.13,1.56,11.18,1.55,219.76,1.63,11.18,1.85,235.08,1.47,12.43,1.46,0.4,1.7,12.43,1.96,0.45,1.71694,18.46227,1.38707,0.00195,1.83413,18.46227,1.73645,0.0014
N_NLG_A1,N_NLG,north,664,European Atlantic mixed forests,12.98999977,11.09491762,53.07630186,R,R35,arable land,2023,restored,moist,mowing,9,0.3,5.65,0.42,6,6.4025,6.26,0.51,6.75,0.56,6.75,6.92,6.89,1.63,5.04,1.52,266.03,1.39,5.04,1.66,261.76,1.53,16.04,1.68,0.49,1.76,16.04,1.76,0.49,1.98021,10.39223,1.80775,0.00175,1.81895,10.39223,2.04696,0.00111
N_NLG_A2,N_NLG,north,664,European Atlantic mixed forests,12.98999977,11.09491762,53.07630186,Qb,R35,arable land,2023,restored,moist,mowing,9,0.52,7.56,0.63,6.64,6.4025,6.26,0.66,7.1,0.6,6.91,6.92,6.89,2.25,27.13,1.41,189.11,1.79,27.13,1.63,242.81,1.52,7.72,1.81,1.02,1.58,7.72,1.81,0.69,1.67029,10.53338,1.53743,4.50E-04,1.60077,10.53338,1.89835,7.20E-04
N_NLG_A3,N_NLG,north,664,European Atlantic mixed forests,12.98999977,11.09491762,53.07630186,R35,R35,arable land,2023,restored,moist,mowing,9,0.26,6.27,0.42,6,6.4025,6.26,0.24,6.89,0.45,7,6.92,6.89,1.47,5.04,1.3,302.57,1.36,5.04,1.61,253.49,1.35,16.04,1.83,0.58,1.68,16.04,1.63,0.5,1.58518,10.39223,1.75117,6.90E-04,1.74317,10.39223,1.96157,0.00102
N_NLG_A4,N_NLG,north,664,European Atlantic mixed forests,12.98999977,11.09491762,53.07630186,R35,R35,arable land,2023,restored,moist,mowing,9,0.14,6.13,0.45,6.4,6.4025,6.26,0.25,6.94,0.49,6.9,6.92,6.89,1.47,3.72,1.3,303.78,1.32,3.72,1.63,262.74,1.3,14.29,1.25,0.59,1.64,14.29,1.69,0.52,1.55402,8.96083,1.72459,6.70E-04,1.79539,8.96083,1.91385,0.00112
N_OCH_A1,N_OCH,north,664,European Atlantic mixed forests,29.65999985,10.37203967,53.27486287,R,R,grassland,2023,restored,dry,mowing,5,0.47,2.61,0.46,3.77,3.95,4.045,0.67,8.38,0.62,7.44,7.7625,7.265,1.86,12.42,1.58,197.35,1.79,12.42,1.94,230.47,2.23,125.51,1.74,0.33,2.98,125.51,1.89,0.26,1.74037,34.39574,1.42754,2.00E-04,1.98139,34.39574,1.7986,3.30E-04
N_OCH_A2,N_OCH,north,664,European Atlantic mixed forests,29.65999985,10.37203967,53.27486287,R1P,R,grassland,2023,restored,dry,mowing,5,0.4,4.33,0.32,3.78,3.95,4.045,0.26,7.87,0.53,7.57,7.7625,7.265,1.31,6.01,1.61,253.05,1.53,6.01,1.81,246.35,3.02,81.34,1.68,0.42,2.82,81.34,1.86,0.23,1.53864,9.86731,1.3767,7.80E-04,1.5794,9.86731,1.83494,2.40E-04
N_OCH_A3,N_OCH,north,664,European Atlantic mixed forests,29.65999985,10.37203967,53.27486287,R,R,grassland,2023,restored,dry,mowing,5,0.21,4.86,0.52,4.27,3.95,4.045,0.51,7.65,0.73,7.13,7.7625,7.265,1.64,8.17,1.59,238.91,1.66,8.17,1.95,270.42,1.79,81.34,1.49,0.54,2.64,81.34,1.89,0.31,1.69254,56.25596,1.80914,4.50E-04,1.82619,56.25596,1.53405,3.30E-04
N_OCH_A4,N_OCH,north,664,European Atlantic mixed forests,29.65999985,10.37203967,53.27486287,R,R,grassland,2023,restored,dry,mowing,5,0.04,4,0.42,4.36,3.95,4.045,0.26,7.15,0.64,6.92,7.7625,7.265,1.06,6.38,1.65,267.96,1.67,6.38,1.88,238.87,1.32,81.34,1.57,0.68,2.57,81.34,1.85,0.33,1.2076,17.1281,1.72716,7.90E-04,2.21257,17.1281,1.87149,4.80E-04
N_OLE_A1,N_OLE,north,664,European Atlantic mixed forests,13.63000011,10.25770936,53.29191269,R,R,NA,2023,negative,fresh,mowing,NA,0.21,5.72,0.2,5,5.62,5.3125,0.15,7,0.36,7,7.02,6.875,1.38,3.72,1.85,314.78,1.46,3.72,2.14,276.82,1.55,9.15,1.72,0.55,1.87,9.15,1.78,0.39,1.43658,4.74411,1.74468,5.30E-04,1.70368,4.74411,1.83205,0.00141
N_OLE_A2,N_OLE,north,664,European Atlantic mixed forests,13.63000011,10.25770936,53.29191269,R,R,NA,2023,negative,fresh,mowing,NA,0.27,5.45,0.32,5.25,5.62,5.3125,0.36,7.09,0.45,7,7.02,6.875,1.45,3.72,1.33,290.55,1.41,3.72,1.89,274.91,2.09,9.15,1.83,0.42,1.78,9.15,1.95,0.4,1.6557,4.74411,1.36394,8.00E-04,1.74736,4.74411,1.77849,0.0013
N_OLE_A3,N_OLE,north,664,European Atlantic mixed forests,13.63000011,10.25770936,53.29191269,R,R,NA,2023,negative,fresh,mowing,NA,0.28,5.58,0.44,5.5,5.62,5.3125,0.19,6.98,0.4,6.88,7.02,6.875,1.41,3.72,1.87,305.97,1.42,3.72,1.94,273.52,1.99,9.94,1.7,0.47,1.72,9.94,1.59,0.48,1.52075,15.91931,1.61848,6.00E-04,2.1308,15.91931,1.84231,0.00141
N_OLE_A4,N_OLE,north,664,European Atlantic mixed forests,13.63000011,10.25770936,53.29191269,R,R,NA,2023,negative,fresh,mowing,NA,0.23,5.73,0.44,5.5,5.62,5.3125,0.14,7.01,0.56,6.62,7.02,6.875,1.31,5.04,1.59,317.22,1.56,5.04,2.02,264.28,1.84,9.15,1.72,0.51,1.84,9.15,1.95,0.39,1.31098,7.73759,1.58981,4.80E-04,2.04231,7.73759,1.90366,9.70E-04
N_PAN_A1,N_PAN,north,647,Baltic mixed forests,16.34000015,10.63384914,53.6617434,R22,R22,arable land,2023,restored,fresh,grazing,5,0.4,5.26,0.33,4.72,5.175,4.74,0.66,6.53,0.45,7.05,6.7875,7.1375,1.54,7.76,1.43,222.49,1.62,7.76,1.84,247.54,1.65,5.11,1.62,0.41,1.54,5.11,1.96,0.42,1.27274,19.19681,1.25633,0.00116,1.67494,19.19681,1.69265,9.70E-04
N_PAN_A2,N_PAN,north,647,Baltic mixed forests,16.34000015,10.63384914,53.6617434,R,R22,arable land,2023,restored,fresh,grazing,5,0.32,5.36,0.3,4.77,5.175,4.74,0.83,6.87,0.57,7.24,6.7875,7.1375,1.4,5.64,1.43,257.11,1.53,5.64,1.84,247.43,1.75,11.08,1.57,0.43,1.65,11.08,1.84,0.46,1.23238,37.27973,1.19433,9.50E-04,1.65916,37.27973,1.51824,0.00134
N_PAN_A3,N_PAN,north,647,Baltic mixed forests,16.34000015,10.63384914,53.6617434,R22,R22,arable land,2023,restored,fresh,grazing,5,0.4,4.95,0.36,4.71,5.175,4.74,0.83,7.01,0.54,7.11,6.7875,7.1375,1.62,5.64,1.42,229.94,1.54,5.64,1.82,240.06,1.54,11.08,1.6,0.42,1.56,11.08,1.86,0.45,1.52469,16.23608,1.35681,0.00158,1.62375,16.23608,1.65871,0.00113
N_PAN_A4,N_PAN,north,647,Baltic mixed forests,16.34000015,10.63384914,53.6617434,R22,R22,arable land,2023,restored,fresh,grazing,5,0.38,5.13,0.37,4.76,5.175,4.74,0.8,6.74,0.54,7.15,6.7875,7.1375,1.64,13.22,1.45,230.34,1.65,13.22,1.8,241.36,1.69,11.08,1.48,0.4,1.61,11.08,1.81,0.47,1.35899,12.341,1.48098,0.00136,1.59917,12.341,1.69003,0.00132
N_PEV_A1,N_PEV,north,664,European Atlantic mixed forests,16.52000046,11.46833565,53.06540809,R22,R22,grassland,2022,restored,dry,both,3,0.41,4.61,0.55,5.06,4.9975,5.015,0.12,7.01,0.63,7.05,6.9475,7.0925,1.75,9.88,1.38,292.17,1.62,9.88,1.8,242.31,1.22,14.46,1.33,0.43,1.88,14.46,1.93,0.4,2.05773,44.42389,1.6173,2.40E-04,1.93393,44.42389,1.81142,6.20E-04
N_PEV_A2,N_PEV,north,664,European Atlantic mixed forests,16.52000046,11.46833565,53.06540809,R22,R22,grassland,2022,restored,dry,both,3,0.23,5.04,0.64,4.74,4.9975,5.015,0.32,7.06,0.74,7.12,6.9475,7.0925,1.92,9.6,1.41,285.11,1.68,9.6,1.88,233.24,1.27,19.28,1.47,0.42,1.91,19.28,1.82,0.35,1.53342,25.75445,1.34213,1.50E-04,1.89096,25.75445,1.87921,6.70E-04
N_PEV_A3,N_PEV,north,664,European Atlantic mixed forests,16.52000046,11.46833565,53.06540809,R22,R22,grassland,2022,restored,dry,both,3,0.49,5.18,0.66,5.43,4.9975,5.015,0.43,6.69,0.46,7.15,6.9475,7.0925,2.06,25.06,1.6,235.27,1.83,25.06,1.79,223.16,1.68,104.92,1.58,0.37,1.93,104.92,1.69,0.46,2.05715,107.55081,1.60877,0.00107,1.98456,107.55081,1.69233,0.00124
N_PEV_A4,N_PEV,north,664,European Atlantic mixed forests,16.52000046,11.46833565,53.06540809,R22,R22,grassland,2022,restored,dry,both,3,0.38,5.16,0.39,4.83,4.9975,5.015,0.4,7.03,0.47,7.05,6.9475,7.0925,1.76,10.73,1.33,240.61,1.67,10.73,1.83,225.19,1.43,9.48,1.23,0.54,1.62,9.48,1.95,0.46,1.79384,25.75445,1.58112,5.60E-04,2.07128,25.75445,1.90976,0.00108
N_PFE_A1,N_PFE,north,664,European Atlantic mixed forests,11.53999996,10.24418938,53.30522848,R35,R,grassland,2023,restored,moist,mowing,NA,0.28,6.72,0.6,7,6.54,7.035,0.7,7.4,0.71,6.72,7.3675,6.6475,3.18,27.13,1.51,198.7,2.1,27.13,1.76,241.2,2.33,36.47,1.43,0.58,2.12,36.47,1.83,0.39,1.41564,7.1532,1.5846,9.00E-04,1.51186,7.1532,1.96986,9.20E-04
N_PFE_A2,N_PFE,north,664,European Atlantic mixed forests,11.53999996,10.24418938,53.30522848,R,R,grassland,2023,restored,moist,mowing,NA,0.4,6.55,0.54,7.17,6.54,7.035,0.62,7.48,0.79,6.62,7.3675,6.6475,1.35,27.13,1.21,266.14,2.04,27.13,1.55,254.32,1.16,12.12,1.44,0.47,1.71,12.12,1.87,0.46,1.36205,7.61328,1.65716,0.00161,1.57566,7.61328,1.89543,8.40E-04
N_PFE_A3,N_PFE,north,664,European Atlantic mixed forests,11.53999996,10.24418938,53.30522848,R,R,grassland,2023,restored,moist,mowing,NA,0.22,6.26,0.44,7.09,6.54,7.035,0.6,7.57,0.74,6.58,7.3675,6.6475,1.19,27.13,1.36,255.76,1.95,27.13,1.69,247.32,1.11,12.12,1.59,0.47,1.63,12.12,1.82,0.51,1.23605,6.16793,1.82573,0.00182,1.42723,6.16793,1.84946,8.90E-04
N_PFE_A4,N_PFE,north,664,European Atlantic mixed forests,11.53999996,10.24418938,53.30522848,R,R,grassland,2023,restored,moist,mowing,NA,0.35,6.63,0.64,6.88,6.54,7.035,0.79,7.02,0.67,6.67,7.3675,6.6475,1.49,27.13,1.47,264.51,1.99,27.13,1.57,254.99,1.36,13.6,1.64,0.5,1.78,13.6,1.87,0.46,1.71273,12.11899,1.58033,0.00109,1.76911,12.11899,1.95031,8.60E-04
N_RAD_A1,N_RAD,north,664,European Atlantic mixed forests,5.960000038,10.26511988,53.32796833,R,R,NA,2022,negative,moist,mowing,NA,0.32,6.49,0.69,6.91,7,6.6675,0.43,6.31,0.76,6.69,6.6075,6.5125,2.02,14.2,1.42,236.08,1.76,14.2,1.87,246.07,1.75,7.33,1.99,0.39,1.51,7.33,1.84,0.46,1.49133,23.04331,1.12733,9.90E-04,1.73587,23.04331,1.71143,0.00158
N_RAD_A2,N_RAD,north,664,European Atlantic mixed forests,5.960000038,10.26511988,53.32796833,Q53,R,NA,2022,negative,moist,mowing,NA,0.16,8.83,0.64,6.82,7,6.6675,0.13,6.92,0.7,6.45,6.6075,6.5125,1.51,14.2,1.59,149.67,1.78,14.2,2.01,246.49,1.21,8.23,1.49,0.84,1.62,8.23,1.88,0.44,1.07407,7.73759,1.50467,7.90E-04,1.61906,7.73759,1.99533,9.10E-04
N_RAD_A3,N_RAD,north,664,European Atlantic mixed forests,5.960000038,10.26511988,53.32796833,R,R,NA,2022,negative,moist,mowing,NA,0.24,6.3,0.58,6.76,7,6.6675,0.41,6.68,0.7,6.33,6.6075,6.5125,1.28,14.2,1.67,305.37,1.67,14.2,1.68,254.69,2.06,13.88,1.54,0.42,1.68,13.88,1.76,0.48,1.28832,78.95584,1.17648,4.70E-04,1.86581,78.95584,1.58849,0.00147
N_RAD_A4,N_RAD,north,664,European Atlantic mixed forests,5.960000038,10.26511988,53.32796833,R,R,NA,2022,negative,moist,mowing,NA,0.27,6.38,0.48,6.18,7,6.6675,0.59,6.52,0.88,6.58,6.6075,6.5125,1.27,27.13,1.38,292.56,1.92,27.13,1.68,240.65,1.86,36.47,1.41,0.33,1.9,36.47,1.68,0.39,1.42274,77.09859,1.44472,7.10E-04,2.1137,77.09859,1.51887,0.00177
N_RET_A1,N_RET,north,664,European Atlantic mixed forests,6.5,10.26463881,53.32578714,R22,R22,grassland,2022,restored,moist,mowing,3,0.46,5.31,0.3,5.33,5.09,5.7475,0.48,7.35,0.41,6.92,7.19,6.7825,1.83,5.41,1.32,277.13,1.54,5.41,1.69,242.99,1.58,10.02,1.44,0.48,2.04,10.02,1.92,0.31,2.31731,28.15501,1.30907,0.00151,2.14668,28.15501,1.69616,0.00169
N_RET_A2,N_RET,north,664,European Atlantic mixed forests,6.5,10.26463881,53.32578714,R22,R22,grassland,2022,restored,moist,mowing,3,0.29,4.34,0.61,5.91,5.09,5.7475,0.5,7.63,0.75,6.85,7.19,6.7825,1.57,24.26,1.45,213.34,1.8,24.26,1.48,226.08,1.24,13.6,1.51,0.42,1.71,13.6,1.79,0.44,1.63703,26.72425,1.4174,0.00361,1.7589,26.72425,1.64578,8.60E-04
N_RET_A3,N_RET,north,664,European Atlantic mixed forests,6.5,10.26463881,53.32578714,R,R22,grassland,2022,restored,moist,mowing,3,0.13,5.95,0.47,6.92,5.09,5.7475,0.45,6.35,0.63,6.36,7.19,6.7825,1.5,5.46,1.35,257.12,1.56,5.46,1.92,260.59,1.7,29.84,1.64,0.48,1.96,29.84,1.76,0.42,1.65532,23.04331,1.69209,0.00126,1.86244,23.04331,1.69537,0.00139
N_RET_A4,N_RET,north,664,European Atlantic mixed forests,6.5,10.26463881,53.32578714,R22,R22,grassland,2022,restored,moist,mowing,3,0.46,4.76,0.42,4.83,5.09,5.7475,0.57,7.43,0.68,7,7.19,6.7825,2.01,5.41,1.17,234.92,1.81,5.41,1.9,247.24,1.41,4.9,1.42,0.47,1.59,4.9,1.89,0.38,1.93538,56.25596,1.2049,0.00196,2.45438,56.25596,1.89299,0.00124
N_SCH_A1,N_SCH,north,664,European Atlantic mixed forests,16.27000046,11.42651666,53.03730674,R,R,NA,2022,positive,moist,mowing,NA,0.71,6.78,0.59,5.85,6.1925,6.0875,0.88,7.2,0.73,6.7,6.9975,6.765,1.57,15.09,1.58,262.46,1.56,15.09,1.68,249.79,1.52,15.15,1.46,0.45,1.97,15.15,1.95,0.36,1.88035,122.80795,1.44484,4.10E-04,1.75125,122.80795,1.56305,8.30E-04
N_SCH_A2,N_SCH,north,664,European Atlantic mixed forests,16.27000046,11.42651666,53.03730674,R,R,NA,2022,positive,moist,mowing,NA,0.89,6.13,0.67,6.18,6.1925,6.0875,1.08,6.96,0.75,6.67,6.9975,6.765,1.32,15.09,1.53,259.26,1.64,15.09,1.73,243.63,1.68,19,1.51,0.33,1.9,19,1.81,0.39,1.56867,16.55346,1.45308,2.50E-04,1.50962,16.55346,1.66581,5.80E-04
N_SCH_A3,N_SCH,north,664,European Atlantic mixed forests,16.27000046,11.42651666,53.03730674,R,R,NA,2022,positive,moist,mowing,NA,0.73,5.38,0.73,5.71,6.1925,6.0875,0.67,6.51,0.71,6.85,6.9975,6.765,1.33,13.41,1.38,248.83,1.69,13.41,1.8,241.98,1.62,75.27,1.2,0.33,2.07,75.27,1.67,0.32,1.45732,122.80795,1.49666,4.50E-04,1.82635,122.80795,1.60203,9.10E-04
N_SCH_A4,N_SCH,north,664,European Atlantic mixed forests,16.27000046,11.42651666,53.03730674,R,R,NA,2022,positive,moist,mowing,NA,0.9,6.48,0.8,6.61,6.1925,6.0875,0.79,7.32,0.66,6.84,6.9975,6.765,1.4,15.09,1.39,256.04,1.64,15.09,1.7,245.34,1.7,130.98,1.39,0.28,2.1,130.98,1.67,0.36,1.7232,128.57767,1.27789,3.70E-04,1.83994,128.57767,1.55665,8.80E-04
N_SMG_A1,N_SMG,north,664,European Atlantic mixed forests,53.02999878,10.55267673,52.53846878,R,R,NA,2022,negative,fresh,mowing,NA,0.35,6.46,0.45,5.6,5.9225,5.4175,0.44,6.59,0.45,6.5,6.7425,6.6475,1.46,11.84,1.28,275.33,1.89,11.84,1.7,294.45,1.13,7.27,1.04,0.7,1.56,7.27,1.23,0.58,1.8958,9.67462,1.26796,6.50E-04,1.90076,9.67462,1.9971,0.00113
N_SMG_A2,N_SMG,north,664,European Atlantic mixed forests,53.02999878,10.55267673,52.53846878,R,R,NA,2022,negative,fresh,mowing,NA,0.28,5.37,0.39,5.43,5.9225,5.4175,0.15,6.91,0.43,6.6,6.7425,6.6475,1.23,13.33,1.03,255.89,1.76,13.33,1.79,290.67,1.14,7.27,1.32,0.7,1.57,7.27,1.69,0.53,1.72292,6.67183,1.29379,9.60E-04,1.69738,6.67183,2.00564,0.00137
N_SMG_A3,N_SMG,north,664,European Atlantic mixed forests,53.02999878,10.55267673,52.53846878,R,R,NA,2022,negative,fresh,mowing,NA,0.4,6.11,0.39,5.14,5.9225,5.4175,0.44,6.56,0.31,6.78,6.7425,6.6475,1.28,3.72,1.28,300.87,1.43,3.72,1.88,268.08,1.04,12.18,1.19,0.66,1.74,12.18,1.53,0.5,1.2716,8.15184,1.23419,3.00E-04,1.89364,8.15184,1.9587,9.40E-04
N_SMG_A4,N_SMG,north,664,European Atlantic mixed forests,53.02999878,10.55267673,52.53846878,R,R,NA,2022,negative,fresh,mowing,NA,0.26,5.75,0.34,5.5,5.9225,5.4175,0.15,6.91,0.37,6.71,6.7425,6.6475,1.43,3.72,1.11,303.73,1.48,3.72,2.2,265.5,1.03,11.32,1.25,0.67,1.87,11.32,1.69,0.48,1.1409,6.67183,1.07256,3.80E-04,1.77984,6.67183,2.00123,8.60E-04
N_STA_A1,N_STA,north,664,European Atlantic mixed forests,9.430000305,10.95623026,53.23560299,R21,R22,arable land,2023,restored,fresh,mowing,17,0.37,4.54,0.34,4.91,5.15,5.09,0.23,7.86,0.68,7.25,7.845,7.0275,1.5,9.22,1.46,209.31,1.92,9.22,2,229.35,1.29,10.07,1.5,0.41,2.03,10.07,1.8,0.33,1.49739,11.21063,1.53572,0.00343,1.84927,11.21063,2.05253,7.00E-04
N_STA_A2,N_STA,north,664,European Atlantic mixed forests,9.430000305,10.95623026,53.23560299,R22,R22,arable land,2023,restored,fresh,mowing,17,0.72,5.44,0.37,5.08,5.15,5.09,0.23,7.86,0.51,6.92,7.845,7.0275,1.21,6.2,1.44,191.74,1.6,6.2,1.77,246.43,1.35,7.95,1.57,0.48,1.86,7.95,1.89,0.36,1.37022,118.64473,1.41576,0.00347,2.50335,118.64473,1.81412,0.00174
N_STA_A3,N_STA,north,664,European Atlantic mixed forests,9.430000305,10.95623026,53.23560299,R22,R22,arable land,2023,restored,fresh,mowing,17,0.57,4.76,0.39,5.14,5.15,5.09,0.07,7.96,0.66,7.14,7.845,7.0275,1.1,4.97,1.25,191.13,1.73,4.97,1.81,235.01,1.21,7.69,1.51,0.47,1.95,7.69,1.79,0.31,1.21222,10.39223,1.51716,0.00485,2.03553,10.39223,1.9985,0.00114
N_STA_A4,N_STA,north,664,European Atlantic mixed forests,9.430000305,10.95623026,53.23560299,R,R22,arable land,2023,restored,fresh,mowing,17,0.65,5.86,0.4,5.23,5.15,5.09,0.45,7.7,0.6,6.8,7.845,7.0275,1.37,7.68,1.59,195.54,1.53,7.68,1.85,237.98,1.39,10.07,1.4,0.5,1.84,10.07,1.8,0.4,1.43992,118.64473,1.43278,0.0035,2.36816,118.64473,1.7562,0.00242
N_STE_A1,N_STE,north,664,European Atlantic mixed forests,4.570000172,9.644420627,54.37676893,R,R,NA,2022,positive,moist,both,NA,0.47,7.41,0.57,6.94,7.2175,6.87,0.86,7.1,0.87,7.17,6.755,6.9475,1.38,27.13,1.21,276.83,1.8,27.13,1.63,256.6,1.34,16.04,1.2,0.47,1.71,16.04,1.79,0.49,2.17753,42.56822,1.32166,6.70E-04,1.78696,42.56822,1.70914,7.00E-04
N_STE_A2,N_STE,north,664,European Atlantic mixed forests,4.570000172,9.644420627,54.37676893,R,R,NA,2022,positive,moist,both,NA,0.47,7.4,0.57,7,7.2175,6.87,1.02,7.26,1.03,6.88,6.755,6.9475,1.39,28.32,1.28,277.36,1.87,28.32,1.7,259.94,1.46,13.6,1.26,0.48,1.69,13.6,1.76,0.45,2.00364,12.32496,1.17038,4.20E-04,1.78449,12.32496,1.91158,4.80E-04
N_STE_A3,N_STE,north,664,European Atlantic mixed forests,4.570000172,9.644420627,54.37676893,R,R,NA,2022,positive,moist,both,NA,0.17,6.98,0.51,7,7.2175,6.87,0.53,6.4,0.62,7.31,6.755,6.9475,1.3,3.03,1.75,295.56,1.38,3.03,1.86,282.02,1.31,27.24,1.45,0.58,1.59,27.24,1.48,0.5,1.8164,39.58492,1.81828,4.50E-04,1.94387,39.58492,1.79009,8.30E-04
N_STE_A4,N_STE,north,664,European Atlantic mixed forests,4.570000172,9.644420627,54.37676893,R,R,NA,2022,positive,moist,both,NA,0.17,7.08,0.61,6.54,7.2175,6.87,0.38,6.26,0.9,6.43,6.755,6.9475,1.38,27.13,1.25,287.94,1.88,27.13,1.6,257.83,1.34,23.1,1.3,0.56,1.84,23.1,1.75,0.44,2.18475,26.72425,1.68527,6.40E-04,1.82021,26.72425,1.70747,8.80E-04
N_TAN_A1,N_TAN,north,664,European Atlantic mixed forests,33.97999954,10.88157921,53.18174904,R,R,grassland,2023,restored,fresh,grazing,3,0.36,5.32,0.5,5.79,6.22,6.2525,0.71,7.04,0.71,6.67,6.88,6.7575,1.69,25.43,1.33,250.1,1.76,25.43,1.63,240.55,1.81,23.1,1.54,0.41,1.85,23.1,1.87,0.4,1.55151,26.72425,1.36049,0.00121,1.82171,26.72425,1.76671,0.00138
N_TAN_A2,N_TAN,north,664,European Atlantic mixed forests,33.97999954,10.88157921,53.18174904,R,R,grassland,2023,restored,fresh,grazing,3,0.32,6.17,0.52,6.05,6.22,6.2525,0.58,6.45,0.65,6.75,6.88,6.7575,1.28,25.43,1.5,251.72,1.97,25.43,1.66,230,1.35,23.1,1.52,0.55,1.81,23.1,1.92,0.45,1.55849,10.39223,1.32484,0.00131,1.62407,10.39223,1.77737,0.00117
N_TAN_A3,N_TAN,north,664,European Atlantic mixed forests,33.97999954,10.88157921,53.18174904,R35,R,grassland,2023,restored,fresh,grazing,3,0.32,7.08,0.6,6.94,6.22,6.2525,0.81,7,0.59,6.78,6.88,6.7575,1.79,25.43,1.55,215.52,2.05,25.43,1.81,228.85,1.47,23.1,1.5,0.58,2.03,23.1,1.75,0.52,1.83748,21.52993,1.59127,9.60E-04,1.80515,21.52993,1.72058,0.00103
N_TAN_A4,N_TAN,north,664,European Atlantic mixed forests,33.97999954,10.88157921,53.18174904,R,R,grassland,2023,restored,fresh,grazing,3,0.42,6.31,0.52,6.23,6.22,6.2525,0.51,7.03,0.69,6.83,6.88,6.7575,1.91,38.53,1.42,259.26,1.92,38.53,1.6,250.52,1.76,23.1,1.38,0.54,2.01,23.1,1.84,0.44,1.62065,23.04331,1.40551,0.00109,1.57577,23.04331,1.52643,0.00134
N_TAS_A1,N_TAS,north,664,European Atlantic mixed forests,55.84000015,10.8822017,53.14036873,R21,R21,arable land,2023,restored,fresh,grazing,6,0.23,4.69,0.25,5,4.62,5.04,0.49,7.55,0.54,7,7.515,6.9875,1.38,4.34,1.52,242.48,1.59,4.34,1.58,250.16,1.38,10.49,1.22,0.5,2.11,10.49,1.97,0.33,1.31344,7.675,1.45767,0.002,1.7649,7.675,2.11861,7.10E-04
N_TAS_A2,N_TAS,north,664,European Atlantic mixed forests,55.84000015,10.8822017,53.14036873,R21,R21,arable land,2023,restored,fresh,grazing,6,0.2,4.26,0.28,5.1,4.62,5.04,0.41,7.69,0.45,7,7.515,6.9875,1.62,4.34,1.53,223.81,1.53,4.34,1.73,247.12,1.2,10.49,1.34,0.45,2.02,10.49,1.85,0.35,1.35129,7.675,1.42411,0.00357,1.69814,7.675,1.95584,8.10E-04
N_TAS_A3,N_TAS,north,664,European Atlantic mixed forests,55.84000015,10.8822017,53.14036873,R21,R21,arable land,2023,restored,fresh,grazing,6,0.2,4.8,0.48,4.88,4.62,5.04,0.51,7.4,0.67,7.1,7.515,6.9875,1.37,4.16,1.51,234.83,1.5,4.16,1.85,239.6,1.43,17.19,1.33,0.54,2.44,17.19,1.99,0.31,1.44107,7.675,1.65383,0.00162,1.80317,7.675,1.938,6.10E-04
N_TAS_A4,N_TAS,north,664,European Atlantic mixed forests,55.84000015,10.8822017,53.14036873,R21,R21,arable land,2023,restored,fresh,grazing,6,0.3,4.73,0.32,5.18,4.62,5.04,0.5,7.42,0.47,6.85,7.515,6.9875,1.49,5.41,1.39,232.8,1.59,5.41,1.84,252.81,1.46,28.82,1.42,0.53,2.42,28.82,1.84,0.37,1.65419,11.21063,1.42082,0.00176,1.85052,11.21063,2.05088,4.50E-04
N_TRI_A1,N_TRI,north,664,European Atlantic mixed forests,11.5,11.0939351,53.15897651,R,R22,NA,2023,negative,fresh,mowing,NA,0.24,5.63,0.37,5.6,5.055,5.67,0.32,6.21,0.74,6.71,6.8775,6.805,1.2,5.38,1.13,237.72,1.41,5.38,1.76,245.14,1.5,84.57,1.06,0.53,2.87,84.57,1.67,0.32,1.5767,7.73759,1.50349,0.0019,1.72206,7.73759,1.81925,0.00158
N_TRI_A2,N_TRI,north,664,European Atlantic mixed forests,11.5,11.0939351,53.15897651,R,R22,NA,2023,negative,fresh,mowing,NA,0.37,5.51,0.55,5.89,5.055,5.67,0.37,6.22,0.98,6.71,6.8775,6.805,1.23,6.57,1.45,219.12,1.48,6.57,1.7,236.63,1.46,84.57,1.38,0.41,2.17,84.57,1.73,0.33,1.54523,11.77778,1.59471,0.00364,1.86193,11.77778,1.91979,0.0015
N_TRI_A3,N_TRI,north,664,European Atlantic mixed forests,11.5,11.0939351,53.15897651,R22,R22,NA,2023,negative,fresh,mowing,NA,0.42,4.83,0.29,5.46,5.055,5.67,0.72,7.28,0.85,6.88,6.8775,6.805,1.42,9.84,1.59,210.97,1.7,9.84,1.87,249.83,1.35,108.69,1.38,0.47,2.4,108.69,1.67,0.36,1.56371,44.56815,1.38397,0.00326,1.97915,44.56815,1.77332,0.00149
N_TRI_A4,N_TRI,north,664,European Atlantic mixed forests,11.5,11.0939351,53.15897651,R22,R22,NA,2023,negative,fresh,mowing,NA,0.22,4.25,0.29,5.73,5.055,5.67,0.31,7.8,0.51,6.92,6.8775,6.805,1.19,9.75,1.35,200.54,1.66,9.75,1.87,235.74,1.08,7.66,1.6,0.44,1.52,7.66,1.8,0.47,1.20008,128.57767,1.31945,0.00512,2.45867,128.57767,1.81811,0.00339
N_TUT_A1,N_TUT,north,664,European Atlantic mixed forests,78.54000092,9.934592759,53.11325527,R22,R22,arable land,2022,restored,dry,grazing,3,0.17,5.14,0.29,4.64,4.9875,4.7475,0.45,7.42,0.56,6.93,7.395,7.02,1.99,9.6,1.59,273.24,1.61,9.6,1.95,251.92,1.17,11.3,1.55,0.46,2.08,11.3,1.78,0.29,1.45122,34.39574,1.33211,1.60E-04,1.94705,34.39574,1.84103,4.60E-04
N_TUT_A2,N_TUT,north,664,European Atlantic mixed forests,78.54000092,9.934592759,53.11325527,R22,R22,arable land,2022,restored,dry,grazing,3,0.3,5.48,0.35,4.78,4.9875,4.7475,0.41,7.29,0.62,7.1,7.395,7.02,1.82,9.6,1.68,270.79,1.58,9.6,1.9,248.43,1.91,125.51,1.53,0.58,2.36,125.51,1.71,0.31,1.45122,16.28803,1.50956,2.30E-04,1.78106,16.28803,1.9563,3.90E-04
N_TUT_A3,N_TUT,north,664,European Atlantic mixed forests,78.54000092,9.934592759,53.11325527,R22,R22,arable land,2022,restored,dry,grazing,3,0.41,4.77,0.39,4.74,4.9875,4.7475,0.4,7.22,0.47,7.05,7.395,7.02,1.48,6.5,1.53,274.69,1.49,6.5,1.82,252.32,1.53,125.51,1.38,0.43,2.26,125.51,1.66,0.35,1.66947,162.29662,1.35376,8.30E-04,2.06742,162.29662,1.63846,6.10E-04
N_TUT_A4,N_TUT,north,664,European Atlantic mixed forests,78.54000092,9.934592759,53.11325527,R,R22,arable land,2022,restored,dry,grazing,3,0.29,4.56,0.35,4.83,4.9875,4.7475,0.43,7.65,0.45,7,7.395,7.02,1.39,9.6,1.57,278.87,1.52,9.6,1.65,254.01,1.62,47.23,1.16,0.37,2.13,47.23,1.77,0.26,1.37728,5.87061,1.54707,5.10E-04,1.41437,5.87061,1.88313,4.00E-04
N_UET_A1,N_UET,north,664,European Atlantic mixed forests,17.61000061,9.718224004,53.62918256,R,R,NA,2022,negative,fresh,both,NA,0.3,5.56,0.35,5.38,5.0625,5.1225,0.49,6.71,0.56,6.93,7.035,6.9675,1.71,29.67,1.22,275.4,1.77,29.67,1.77,265.4,1.93,15.66,1.68,0.41,2.08,15.66,1.84,0.33,1.95762,8.15184,1.43057,9.00E-04,1.87657,8.15184,2.19165,9.00E-04
N_UET_A2,N_UET,north,664,European Atlantic mixed forests,17.61000061,9.718224004,53.62918256,R,R,NA,2022,negative,fresh,both,NA,0.17,4.94,0.25,5,5.0625,5.1225,0.75,7.11,0.63,7.06,7.035,6.9675,1.64,19.4,1.38,242.66,1.66,19.4,1.58,267.51,1.75,9.85,1.45,0.4,1.91,9.85,1.96,0.32,2.09513,28.15501,1.3814,0.00136,1.87,28.15501,1.72553,0.00093
N_UET_A3,N_UET,north,664,European Atlantic mixed forests,17.61000061,9.718224004,53.62918256,R,R,NA,2022,negative,fresh,both,NA,0.33,4.88,0.37,5.28,5.0625,5.1225,0.33,7.16,0.51,6.95,7.035,6.9675,1.32,18.52,1.33,273.45,1.55,18.52,1.67,264.16,1.79,10.7,1.27,0.4,2.09,10.7,1.83,0.34,1.59072,30.7896,1.32627,0.00116,1.95749,30.7896,1.85326,8.30E-04
N_UET_A4,N_UET,north,664,European Atlantic mixed forests,17.61000061,9.718224004,53.62918256,R,R,NA,2022,negative,fresh,both,NA,0.12,4.87,0.28,4.83,5.0625,5.1225,0.42,7.16,0.56,6.93,7.035,6.9675,1.39,19.4,1.05,262.41,1.6,19.4,1.47,261.22,2.3,9.42,1.47,0.25,1.8,9.42,1.89,0.3,1.56661,8.15184,1.52636,7.30E-04,1.7197,8.15184,1.89801,8.80E-04
N_VIE_A1,N_VIE,north,664,European Atlantic mixed forests,8.069999695,10.66972437,53.36600443,R22,R22,NA,2022,positive,dry,mowing,NA,0.14,3.95,0.4,4.38,3.9475,4.2875,0.47,7.43,0.55,7.14,7.3775,6.9675,1.65,6.07,1.56,224.56,1.77,6.07,1.85,239.68,1.23,18.89,1.06,0.4,1.81,18.89,1.8,0.31,2.41948,24.29813,1.5955,0.00243,1.99806,24.29813,1.87061,6.70E-04
N_VIE_A2,N_VIE,north,664,European Atlantic mixed forests,8.069999695,10.66972437,53.36600443,R22,R22,NA,2022,positive,dry,mowing,NA,0.11,3.93,0.34,4.15,3.9475,4.2875,0.5,7.45,0.75,6.94,7.3775,6.9675,1.73,27.29,1.61,225.37,1.9,27.29,1.77,218.82,1.31,7.89,1.45,0.37,1.72,7.89,1.9,0.34,2.43435,107.55081,1.52748,0.00267,2.20091,107.55081,1.78482,0.00194
N_VIE_A3,N_VIE,north,664,European Atlantic mixed forests,8.069999695,10.66972437,53.36600443,R21,R22,NA,2022,positive,dry,mowing,NA,0.13,3.92,0.38,4.29,3.9475,4.2875,0.51,7.46,0.79,6.79,7.3775,6.9675,1.82,14.79,1.35,227.68,1.81,14.79,1.84,221.04,1.37,7.02,1.48,0.36,1.61,7.02,2.1,0.32,2.37249,16.42974,1.39108,0.0019,1.84776,16.42974,1.83943,0.0013
N_VIE_A4,N_VIE,north,664,European Atlantic mixed forests,8.069999695,10.66972437,53.36600443,R21,R22,NA,2022,positive,dry,mowing,NA,0.46,3.99,0.41,4.33,3.9475,4.2875,0.63,7.17,0.8,7,7.3775,6.9675,2.45,27.29,1.28,240.1,2.1,27.29,1.76,231.81,1.54,7.02,1.43,0.32,1.64,7.02,2,0.31,1.99823,22.78945,1.23537,3.40E-04,1.82999,22.78945,1.93982,8.00E-04
N_VOG_A1,N_VOG,north,664,European Atlantic mixed forests,13.77999973,10.33981105,53.28352764,R,R,arable land,2023,restored,moist,mowing,5,0.09,5.98,0.67,6.55,5.9575,6.1425,0.23,6.95,0.53,6.77,7.0025,6.82,1.44,24.26,1.24,311.06,2.03,24.26,1.8,230.65,1.24,25.31,1.57,0.62,2.01,25.31,1.62,0.52,1.3854,6.79254,1.63304,5.00E-04,1.54027,6.79254,1.98312,9.20E-04
N_VOG_A2,N_VOG,north,664,European Atlantic mixed forests,13.77999973,10.33981105,53.28352764,R,R,arable land,2023,restored,moist,mowing,5,0.02,6,0.49,6.22,5.9575,6.1425,0.08,6.98,0.49,6.9,7.0025,6.82,1.15,6.56,1.41,330.83,1.58,6.56,1.57,281.51,1.15,5.94,1.67,0.64,1.6,5.94,1.74,0.51,1.24885,5.5381,1.60544,4.40E-04,1.59052,5.5381,2.15234,0.00123
N_VOG_A3,N_VOG,north,664,European Atlantic mixed forests,13.77999973,10.33981105,53.28352764,R,R,arable land,2023,restored,moist,mowing,5,0.13,5.89,0.34,6,5.9575,6.1425,0.17,7.06,0.47,6.78,7.0025,6.82,1.51,8.91,1.13,302.98,1.63,8.91,1.92,257.12,1.13,6.13,1.23,0.68,1.39,6.13,1.58,0.63,1.61389,22.215,1.28824,6.10E-04,2.24301,22.215,2.00702,8.50E-04
N_VOG_A4,N_VOG,north,664,European Atlantic mixed forests,13.77999973,10.33981105,53.28352764,R,R,arable land,2023,restored,moist,mowing,5,0.04,5.96,0.33,5.8,5.9575,6.1425,0.07,7.02,0.5,6.83,7.0025,6.82,1.14,2.78,1.45,331.52,1.43,2.78,1.71,281.35,1.03,3.25,1.46,0.67,1.34,3.25,1.77,0.59,1.144,5.1789,1.74973,3.90E-04,1.71496,5.1789,2.21857,0.00104
N_WAL_A1,N_WAL,north,664,European Atlantic mixed forests,7.599999905,10.32606436,53.30616173,R,R,grassland,2023,restored,moist,mowing,8,0.51,7.01,0.56,6.7,6.345,6.2425,0.4,6.75,0.38,6.96,6.8375,6.97,1.64,8.73,1.43,260.48,1.44,8.73,1.66,261.87,1.31,11.16,1.57,0.7,1.51,11.16,1.76,0.62,1.52561,114.20122,1.51761,8.20E-04,2.09066,114.20122,1.73316,0.00191
N_WAL_A2,N_WAL,north,664,European Atlantic mixed forests,7.599999905,10.32606436,53.30616173,R35,R,grassland,2023,restored,moist,mowing,8,0.68,7.41,0.53,6.44,6.345,6.2425,0.3,6.93,0.4,7,6.8375,6.97,1.93,8.73,1.59,231.15,1.43,8.73,1.69,252.54,1.26,14.29,1.44,0.7,1.56,14.29,1.77,0.6,1.52999,92.77003,1.30823,0.00108,2.23434,92.77003,1.72617,0.00224
N_WAL_A3,N_WAL,north,664,European Atlantic mixed forests,7.599999905,10.32606436,53.30616173,R,R,grassland,2023,restored,moist,mowing,8,0.4,6.47,0.55,6.58,6.345,6.2425,0.6,6.68,0.6,6.79,6.8375,6.97,1.41,240.65,1.29,258.46,1.68,240.65,1.36,243.21,1.26,27.06,1.45,0.62,1.73,27.06,1.75,0.52,1.59428,202.46531,1.59147,8.10E-04,2.1455,202.46531,1.69275,0.00143
N_WAL_A4,N_WAL,north,664,European Atlantic mixed forests,7.599999905,10.32606436,53.30616173,V15,R,grassland,2023,restored,moist,mowing,8,0.29,4.49,0.43,5.25,6.345,6.2425,0.34,6.99,0.56,7.13,6.8375,6.97,1.48,7.67,1.33,252.6,1.5,7.67,1.84,276.31,1.85,157.79,1.19,0.46,2.61,157.79,1.72,0.35,1.43965,124.92835,1.5527,0.00335,2.5207,124.92835,1.80202,0.0011
N_WEN_A1,N_WEN,north,664,European Atlantic mixed forests,41.61000061,10.2886445,53.50726174,R22,R22,grassland,2022,restored,dry,grazing,5,0.13,4.14,0.37,4.9,4.4475,5.045,0.49,7.58,0.68,6.83,7.555,6.9225,1.39,7.78,1.62,212.44,1.55,7.78,1.76,259.13,1.34,8.72,1.54,0.38,1.59,8.72,1.96,0.36,1.74133,44.56815,1.29531,0.00266,2.05508,44.56815,1.73914,0.00119
N_WEN_A2,N_WEN,north,664,European Atlantic mixed forests,41.61000061,10.2886445,53.50726174,R22,R22,grassland,2022,restored,dry,grazing,5,0.42,4.67,0.36,5.05,4.4475,5.045,0.57,7.41,0.52,7,7.555,6.9225,1.78,24.06,1.48,227.71,1.7,24.06,1.6,239.75,1.36,22.01,1.45,0.43,1.9,22.01,1.81,0.38,1.8918,44.56815,1.29052,0.00191,1.70447,44.56815,1.64502,8.00E-04
N_WEN_A3,N_WEN,north,664,European Atlantic mixed forests,41.61000061,10.2886445,53.50726174,R22,R22,grassland,2022,restored,dry,grazing,5,0.47,4.75,0.36,4.92,4.4475,5.045,0.54,7.49,0.56,6.93,7.555,6.9225,1.71,5.17,1.48,229.95,1.41,5.17,1.85,260.19,1.34,10.39,1.43,0.44,1.81,10.39,1.87,0.37,1.83427,28.15501,1.27448,0.00265,1.84016,28.15501,1.65702,9.80E-04
N_WEN_A4,N_WEN,north,664,European Atlantic mixed forests,41.61000061,10.2886445,53.50726174,R22,R22,grassland,2022,restored,dry,grazing,5,0.2,4.23,0.43,5.31,4.4475,5.045,0.37,7.74,0.6,6.93,7.555,6.9225,1.42,5.17,1.58,209.73,1.57,5.17,1.69,258.5,1.18,9.65,1.26,0.45,1.93,9.65,1.59,0.4,1.43194,26.72425,1.3264,0.00422,1.92777,26.72425,1.6338,8.80E-04
N_WER_A1,N_WER,north,664,European Atlantic mixed forests,15.68999958,11.44244748,53.03215809,R,R,NA,2023,positive,moist,mowing,NA,0.26,5.9,0.64,6.09,6.49,6.7275,0.62,6.72,0.81,6.75,6.6725,6.7625,1.55,8.55,1.55,269.8,1.49,8.55,1.69,253.39,1.54,11.32,1.41,0.5,1.64,11.32,1.78,0.41,1.71945,122.80795,1.65669,9.40E-04,2.16958,122.80795,1.71952,0.00145
N_WER_A2,N_WER,north,664,European Atlantic mixed forests,15.68999958,11.44244748,53.03215809,R,R,NA,2023,positive,moist,mowing,NA,0.47,6.82,0.6,7.25,6.49,6.7275,0.76,6.51,0.87,6.7,6.6725,6.7625,1.38,15.09,1.45,256.64,1.72,15.09,1.69,241.18,1.5,29.53,1.48,0.51,1.7,29.53,1.66,0.5,1.79664,122.80795,1.37177,8.10E-04,2.15585,122.80795,1.57649,0.00119
N_WER_A3,N_WER,north,664,European Atlantic mixed forests,15.68999958,11.44244748,53.03215809,R,R,NA,2023,positive,moist,mowing,NA,0.64,6.87,0.66,6.83,6.49,6.7275,0.97,6.93,0.75,6.9,6.6725,6.7625,1.23,11.29,1.53,255.05,1.58,11.29,1.74,248.15,1.51,11.32,1.4,0.49,1.68,11.32,1.75,0.42,1.98405,122.80795,1.54698,5.90E-04,1.86747,122.80795,1.52974,8.50E-04
N_WER_A4,N_WER,north,664,European Atlantic mixed forests,15.68999958,11.44244748,53.03215809,R,R,NA,2023,positive,moist,mowing,NA,0.4,6.37,0.66,6.74,6.49,6.7275,0.68,6.53,0.74,6.7,6.6725,6.7625,1.39,15.09,1.57,259.89,1.73,15.09,1.84,232.65,1.51,17.69,1.57,0.47,1.82,17.69,1.84,0.43,1.97718,128.57767,1.56608,7.60E-04,2.2248,128.57767,1.71755,8.70E-04
N_WIZ_A1,N_WIZ,north,664,European Atlantic mixed forests,12.97999954,10.62512681,53.45419964,R22,R22,NA,2023,positive,dry,NA,NA,0.32,4.44,0.35,4.15,4.2025,4.2675,0.49,7.68,0.63,7.04,7.305,7.035,1.61,7.65,1.61,237.56,1.67,7.65,1.95,240.93,2.03,37.25,1.56,0.57,1.92,37.25,1.62,0.35,1.97614,24.50061,1.662,7.80E-04,2.15438,24.50061,1.9734,7.70E-04
N_WIZ_A2,N_WIZ,north,664,European Atlantic mixed forests,12.97999954,10.62512681,53.45419964,R,R22,NA,2023,positive,dry,NA,NA,0.1,3.94,0.31,4.19,4.2025,4.2675,0.48,7.06,0.66,7.05,7.305,7.035,1.77,6.01,1.61,222.45,1.58,6.01,1.8,239.88,2.01,37.25,1.62,0.43,1.92,37.25,1.61,0.34,2.03218,16.23608,1.60588,0.00214,2.0326,16.23608,1.90021,9.10E-04
N_WIZ_A3,N_WIZ,north,664,European Atlantic mixed forests,12.97999954,10.62512681,53.45419964,R,R22,NA,2023,positive,dry,NA,NA,0.1,4,0.46,4.25,4.2025,4.2675,0.47,7.26,0.63,7.05,7.305,7.035,1.49,9.6,1.55,250.07,1.75,9.6,1.8,231.79,1.78,99.01,1.42,0.58,2.21,99.01,1.6,0.33,1.67587,16.23608,1.55238,0.00105,2.1249,16.23608,1.9247,0.001
N_WIZ_A4,N_WIZ,north,664,European Atlantic mixed forests,12.97999954,10.62512681,53.45419964,R22,R22,NA,2023,positive,dry,NA,NA,0.3,4.43,0.37,4.48,4.2025,4.2675,0.46,7.22,0.52,7,7.305,7.035,1.5,12.97,1.64,265.1,1.69,12.97,1.88,245.76,1.94,37.25,1.56,0.6,2.01,37.25,1.65,0.38,1.86631,38.86405,1.4537,9.90E-04,2.16416,38.86405,1.90307,0.00104
N_ZDF_A1,N_ZDF,north,664,European Atlantic mixed forests,5.039999962,10.03877469,53.46811983,R22,R22,arable land,2022,restored,fresh,mowing,5,0.23,5.69,0.51,5.5,5.46,5.3,0.47,6.55,0.55,7.29,6.945,7.19,1.31,7.72,1.7,254.15,1.58,7.72,1.75,252.92,1.12,3.32,1.6,0.66,1.28,3.32,1.72,0.64,1.18404,66.4792,1.44965,8.50E-04,2.46631,66.4792,1.79627,0.00281
N_ZDF_A2,N_ZDF,north,664,European Atlantic mixed forests,5.039999962,10.03877469,53.46811983,R22,R22,arable land,2022,restored,fresh,mowing,5,0.33,5.42,0.43,5.06,5.46,5.3,0.35,7,0.47,7.1,6.945,7.19,1.44,7.72,1.63,250.55,1.55,7.72,1.76,237.75,1.37,22.74,1.27,0.57,1.71,22.74,1.68,0.51,1.67254,81.2263,1.64132,0.00149,2.2342,81.2263,1.7421,0.00218
N_ZDF_A3,N_ZDF,north,664,European Atlantic mixed forests,5.039999962,10.03877469,53.46811983,R,R22,arable land,2022,restored,fresh,mowing,5,0.22,5.08,0.45,5.39,5.46,5.3,0.34,7.13,0.54,7.18,6.945,7.19,1.35,7.72,1.61,249.8,1.55,7.72,1.8,250.52,1.17,21.12,1.47,0.68,1.6,21.12,1.67,0.55,1.39479,66.4792,1.36359,7.70E-04,2.0783,66.4792,1.71257,0.00255
N_ZDF_A4,N_ZDF,north,664,European Atlantic mixed forests,5.039999962,10.03877469,53.46811983,R22,R22,arable land,2022,restored,fresh,mowing,5,0.25,5.65,0.41,5.25,5.46,5.3,0.41,7.1,0.49,7.19,6.945,7.19,1.56,7.72,1.41,274.03,1.53,7.72,1.82,246.95,1.3,22.74,1.28,0.71,1.74,22.74,1.66,0.49,1.49369,28.15501,1.32438,9.40E-04,1.74651,28.15501,1.72893,0.00159
S_ACR_A1,S_ACR,south,686,Western European broadleaf forests,313.8500061,12.94115244,48.76934451,R1A,R1A,grassland,2022,restored,dry,mowing,24,0.27,3.38,0.32,3.79,3.8025,4.07,0.7,7.38,0.59,7.23,7.1825,7.15,1.56,22.19,1.47,195.74,1.73,22.19,1.68,212.62,1.58,20.67,1.56,0.4,1.87,20.67,1.76,0.32,1.48026,44.3388,1.41797,0.00231,1.79765,44.3388,1.69693,0.00132
S_ACR_A2,S_ACR,south,686,Western European broadleaf forests,313.8500061,12.94115244,48.76934451,R1A,R1A,grassland,2022,restored,dry,mowing,24,0.24,3.97,0.36,4.11,3.8025,4.07,0.49,7.1,0.48,7.1,7.1825,7.15,1.58,7.18,1.56,208.7,1.65,7.18,1.88,220.02,1.43,27.24,1.37,0.42,1.84,27.24,1.72,0.36,1.82661,17.44567,1.60265,0.00243,1.70391,17.44567,1.88224,0.00138
S_ACR_A3,S_ACR,south,686,Western European broadleaf forests,313.8500061,12.94115244,48.76934451,R,R1A,grassland,2022,restored,dry,mowing,24,0.3,4.02,0.36,4.26,3.8025,4.07,0.6,6.86,0.54,7.12,7.1825,7.15,1.39,20.87,1.22,210.3,1.66,20.87,1.78,233.09,1.47,15.44,1.4,0.43,1.73,15.44,1.85,0.38,1.90411,204.69771,1.23909,0.00273,2.02267,204.69771,1.60775,8.70E-04
S_ACR_A4,S_ACR,south,686,Western European broadleaf forests,313.8500061,12.94115244,48.76934451,R1A,R1A,grassland,2022,restored,dry,mowing,24,0.25,3.84,0.26,4.12,3.8025,4.07,0.6,7.39,0.6,7.15,7.1825,7.15,1.48,6.34,1.53,208.39,1.61,6.34,1.88,226.12,2.45,20.74,1.43,0.3,1.93,20.74,1.7,0.35,1.59755,19.08157,1.66346,0.00238,1.81757,19.08157,1.93644,0.00121
S_AFR_A1,S_AFR,south,686,Western European broadleaf forests,474.019989,12.19621171,48.43163073,R,R22,grassland,2023,restored,fresh,mowing,7,0.3,5.73,0.35,5.5,5.5025,5.4475,0.4,6.78,0.43,6.88,6.7925,6.7025,1.63,7.72,1.5,272.78,1.47,7.72,1.68,255,1.46,13.83,1.19,0.54,1.8,13.83,1.81,0.43,1.61271,81.2263,1.48151,8.90E-04,1.90221,81.2263,1.66137,0.00139
S_AFR_A2,S_AFR,south,686,Western European broadleaf forests,474.019989,12.19621171,48.43163073,R22,R22,grassland,2023,restored,fresh,mowing,7,0.44,5.47,0.42,5.39,5.5025,5.4475,0.47,6.62,0.58,6.52,6.7925,6.7025,1.45,7.72,1.38,270.8,1.48,7.72,1.79,257.21,1.39,17.8,1.32,0.6,1.82,17.8,1.8,0.47,1.35063,77.09859,1.18611,6.90E-04,1.82357,77.09859,1.61413,0.00155
S_AFR_A3,S_AFR,south,686,Western European broadleaf forests,474.019989,12.19621171,48.43163073,R22,R22,grassland,2023,restored,fresh,mowing,7,0.46,5.56,0.32,5.57,5.5025,5.4475,0.46,6.89,0.69,6.65,6.7925,6.7025,1.33,5.41,1.56,281.22,1.46,5.41,1.88,263.23,1.28,17.8,1.38,0.72,1.86,17.8,1.69,0.47,1.46945,26.72425,1.39018,7.30E-04,1.76428,26.72425,1.79389,0.00143
S_AFR_A4,S_AFR,south,686,Western European broadleaf forests,474.019989,12.19621171,48.43163073,R22,R22,grassland,2023,restored,fresh,mowing,7,0.43,5.25,0.39,5.33,5.5025,5.4475,0.53,6.88,0.64,6.76,6.7925,6.7025,1.43,10.88,1.2,273.46,1.57,10.88,1.67,266.46,1.75,21.12,1.28,0.43,1.92,21.12,1.72,0.42,1.38929,107.55081,1.12391,7.00E-04,1.79392,107.55081,1.57936,0.00102
S_AMP_A1,S_AMP,south,686,Western European broadleaf forests,429.7399902,11.728948,48.45557417,R,R22,NA,2023,positive,moist,mowing,NA,0.37,4.58,0.36,4.87,5.2025,5.15,0.58,7.42,0.54,6.94,7.0975,6.915,1.53,8.17,1.67,221.81,1.55,8.17,1.76,252.65,1.47,43.6,1.42,0.47,1.95,43.6,1.77,0.38,1.74693,38.64477,1.29677,0.00175,1.70196,38.64477,1.66754,0.00107
S_AMP_A2,S_AMP,south,686,Western European broadleaf forests,429.7399902,11.728948,48.45557417,R,R22,NA,2023,positive,moist,mowing,NA,0.43,4.85,0.43,5.17,5.2025,5.15,0.55,7.12,0.53,6.95,7.0975,6.915,1.61,17.35,1.54,227.58,1.63,17.35,1.82,236.91,1.66,45.73,1.43,0.44,1.92,45.73,1.64,0.41,1.46603,77.09859,1.32415,0.00184,1.80902,77.09859,1.56152,0.00166
S_AMP_A3,S_AMP,south,686,Western European broadleaf forests,429.7399902,11.728948,48.45557417,R,R22,NA,2023,positive,moist,mowing,NA,0.69,5.61,0.52,5.37,5.2025,5.15,0.39,6.87,0.6,6.83,7.0975,6.915,1.72,8.75,1.77,234.15,1.64,8.75,1.88,238.34,1.74,12.84,1.57,0.4,1.78,12.84,1.84,0.42,1.28387,10.39223,1.3579,0.00135,1.46904,10.39223,1.71414,0.00125
S_AMP_A4,S_AMP,south,686,Western European broadleaf forests,429.7399902,11.728948,48.45557417,R22,R22,NA,2023,positive,moist,mowing,NA,0.53,5.77,0.4,5.19,5.2025,5.15,0.48,6.98,0.43,6.94,7.0975,6.915,1.66,8.75,1.63,240.1,1.63,8.75,1.88,243.01,1.82,45.73,1.16,0.5,1.97,45.73,1.73,0.44,1.6029,77.09859,1.50225,0.0016,1.75535,77.09859,1.5592,0.00159
S_AUH_A1,S_AUH,south,686,Western European broadleaf forests,406.0299988,12.7596479,48.60586598,R,R1A,arable land,2022,restored,dry,mowing,26,0.43,4.94,0.46,4.79,4.3075,4.2275,0.48,7.25,0.44,7.09,7.1325,7.1475,1.57,6.07,1.78,242.67,1.52,6.07,2.03,245.64,1.6,22.15,1.6,0.49,1.7,22.15,1.78,0.46,1.70492,22.79339,1.5221,9.40E-04,1.76306,22.79339,1.81822,0.00167
S_AUH_A2,S_AUH,south,686,Western European broadleaf forests,406.0299988,12.7596479,48.60586598,R1A,R1A,arable land,2022,restored,dry,mowing,26,0.15,4,0.23,4.08,4.3075,4.2275,0.34,7.07,0.43,7.31,7.1325,7.1475,1.51,14.98,1.66,204.19,1.64,14.98,1.8,223.81,1.62,35.99,1.5,0.36,1.75,35.99,1.76,0.37,1.60885,24.49411,1.36924,0.00296,1.88666,24.49411,1.86567,0.00101
S_AUH_A3,S_AUH,south,686,Western European broadleaf forests,406.0299988,12.7596479,48.60586598,R1A,R1A,arable land,2022,restored,dry,mowing,26,0.33,4.39,0.26,3.93,4.3075,4.2275,0.59,7.36,0.5,7.06,7.1325,7.1475,1.59,24.51,1.61,220.99,1.71,24.51,1.7,216.28,1.6,12.62,1.38,0.3,1.7,12.62,1.83,0.35,1.63255,13.75422,1.57424,0.00192,1.87626,13.75422,1.99509,0.00153
S_AUH_A4,S_AUH,south,686,Western European broadleaf forests,406.0299988,12.7596479,48.60586598,R1A,R1A,arable land,2022,restored,dry,mowing,26,0.19,3.9,0.29,4.11,4.3075,4.2275,0.44,6.85,0.52,7.13,7.1325,7.1475,1.51,14.98,1.46,213.36,1.66,14.98,1.89,221.54,1.59,45.49,1.36,0.38,1.91,45.49,1.77,0.36,1.77804,13.75422,1.48069,0.00242,1.7776,13.75422,1.9427,0.0013
S_AUL_A1,S_AUL,south,686,Western European broadleaf forests,381.8800049,12.21921022,48.57198665,R22,R22,arable land,2022,restored,fresh,mowing,NA,0.29,4.4,0.4,4.79,4.46,4.8025,0.56,7.35,0.59,7.23,7.38,7.135,1.51,9.11,1.65,220.73,1.52,9.11,1.94,239.03,1.4,21.12,1.56,0.45,1.72,21.12,1.66,0.45,1.72824,65.65601,1.61215,0.00241,1.85545,65.65601,1.58476,0.00178
S_AUL_A2,S_AUL,south,686,Western European broadleaf forests,381.8800049,12.21921022,48.57198665,R,R22,arable land,2022,restored,fresh,mowing,NA,0.32,4.49,0.49,4.85,4.46,4.8025,0.52,7.51,0.58,6.94,7.38,7.135,1.47,7.25,1.26,221.09,1.56,7.25,1.75,237.98,1.56,21.12,1.61,0.52,1.74,21.12,1.69,0.46,1.71957,45.5226,1.4958,0.00291,1.92956,45.5226,1.61535,0.00253
S_AUL_A3,S_AUL,south,686,Western European broadleaf forests,381.8800049,12.21921022,48.57198665,R22,R22,arable land,2022,restored,fresh,mowing,NA,0.32,4.56,0.42,4.95,4.46,4.8025,0.47,7.28,0.56,7.12,7.38,7.135,1.49,9.11,1.44,237.04,1.58,9.11,1.87,243.92,1.56,21.12,1.69,0.5,1.55,21.12,1.65,0.47,1.56705,22.75797,1.33182,0.00167,1.67489,22.75797,1.77838,0.0014
S_AUL_A4,S_AUL,south,686,Western European broadleaf forests,381.8800049,12.21921022,48.57198665,R22,R22,arable land,2022,restored,fresh,mowing,NA,0.27,4.39,0.48,4.62,4.46,4.8025,0.5,7.38,0.52,7.25,7.38,7.135,1.47,9.19,1.6,220.7,1.63,9.19,1.77,233.96,1.23,21.12,1.3,0.45,1.64,21.12,1.62,0.43,1.5856,77.09859,1.2875,0.00202,1.77168,77.09859,1.64439,0.0016
S_BUC_A1,S_BUC,south,686,Western European broadleaf forests,384.2099915,12.91594009,48.25495346,R22,R22,arable land,2022,restored,dry,mowing,8,0.26,4.24,0.39,4.52,4.71,4.625,0.44,6.81,0.55,7.17,6.8325,6.96,1.67,8.28,1.44,246.9,1.6,8.28,1.94,240.86,1.52,22.48,1.37,0.33,1.84,22.48,1.67,0.38,1.6195,64.30386,1.43727,7.40E-04,1.84684,64.30386,1.6434,0.00093
S_BUC_A2,S_BUC,south,686,Western European broadleaf forests,384.2099915,12.91594009,48.25495346,R22,R22,arable land,2022,restored,dry,mowing,8,0.37,4.7,0.34,4.76,4.71,4.625,0.34,6.83,0.46,6.85,6.8325,6.96,1.67,6.07,1.81,270.5,1.6,6.07,1.92,250.35,1.5,21.12,1.34,0.43,1.77,21.12,1.78,0.38,1.78471,44.56815,1.48821,5.90E-04,1.82985,44.56815,1.76672,0.00107
S_BUC_A3,S_BUC,south,686,Western European broadleaf forests,384.2099915,12.91594009,48.25495346,R22,R22,arable land,2022,restored,dry,mowing,8,0.39,5.12,0.43,4.67,4.71,4.625,0.4,6.84,0.51,6.89,6.8325,6.96,1.75,6.07,1.61,268.58,1.61,6.07,2.09,245.37,1.38,12.43,1.32,0.44,1.75,12.43,1.65,0.41,2.19301,22.79339,1.50545,9.00E-04,1.95728,22.79339,1.92675,0.0011
S_BUC_A4,S_BUC,south,686,Western European broadleaf forests,384.2099915,12.91594009,48.25495346,R22,R22,arable land,2022,restored,dry,mowing,8,0.39,4.78,0.42,4.55,4.71,4.625,0.39,6.85,0.57,6.93,6.8325,6.96,1.54,10.97,1.29,268.87,1.6,10.97,1.93,248.98,1.68,11.08,1.42,0.49,1.65,11.08,1.68,0.42,1.89228,37.27973,1.3449,7.50E-04,1.92432,37.27973,1.83343,0.00128
S_DIE_A1,S_DIE,south,686,Western European broadleaf forests,471.5100098,11.68287532,48.27532086,R,R,NA,2022,negative,dry,mowing,NA,0.44,6.17,0.48,5.64,6.16,5.535,0.68,6.79,0.45,7,6.745,6.9675,1.32,7.72,1.52,276.9,1.54,7.72,1.87,249.32,1.33,22.74,1.21,0.72,1.77,22.74,1.64,0.51,1.72631,28.15501,1.40171,6.50E-04,1.89225,28.15501,1.63212,9.50E-04
S_DIE_A2,S_DIE,south,686,Western European broadleaf forests,471.5100098,11.68287532,48.27532086,R,R,NA,2022,negative,dry,mowing,NA,0.43,6.16,0.45,5.54,6.16,5.535,0.74,6.79,0.4,7,6.745,6.9675,1.39,7.72,1.57,266.37,1.5,7.72,1.93,246.5,1.23,23.85,1.19,0.64,1.87,23.85,1.57,0.53,1.69213,28.15501,1.22241,6.40E-04,1.8693,28.15501,1.68544,9.80E-04
S_DIE_A3,S_DIE,south,686,Western European broadleaf forests,471.5100098,11.68287532,48.27532086,R,R,NA,2022,negative,dry,mowing,NA,0.44,6.01,0.57,5.36,6.16,5.535,0.72,6.91,0.64,6.87,6.745,6.9675,1.44,3.97,1.44,260.82,1.43,3.97,1.95,243.09,1.3,23.85,1.28,0.63,1.71,23.85,1.48,0.55,1.69768,28.15501,1.17706,5.50E-04,1.95029,28.15501,1.70582,0.00106
S_DIE_A4,S_DIE,south,686,Western European broadleaf forests,471.5100098,11.68287532,48.27532086,R22,R,NA,2022,negative,dry,mowing,NA,0.33,6.3,0.51,5.6,6.16,5.535,0.61,6.49,0.52,7,6.745,6.9675,1.31,3.97,1.59,271.21,1.4,3.97,1.86,250.66,1.2,22.74,1.23,0.65,1.93,22.74,1.52,0.47,1.57428,28.15501,1.45348,6.30E-04,1.88749,28.15501,1.65845,8.40E-04
S_ECH_A1,S_ECH,south,686,Western European broadleaf forests,472.7999878,11.64420748,48.27851352,R1A,R1A,arable land,2022,restored,dry,mowing,10,0.27,4.08,0.35,3.8,4.0325,3.8175,0.45,7.23,0.49,7.4,7.255,7.3425,1.52,17.12,1.37,222.91,1.61,17.12,1.82,217.15,1.53,81.34,1.26,0.34,1.78,81.34,1.61,0.36,1.62803,24.20282,1.41785,0.00171,1.81783,24.20282,1.80426,0.00122
S_ECH_A2,S_ECH,south,686,Western European broadleaf forests,472.7999878,11.64420748,48.27851352,R1A,R1A,arable land,2022,restored,dry,mowing,10,0.32,4.05,0.37,3.83,4.0325,3.8175,0.61,7.24,0.52,7.31,7.255,7.3425,1.43,11.87,1.28,217.88,1.56,11.87,1.84,210.48,1.41,43.36,1.22,0.35,1.8,43.36,1.67,0.37,1.62023,24.20282,1.48933,0.00174,1.73671,24.20282,1.74444,0.00135
S_ECH_A3,S_ECH,south,686,Western European broadleaf forests,472.7999878,11.64420748,48.27851352,R,R1A,arable land,2022,restored,dry,mowing,10,0.22,3.91,0.35,3.86,4.0325,3.8175,0.49,7.28,0.54,7.3,7.255,7.3425,1.43,6.99,1.69,209.86,1.65,6.99,1.81,221.37,1.45,27.62,1.48,0.39,1.7,27.62,1.75,0.37,1.69659,13.86982,1.60672,0.00168,1.81263,13.86982,1.88269,0.00122
S_ECH_A4,S_ECH,south,686,Western European broadleaf forests,472.7999878,11.64420748,48.27851352,R1A,R1A,arable land,2022,restored,dry,mowing,10,0.32,4.09,0.36,3.78,4.0325,3.8175,0.58,7.27,0.54,7.36,7.255,7.3425,1.41,13.37,1.36,209.93,1.59,13.37,1.8,211.87,1.4,26.37,1.26,0.36,1.63,26.37,1.61,0.35,1.55408,17.44567,1.41947,0.00195,1.71692,17.44567,1.79667,0.00119
S_EIT_A1,S_EIT,south,686,Western European broadleaf forests,358.1000061,12.33237085,48.8117411,R22,R,NA,2023,positive,fresh,mowing,NA,0.37,5.47,0.34,5.28,5.4975,5.395,0.33,7.05,0.49,6.87,7.165,6.8175,1.38,5.41,1.82,252.03,1.44,5.41,2.02,248.77,1.48,43.6,1.45,0.52,2.18,43.6,1.81,0.36,1.46077,12.90401,1.49051,0.00108,1.71433,12.90401,1.71414,8.60E-04
S_EIT_A2,S_EIT,south,686,Western European broadleaf forests,358.1000061,12.33237085,48.8117411,R,R,NA,2023,positive,fresh,mowing,NA,0.34,5.5,0.42,5.58,5.4975,5.395,0.54,7.25,0.51,6.83,7.165,6.8175,1.29,5.41,1.77,260.66,1.45,5.41,1.95,254.6,1.8,43.6,1.35,0.46,2.24,43.6,1.78,0.36,1.47454,12.90401,1.49053,0.00122,1.71806,12.90401,1.82944,7.20E-04
S_EIT_A3,S_EIT,south,686,Western European broadleaf forests,358.1000061,12.33237085,48.8117411,R,R,NA,2023,positive,fresh,mowing,NA,0.35,5.63,0.39,5.3,5.4975,5.395,0.56,7.12,0.56,6.92,7.165,6.8175,1.32,5.32,1.49,252.35,1.46,5.32,1.95,257.94,1.57,43.6,1.54,0.43,2.14,43.6,1.68,0.37,1.64409,44.56815,1.56381,0.0013,1.8586,44.56815,1.63418,0.00105
S_EIT_A4,S_EIT,south,686,Western European broadleaf forests,358.1000061,12.33237085,48.8117411,R,R,NA,2023,positive,fresh,mowing,NA,0.4,5.39,0.39,5.42,5.4975,5.395,0.6,7.24,0.85,6.65,7.165,6.8175,1.36,5.33,1.68,259.66,1.52,5.33,1.9,260.19,2.04,43.6,1.67,0.49,2.12,43.6,1.76,0.35,1.59973,44.56815,1.40975,0.00121,1.88327,44.56815,1.6356,9.60E-04
S_FCH_A1,S_FCH,south,686,Western European broadleaf forests,310.3900146,12.99798414,48.7778517,R22,R22,grassland,2022,restored,fresh,mowing,23,0.38,5.23,0.4,5.04,4.4925,4.8225,0.34,6.88,0.7,6.79,6.7775,6.9225,1.48,12.98,1.44,241.85,1.59,12.98,1.69,236.83,1.69,43.18,1.56,0.44,1.69,43.18,1.71,0.51,1.54171,114.20122,1.52363,0.00128,1.86495,114.20122,1.68652,0.00156
S_FCH_A2,S_FCH,south,686,Western European broadleaf forests,310.3900146,12.99798414,48.7778517,R,R22,grassland,2022,restored,fresh,mowing,23,0.42,3.81,0.47,4.78,4.4925,4.8225,0.94,6.24,0.62,6.83,6.7775,6.9225,1.28,6.19,1.61,212.61,1.53,6.19,1.72,233.54,2.53,46.68,1.28,0.38,2.15,46.68,1.73,0.41,1.37009,76.75186,1.53882,0.00199,1.74893,76.75186,1.62025,0.00189
S_FCH_A3,S_FCH,south,686,Western European broadleaf forests,310.3900146,12.99798414,48.7778517,R22,R22,grassland,2022,restored,fresh,mowing,23,0.46,4.4,0.42,4.73,4.4925,4.8225,0.64,6.74,0.43,7,6.7775,6.9225,1.46,5.56,1.72,232.03,1.63,5.56,1.77,235.72,1.34,21.12,1.21,0.55,1.61,21.12,1.72,0.45,1.35698,17.44567,1.51326,0.00101,1.70366,17.44567,1.79623,0.00111
S_FCH_A4,S_FCH,south,686,Western European broadleaf forests,310.3900146,12.99798414,48.7778517,R22,R22,grassland,2022,restored,fresh,mowing,23,0.32,4.53,0.45,4.74,4.4925,4.8225,0.43,7.25,0.43,7.07,6.7775,6.9225,1.51,9.55,1.62,234.56,1.62,9.55,1.83,235.13,1.64,27.62,1.75,0.5,1.77,27.62,1.81,0.43,1.51539,23.56756,1.3813,0.00158,1.73109,23.56756,1.77007,9.10E-04
S_FHZ_A1,S_FHZ,south,686,Western European broadleaf forests,458.3099976,11.62566181,48.33018411,R37,R35,arable land,2022,restored,moist,mowing,17,0.52,6.79,0.68,6.57,7.385,6.9075,0.39,7.1,0.33,7.04,6.9325,6.9925,1.86,25.39,1.47,219.72,1.75,25.39,1.72,216.53,1.58,85.23,1.3,0.41,1.97,85.23,1.66,0.47,1.34954,5.22259,1.69661,0.00112,1.40535,5.22259,1.85061,0.00107
S_FHZ_A2,S_FHZ,south,686,Western European broadleaf forests,458.3099976,11.62566181,48.33018411,R37,R35,arable land,2022,restored,moist,mowing,17,0.61,7.68,0.67,6.96,7.385,6.9075,0.36,7.18,0.31,7,6.9325,6.9925,1.62,24.06,1.72,205.68,1.72,24.06,1.74,216.42,1.69,85.23,1.51,0.56,1.89,85.23,1.63,0.51,1.18685,7.26342,1.56556,0.001,1.44083,7.26342,1.78166,0.00114
S_FHZ_A3,S_FHZ,south,686,Western European broadleaf forests,458.3099976,11.62566181,48.33018411,R35,R35,arable land,2022,restored,moist,mowing,17,0.23,7.79,0.47,7.38,7.385,6.9075,0.52,6.37,0.45,7,6.9325,6.9925,1.78,401.12,1.53,208.49,2.39,401.12,1.43,196.17,1.57,44.71,1.56,0.71,1.87,44.71,1.76,0.66,1.56198,14.23393,1.62567,2.40E-04,1.62508,14.23393,1.9351,7.80E-04
S_FHZ_A4,S_FHZ,south,686,Western European broadleaf forests,458.3099976,11.62566181,48.33018411,R35,R35,arable land,2022,restored,moist,mowing,17,0.35,7.28,0.6,6.72,7.385,6.9075,0.26,7.08,0.42,6.93,6.9325,6.9925,1.38,28.37,1.54,207.05,1.72,28.37,1.73,223.76,1.92,85.23,1.71,0.6,1.94,85.23,1.62,0.51,1.2157,17.9079,1.43065,8.80E-04,1.63374,17.9079,1.75228,0.00101
S_GIG_A1,S_GIG,south,686,Western European broadleaf forests,450.6499939,11.67758768,48.36299592,R22,R,grassland,2022,restored,fresh,mowing,16,0.31,6.14,0.32,5.92,6.3325,5.74,0.45,6.37,0.6,7.07,7.06,7.0825,1.4,8.07,1.72,274.54,1.64,8.07,1.98,257.56,1.1,5.98,1.49,0.65,1.39,5.98,1.65,0.62,1.50866,23.04331,1.33871,5.30E-04,1.83671,23.04331,1.83162,0.00234
S_GIG_A2,S_GIG,south,686,Western European broadleaf forests,450.6499939,11.67758768,48.36299592,R,R,grassland,2022,restored,fresh,mowing,16,0.41,6.1,0.52,5.12,6.3325,5.74,0.66,7.41,0.52,6.97,7.06,7.0825,1.62,7.32,1.69,238.39,1.54,7.32,2,234.19,1.59,23.69,1.51,0.6,1.89,23.69,1.69,0.42,1.49816,23.628,1.52275,0.0016,1.86699,23.628,1.67839,0.001
S_GIG_A3,S_GIG,south,686,Western European broadleaf forests,450.6499939,11.67758768,48.36299592,Sa,R,grassland,2022,restored,fresh,mowing,16,0.32,6.96,0.67,6.05,6.3325,5.74,0.44,7.4,0.56,7.39,7.06,7.0825,1.45,10.3,1.56,203.22,1.62,10.3,1.9,237.12,1.81,15.03,1.35,0.38,1.88,15.03,1.97,0.36,1.48121,12.8461,1.61215,8.30E-04,1.60733,12.8461,1.8141,6.40E-04
S_GIG_A4,S_GIG,south,686,Western European broadleaf forests,450.6499939,11.67758768,48.36299592,R,R,grassland,2022,restored,fresh,mowing,16,0.56,6.13,0.49,5.87,6.3325,5.74,0.42,7.06,0.57,6.9,7.06,7.0825,1.73,7.72,1.83,242.6,1.62,7.72,2.04,235.77,1.41,12.43,1.63,0.66,1.69,12.43,1.91,0.5,1.55384,7.73759,1.68587,0.00104,1.68697,7.73759,1.92063,0.00093
S_GSH_A1,S_GSH,south,686,Western European broadleaf forests,486.1799927,12.23745702,48.48982286,V11,R,arable land,2022,restored,fresh,mowing,2,0.37,5.2,0.36,5.03,5.2975,5.1125,0.6,7.34,0.51,7.21,7.205,7.2025,1.51,27.68,1.28,240.44,1.6,27.68,1.61,259.37,1.45,27.62,1.35,0.49,1.7,27.62,1.71,0.43,1.55346,26.72425,1.40332,0.00139,1.63948,26.72425,1.59714,0.00131
S_GSH_A2,S_GSH,south,686,Western European broadleaf forests,486.1799927,12.23745702,48.48982286,V11,R,arable land,2022,restored,fresh,mowing,2,0.38,5.43,0.39,5.12,5.2975,5.1125,0.62,7.19,0.48,7.2,7.205,7.2025,1.55,27.68,1.27,247.3,1.57,27.68,1.59,262.14,1.51,27.62,1.3,0.49,1.66,27.62,1.65,0.44,1.47453,23.04331,1.36674,0.00102,1.59587,23.04331,1.55514,0.00132
S_GSH_A3,S_GSH,south,686,Western European broadleaf forests,486.1799927,12.23745702,48.48982286,R,R,arable land,2022,restored,fresh,mowing,2,0.43,5.17,0.37,5.18,5.2975,5.1125,0.54,7.25,0.49,7.22,7.205,7.2025,1.59,27.68,1.49,257.93,1.57,27.68,1.62,264.49,1.65,27.62,1.53,0.44,1.77,27.62,1.69,0.43,1.46061,23.04331,1.09175,0.00111,1.60476,23.04331,1.54368,0.00114
S_GSH_A4,S_GSH,south,686,Western European broadleaf forests,486.1799927,12.23745702,48.48982286,R22,R,arable land,2022,restored,fresh,mowing,2,0.41,5.39,0.37,5.12,5.2975,5.1125,0.56,7.04,0.51,7.18,7.205,7.2025,1.48,27.68,1.34,259.8,1.56,27.68,1.62,264.84,1.55,27.62,1.4,0.5,1.74,27.62,1.66,0.43,1.59548,37.27973,1.44297,0.00114,1.66391,37.27973,1.6032,0.00101
S_GSR_A1,S_GSR,south,686,Western European broadleaf forests,358.8200073,12.33541826,48.80917261,R22,R,arable land,2023,restored,fresh,mowing,15,0.3,5.97,0.35,5.4,5.885,5.3225,0.61,7.11,0.64,6.92,7.035,7.0325,1.26,7.38,1.39,280.69,1.58,7.38,1.72,249.47,1.75,21.12,1.29,0.67,2.15,21.12,1.91,0.43,1.5632,16.33961,1.38261,0.00109,1.62471,16.33961,1.77894,0.00123
S_GSR_A2,S_GSR,south,686,Western European broadleaf forests,358.8200073,12.33541826,48.80917261,R,R,arable land,2023,restored,fresh,mowing,15,0.37,5.67,0.3,5.13,5.885,5.3225,0.72,7.22,0.62,7.11,7.035,7.0325,1.37,7.38,1.53,273.6,1.59,7.38,1.77,245.71,1.95,21.12,1.54,0.47,1.93,21.12,1.75,0.46,1.59008,24.97891,1.50517,9.10E-04,1.84371,24.97891,1.82694,0.00147
S_GSR_A3,S_GSR,south,686,Western European broadleaf forests,358.8200073,12.33541826,48.80917261,R,R,arable land,2023,restored,fresh,mowing,15,0.37,6.01,0.32,5.43,5.885,5.3225,0.56,6.89,0.48,7,7.035,7.0325,1.49,5.97,1.51,278.28,1.57,5.97,2.01,256.19,1.78,22.74,1.19,0.49,2.03,22.74,1.64,0.39,1.597,26.31623,1.21322,5.40E-04,1.81166,26.31623,1.71186,0.00118
S_GSR_A4,S_GSR,south,686,Western European broadleaf forests,358.8200073,12.33541826,48.80917261,R,R,arable land,2023,restored,fresh,mowing,15,0.41,5.89,0.34,5.33,5.885,5.3225,0.65,6.92,0.54,7.1,7.035,7.0325,1.33,33.03,1.37,285.89,1.67,33.03,1.62,258.41,1.91,43.6,1.22,0.5,2.26,43.6,1.64,0.4,1.58309,26.31623,1.4449,6.30E-04,1.69457,26.31623,1.5739,7.80E-04
S_GTZ_A1,S_GTZ,south,686,Western European broadleaf forests,408.7399902,12.91075347,48.28923404,R,R,grassland,2022,restored,moist,mowing,5,0.38,6.58,0.58,6.14,6.3225,5.96,0.68,6.85,0.56,6.88,6.68,6.67,1.56,46.49,1.48,246.19,1.78,46.49,1.64,242.18,1.45,23.1,1.33,0.46,1.78,23.1,1.85,0.44,2.39198,103.34013,1.44138,0.00111,1.939,103.34013,1.68664,7.20E-04
S_GTZ_A2,S_GTZ,south,686,Western European broadleaf forests,408.7399902,12.91075347,48.28923404,R35,R,grassland,2022,restored,moist,mowing,5,0.41,6.52,0.6,6.52,6.3225,5.96,0.35,6.24,0.71,6.48,6.68,6.67,1.25,9.77,1.41,246.92,1.61,9.77,1.75,261.43,1.31,30.8,1.32,0.57,2.09,30.8,1.77,0.4,1.37997,12.3264,1.53589,4.70E-04,1.65878,12.3264,1.72515,5.80E-04
S_GTZ_A3,S_GTZ,south,686,Western European broadleaf forests,408.7399902,12.91075347,48.28923404,R,R,grassland,2022,restored,moist,mowing,5,0.53,5.82,0.53,5.64,6.3225,5.96,0.52,6.95,0.68,6.74,6.68,6.67,1.72,25.39,1.29,255.68,1.71,25.39,1.63,236.05,1.88,36.47,1.32,0.33,2.07,36.47,1.76,0.35,1.87934,44.56815,1.46988,7.70E-04,1.74652,44.56815,1.60675,9.10E-04
S_GTZ_A4,S_GTZ,south,686,Western European broadleaf forests,408.7399902,12.91075347,48.28923404,R22,R,grassland,2022,restored,moist,mowing,5,0.54,6.37,0.47,5.54,6.3225,5.96,0.6,6.68,0.72,6.58,6.68,6.67,1.68,25.39,1.47,280.71,1.7,25.39,1.68,252.81,1.52,23.1,1.37,0.49,2.03,23.1,1.78,0.37,1.79289,17.33117,1.30162,2.60E-04,1.62502,17.33117,1.79172,6.50E-04
S_HBF_A1,S_HBF,south,686,Western European broadleaf forests,449.7900085,12.84243042,48.39936525,R,R,NA,2023,negative,fresh,mowing,NA,0.11,5.11,0.32,5.62,5.075,5.5825,0.27,7.84,0.96,6.75,7.875,7.035,1.27,5.11,1.57,300.75,1.51,5.11,1.85,280,2.05,11.45,1.77,0.31,2.28,11.45,1.95,0.32,1.29355,3.5044,1.90708,5.00E-04,1.3334,3.5044,2.04115,5.40E-04
S_HBF_A2,S_HBF,south,686,Western European broadleaf forests,449.7900085,12.84243042,48.39936525,R,R,NA,2023,negative,fresh,mowing,NA,0.05,5.05,0.42,5.71,5.075,5.5825,0.12,7.93,0.55,7.29,7.875,7.035,1.18,3.18,1.15,321.73,1.34,3.18,2.02,296.03,1.61,20.51,2.08,0.21,2.82,20.51,1.83,0.24,1.1868,18.37924,1.63618,4.80E-04,2.01333,18.37924,1.39941,6.40E-04
S_HBF_A3,S_HBF,south,686,Western European broadleaf forests,449.7900085,12.84243042,48.39936525,R,R,NA,2023,negative,fresh,mowing,NA,0.1,5.1,0.36,5.7,5.075,5.5825,0.2,7.88,0.94,6.8,7.875,7.035,1.32,5.11,1.19,287.1,1.44,5.11,1.85,275.13,1.86,18.07,1.36,0.4,2.49,18.07,2.14,0.29,1.46517,7.12103,1.53931,7.90E-04,1.54862,7.12103,2.00454,6.00E-04
S_HBF_A4,S_HBF,south,686,Western European broadleaf forests,449.7900085,12.84243042,48.39936525,R21,R,NA,2023,negative,fresh,mowing,NA,0.04,5.04,0.24,5.3,5.075,5.5825,0.23,7.85,0.51,7.3,7.875,7.035,1.08,2.95,1.67,259.46,1.33,2.95,1.81,284.24,1.2,20.12,1.41,0.52,2.67,20.12,1.83,0.3,1.19264,4.04592,1.26207,0.0016,1.38758,4.04592,2.073,4.70E-04
S_HGR_A1,S_HGR,south,686,Western European broadleaf forests,429.0599976,12.17203485,48.53001885,R,R,NA,2022,negative,fresh,mowing,NA,0.15,6.17,0.29,5.75,6.3375,5.58,0.09,6.01,0.72,6.5,6.0875,6.41,1.24,10.72,1.28,262.34,1.76,10.72,1.83,270.66,1.09,13.49,1.15,0.62,1.98,13.49,1.58,0.51,1.34881,9.31037,1.59733,6.20E-04,1.84756,9.31037,1.97502,9.60E-04
S_HGR_A2,S_HGR,south,686,Western European broadleaf forests,429.0599976,12.17203485,48.53001885,R,R,NA,2022,negative,fresh,mowing,NA,0.26,6.58,0.31,5.71,6.3375,5.58,0.37,5.92,0.68,6.25,6.0875,6.41,1.24,3.24,1.6,294.1,1.35,3.24,1.92,298.81,1.5,16.01,1.06,0.62,2.66,16.01,1.79,0.39,1.66619,9.01631,1.75985,3.00E-04,1.90064,9.01631,2.05877,6.50E-04
S_HGR_A3,S_HGR,south,686,Western European broadleaf forests,429.0599976,12.17203485,48.53001885,R,R,NA,2022,negative,fresh,mowing,NA,0.29,6.55,0.44,5.5,6.3375,5.58,0.23,6.08,0.92,6.42,6.0875,6.41,1.22,9.97,1.21,295.83,1.57,9.97,1.63,314.19,1.27,17.8,1.38,0.68,2.32,17.8,1.81,0.49,1.46755,9.01631,1.37984,2.40E-04,1.81138,9.01631,1.696,0.00102
S_HGR_A4,S_HGR,south,686,Western European broadleaf forests,429.0599976,12.17203485,48.53001885,R22,R,NA,2022,negative,fresh,mowing,NA,0.39,6.05,0.39,5.36,6.3375,5.58,0.49,6.34,0.87,6.47,6.0875,6.41,1.41,33.03,1.3,279.37,1.81,33.03,1.72,292.58,1.29,17.8,1.3,0.61,2.1,17.8,1.88,0.48,1.71895,92.77003,1.31488,6.10E-04,2.0355,92.77003,1.56281,0.00174
S_HLZ_A1,S_HLZ,south,686,Western European broadleaf forests,417.230011,12.79959234,48.51803671,R,R,arable land,2022,restored,moist,mowing,6,0.33,6.3,0.47,5.73,6.13,5.7625,0.77,6.62,0.85,6.75,6.785,6.835,1.42,7.72,1.32,261.71,1.58,7.72,1.94,244.92,1.39,33.34,1.39,0.55,1.86,33.34,1.73,0.42,1.72361,39.58492,1.53999,5.90E-04,1.90192,39.58492,1.64833,0.00104
S_HLZ_A2,S_HLZ,south,686,Western European broadleaf forests,417.230011,12.79959234,48.51803671,R,R,arable land,2022,restored,moist,mowing,6,0.34,6.46,0.36,5.35,6.13,5.7625,0.75,7.14,0.65,6.92,6.785,6.835,1.54,5.41,1.5,272.64,1.4,5.41,1.82,259.38,1.44,23.36,1.5,0.54,1.93,23.36,1.76,0.39,2.1162,44.56815,1.34934,3.40E-04,1.83008,44.56815,1.69588,7.80E-04
S_HLZ_A3,S_HLZ,south,686,Western European broadleaf forests,417.230011,12.79959234,48.51803671,R,R,arable land,2022,restored,moist,mowing,6,0.17,5.93,0.47,6.12,6.13,5.7625,0.44,6.33,0.71,6.73,6.785,6.835,1.48,46.49,1.2,256.72,1.79,46.49,1.53,250.57,1.58,47.69,1.27,0.43,1.93,47.69,1.73,0.38,1.41555,39.58492,1.37876,5.00E-04,1.72703,39.58492,1.64761,8.70E-04
S_HLZ_A4,S_HLZ,south,686,Western European broadleaf forests,417.230011,12.79959234,48.51803671,R,R,arable land,2022,restored,moist,mowing,6,0.26,5.83,0.45,5.85,6.13,5.7625,0.34,7.05,0.63,6.94,6.785,6.835,1.95,46.49,1.3,206.98,1.75,46.49,1.59,250.41,1.66,47.69,1.18,0.41,1.93,47.69,1.59,0.42,1.39657,44.56815,1.32659,9.80E-04,1.84968,44.56815,1.60468,8.00E-04
S_HTH_A1,S_HTH,south,686,Western European broadleaf forests,366.9500122,12.35473657,48.61669657,R,R,arable land,2023,restored,dry,mowing,3,0.27,3.85,0.47,4.39,4.075,4.27,0.67,7.34,0.54,7.02,7.2775,7.045,1.71,23.12,1.31,201.61,1.83,23.12,1.83,232.31,1.37,22.74,1.38,0.43,1.7,22.74,1.69,0.43,1.52186,19.04631,1.49052,0.00184,1.76837,19.04631,1.7939,0.00113
S_HTH_A2,S_HTH,south,686,Western European broadleaf forests,366.9500122,12.35473657,48.61669657,R,R,arable land,2023,restored,dry,mowing,3,0.2,4.16,0.4,4.28,4.075,4.27,0.61,7.49,0.57,7.05,7.2775,7.045,1.54,12.82,1.42,211.07,1.69,12.82,1.93,233.28,1.26,18.87,1.36,0.43,1.58,18.87,1.68,0.41,2.01018,26.42342,1.48544,0.00196,2.08154,26.42342,1.90692,0.00129
S_HTH_A3,S_HTH,south,686,Western European broadleaf forests,366.9500122,12.35473657,48.61669657,R1A,R,arable land,2023,restored,dry,mowing,3,0.19,4.1,0.36,4.28,4.075,4.27,0.49,7.13,0.66,7.08,7.2775,7.045,1.67,13,1.66,214.1,1.73,13,1.89,223.7,1.41,21.14,1.26,0.42,1.73,21.14,1.69,0.41,1.81961,26.42342,1.52018,0.00138,1.88829,26.42342,1.79368,9.40E-04
S_HTH_A4,S_HTH,south,686,Western European broadleaf forests,366.9500122,12.35473657,48.61669657,R22,R,arable land,2023,restored,dry,mowing,3,0.25,4.19,0.31,4.13,4.075,4.27,0.59,7.15,0.6,7.03,7.2775,7.045,1.45,13,1.47,209.52,1.69,13,1.88,222.46,1.33,23.69,1.4,0.45,1.64,23.69,1.74,0.42,1.38568,16.38708,1.37071,0.00256,1.73342,16.38708,1.78741,0.00197
S_HUB_A1,S_HUB,south,686,Western European broadleaf forests,445.5299988,12.72431246,48.40861092,R,R22,arable land,2023,restored,dry,mowing,13,0.31,4.7,0.36,4.78,4.5475,4.76,0.29,6.99,0.43,7,7.0025,7.075,1.61,8.05,1.83,220.56,1.57,8.05,1.88,244.39,1.52,7.56,1.59,0.47,1.57,7.56,1.83,0.41,1.38583,24.49411,1.54407,0.00131,1.88393,24.49411,1.92803,8.80E-04
S_HUB_A2,S_HUB,south,686,Western European broadleaf forests,445.5299988,12.72431246,48.40861092,R22,R22,arable land,2023,restored,dry,mowing,13,0.33,4.48,0.36,4.73,4.5475,4.76,0.41,7.23,0.53,7.32,7.0025,7.075,1.5,19.41,1.39,242,1.63,19.41,1.68,237.62,1.28,21.12,1.18,0.42,1.7,21.12,1.66,0.4,1.39346,55.5781,1.62065,0.0011,1.85717,55.5781,1.66254,0.00119
S_HUB_A3,S_HUB,south,686,Western European broadleaf forests,445.5299988,12.72431246,48.40861092,R22,R22,arable land,2023,restored,dry,mowing,13,0.34,4.49,0.38,4.73,4.5475,4.76,0.22,7,0.35,7.11,7.0025,7.075,1.65,10.73,1.53,203.76,1.57,10.73,1.87,238.46,1.56,12.84,1.56,0.33,1.59,12.84,1.81,0.38,1.56609,24.49411,1.46105,0.00215,1.75206,24.49411,1.68507,0.00117
S_HUB_A4,S_HUB,south,686,Western European broadleaf forests,445.5299988,12.72431246,48.40861092,R22,R22,arable land,2023,restored,dry,mowing,13,0.47,4.52,0.37,4.8,4.5475,4.76,0.47,6.79,0.46,6.87,7.0025,7.075,1.7,11.04,1.67,240.91,1.64,11.04,1.83,246.41,1.52,9.75,1.67,0.38,1.62,9.75,1.87,0.35,1.48122,28.33968,1.43803,0.00118,1.80579,28.33968,1.7895,7.30E-04
S_JAN_A1,S_JAN,south,686,Western European broadleaf forests,470.3299866,12.69901395,48.53915881,R,R,NA,2022,negative,fresh,mowing,NA,0.04,5.04,0.28,5.33,5.0725,5.3175,0.14,7.92,0.54,6.89,7.9025,7.0275,1.66,19.4,1.45,289.26,1.88,19.4,1.66,280.07,1.89,11.32,1.74,0.54,2.34,11.32,1.75,0.33,1.93861,8.63012,1.94126,7.80E-04,1.72357,8.63012,2.03685,6.30E-04
S_JAN_A2,S_JAN,south,686,Western European broadleaf forests,470.3299866,12.69901395,48.53915881,R,R,NA,2022,negative,fresh,mowing,NA,0.12,5.12,0.44,5.25,5.0725,5.3175,0.22,7.87,0.6,7,7.9025,7.0275,1.46,4.34,1.38,276.38,1.59,4.34,2.03,249.47,1.45,8.75,1.64,0.54,1.97,8.75,1.82,0.33,2.13162,11.92942,1.80983,5.20E-04,1.86628,11.92942,1.9573,5.40E-04
S_JAN_A3,S_JAN,south,686,Western European broadleaf forests,470.3299866,12.69901395,48.53915881,R,R,NA,2022,negative,fresh,mowing,NA,0.04,5.04,0.24,5.12,5.0725,5.3175,0.14,7.92,0.62,7.22,7.9025,7.0275,1.43,4.34,1.6,275.19,1.51,4.34,2.03,254.85,1.82,8.75,1.53,0.36,1.83,8.75,2.05,0.3,1.45033,7.01835,1.32885,8.80E-04,1.72464,7.01835,1.80611,4.80E-04
S_JAN_A4,S_JAN,south,686,Western European broadleaf forests,470.3299866,12.69901395,48.53915881,R,R,NA,2022,negative,fresh,mowing,NA,0.09,5.09,0.33,5.57,5.0725,5.3175,0.18,7.9,0.68,7,7.9025,7.0275,1.34,3.22,1.41,283.44,1.48,3.22,1.78,274.47,1.36,8.61,1.61,0.55,2.07,8.61,1.85,0.42,1.77736,8.63012,2.33003,3.70E-04,1.70791,8.63012,1.88437,5.60E-04
S_JAU_A1,S_JAU,south,686,Western European broadleaf forests,459.8200073,12.71231385,48.50161319,R,R22,arable land,2022,restored,fresh,mowing,3,0.3,5.01,0.34,5,5.0075,4.925,0.38,7.09,0.54,7.18,7.0225,7.2175,1.41,5.64,1.77,255.88,1.5,5.64,1.86,257.6,1.34,11.08,1.51,0.45,1.61,11.08,1.66,0.47,1.35496,6.53887,1.34485,9.10E-04,1.41328,6.53887,1.78975,6.60E-04
S_JAU_A2,S_JAU,south,686,Western European broadleaf forests,459.8200073,12.71231385,48.50161319,R21,R22,arable land,2022,restored,fresh,mowing,3,0.27,5.08,0.4,5.06,5.0075,4.925,0.28,6.96,0.52,7.14,7.0225,7.2175,1.34,5.64,1.42,245.82,1.53,5.64,1.88,252.09,1.2,21.12,1.2,0.46,1.66,21.12,1.72,0.46,1.25263,16.42974,1.21476,0.00112,1.50438,16.42974,1.63184,8.00E-04
S_JAU_A3,S_JAU,south,686,Western European broadleaf forests,459.8200073,12.71231385,48.50161319,R22,R22,arable land,2022,restored,fresh,mowing,3,0.34,4.85,0.31,4.81,5.0075,4.925,0.27,7.02,0.52,7.28,7.0225,7.2175,1.43,5.64,1.59,249.37,1.49,5.64,1.83,250.99,1.29,21.12,1.32,0.46,1.65,21.12,1.61,0.44,1.33028,34.84501,1.14739,9.10E-04,1.63057,34.84501,1.59547,9.90E-04
S_JAU_A4,S_JAU,south,686,Western European broadleaf forests,459.8200073,12.71231385,48.50161319,R22,R22,arable land,2022,restored,fresh,mowing,3,0.18,5.09,0.38,4.83,5.0075,4.925,0.2,7.02,0.48,7.27,7.0225,7.2175,1.34,5.64,1.35,247.7,1.56,5.64,1.82,244.52,1.18,11.08,1.27,0.45,1.49,11.08,1.61,0.5,1.32087,107.55081,1.21415,0.00106,1.82267,107.55081,1.59818,0.00126
S_JHB_A1,S_JHB,south,686,Western European broadleaf forests,481.1700134,12.47326098,48.47581201,R,R,arable land,2023,restored,moist,mowing,36,0.26,5.79,0.32,5.85,6.0475,5.8275,0.57,6.5,0.61,6.65,6.4225,6.605,1.29,5.98,1.48,248,1.55,5.98,1.85,259.73,1.4,22.15,1.42,0.49,1.79,22.15,1.71,0.42,1.56859,26.72425,1.49907,9.80E-04,1.70601,26.72425,1.72808,0.00114
S_JHB_A2,S_JHB,south,686,Western European broadleaf forests,481.1700134,12.47326098,48.47581201,R22,R,arable land,2023,restored,moist,mowing,36,0.36,6.24,0.37,5.71,6.0475,5.8275,0.6,6.38,0.66,6.62,6.4225,6.605,1.35,5.97,1.32,246.39,1.5,5.97,1.83,259.42,1.41,45.73,1.32,0.53,2.08,45.73,1.71,0.38,1.59721,26.72425,1.41821,8.40E-04,1.71213,26.72425,1.67655,9.80E-04
S_JHB_A3,S_JHB,south,686,Western European broadleaf forests,481.1700134,12.47326098,48.47581201,R,R,arable land,2023,restored,moist,mowing,36,0.28,5.97,0.41,5.89,6.0475,5.8275,0.66,6.52,0.74,6.61,6.4225,6.605,1.33,5.71,1.39,245.73,1.55,5.71,1.8,257.39,1.33,24.25,1.33,0.52,1.75,24.25,1.71,0.4,1.52773,37.27973,1.3125,7.30E-04,1.8399,37.27973,1.65149,8.90E-04
S_JHB_A4,S_JHB,south,686,Western European broadleaf forests,481.1700134,12.47326098,48.47581201,R22,R,arable land,2023,restored,moist,mowing,36,0.27,6.19,0.41,5.86,6.0475,5.8275,0.56,6.29,0.8,6.54,6.4225,6.605,1.31,5.71,1.36,253.96,1.45,5.71,1.92,258.3,1.36,21.12,1.46,0.54,1.9,21.12,1.76,0.41,1.51298,26.72425,1.63274,7.10E-04,1.79517,26.72425,1.73419,0.00103
S_JOS_A1,S_JOS,south,686,Western European broadleaf forests,446.7600098,12.1719055,48.52702364,R,R,grassland,2022,restored,fresh,mowing,NA,0.3,5.34,0.44,5.18,4.99,5.025,0.58,7.3,0.57,7.06,7.3575,7.1075,1.48,9.11,1.45,265.18,1.55,9.11,1.73,246.36,1.61,21.12,1.28,0.43,1.61,21.12,1.6,0.45,1.33607,44.56815,1.36016,8.40E-04,1.78441,44.56815,1.64092,0.00107
S_JOS_A2,S_JOS,south,686,Western European broadleaf forests,446.7600098,12.1719055,48.52702364,R,R,grassland,2022,restored,fresh,mowing,NA,0.3,5.03,0.42,4.92,4.99,5.025,0.57,7.32,0.52,7.21,7.3575,7.1075,1.42,9.11,1.61,250.09,1.57,9.11,1.71,246.68,1.44,12.84,1.38,0.42,1.57,12.84,1.58,0.44,1.66084,23.04331,1.46402,0.00154,1.64822,23.04331,1.59483,0.00124
S_JOS_A3,S_JOS,south,686,Western European broadleaf forests,446.7600098,12.1719055,48.52702364,R21,R,grassland,2022,restored,fresh,mowing,NA,0.33,4.84,0.44,4.96,4.99,5.025,0.47,7.42,0.62,7.03,7.3575,7.1075,1.47,10.88,1.52,245.97,1.65,10.88,1.74,243.41,1.37,7.56,1.19,0.43,1.52,7.56,1.69,0.45,1.69833,26.72425,1.37641,0.00176,1.7486,26.72425,1.67747,0.00122
S_JOS_A4,S_JOS,south,686,Western European broadleaf forests,446.7600098,12.1719055,48.52702364,R,R,grassland,2022,restored,fresh,mowing,NA,0.44,4.75,0.47,5.04,4.99,5.025,0.53,7.39,0.58,7.13,7.3575,7.1075,1.65,10.88,1.52,243.18,1.62,10.88,1.72,240.28,1.43,21.12,1.23,0.45,1.55,21.12,1.58,0.47,1.47794,23.96591,1.53338,0.00123,1.57062,23.96591,1.59664,0.00111
S_KDT_A1,S_KDT,south,686,Western European broadleaf forests,408.4100037,11.88897373,48.77168548,R22,R22,NA,2023,positive,fresh,mowing,NA,0.38,4.62,0.4,4.5,4.505,4.625,0.36,7.04,0.44,7.14,6.9925,7.0925,1.57,7.72,1.51,226.64,1.6,7.72,1.86,237.41,1.52,21.12,1.4,0.48,1.76,21.12,1.78,0.43,1.7541,90.03656,1.16432,0.00116,1.8488,90.03656,1.6393,0.00172
S_KDT_A2,S_KDT,south,686,Western European broadleaf forests,408.4100037,11.88897373,48.77168548,R,R22,NA,2023,positive,fresh,mowing,NA,0.31,4.46,0.46,4.6,4.505,4.625,0.48,6.93,0.45,7.03,6.9925,7.0925,1.46,9.73,1.35,222.93,1.56,9.73,1.83,235.9,1.69,21.12,1.33,0.45,1.73,21.12,1.64,0.44,1.72354,124.67916,1.33015,0.00145,1.88649,124.67916,1.61856,0.00168
S_KDT_A3,S_KDT,south,686,Western European broadleaf forests,408.4100037,11.88897373,48.77168548,R22,R22,NA,2023,positive,fresh,mowing,NA,0.41,4.63,0.42,4.85,4.505,4.625,0.44,6.93,0.46,7.09,6.9925,7.0925,1.82,25.78,1.53,235.27,1.7,25.78,1.62,235.17,1.68,47.69,1.29,0.39,1.99,47.69,1.74,0.38,2.03115,185.51455,1.46712,0.00112,2.15109,185.51455,1.67516,0.00115
S_KDT_A4,S_KDT,south,686,Western European broadleaf forests,408.4100037,11.88897373,48.77168548,R,R22,NA,2023,positive,fresh,mowing,NA,0.31,4.31,0.43,4.55,4.505,4.625,0.37,7.07,0.52,7.11,6.9925,7.0925,1.51,9.55,1.39,228.41,1.59,9.55,1.92,237.42,1.39,21.12,1.35,0.45,1.69,21.12,1.77,0.43,1.78635,43.21683,1.39606,0.00159,1.82984,43.21683,1.7983,0.00114
S_KRT_A1,S_KRT,south,686,Western European broadleaf forests,437.6799927,11.61319851,48.43912991,R,R1A,grassland,2023,restored,dry,both,13,0.35,3.99,0.41,3.89,4.2075,4.1375,0.53,7.35,0.49,7.28,7.235,7.1575,1.75,17.12,1.39,191.68,1.51,17.12,1.62,200.21,1.43,17.92,1.31,0.27,1.56,17.92,1.71,0.32,1.85371,24.49411,1.31785,0.00187,1.74295,24.49411,1.74115,0.00115
S_KRT_A2,S_KRT,south,686,Western European broadleaf forests,437.6799927,11.61319851,48.43912991,R,R1A,grassland,2023,restored,dry,both,13,0.29,5,0.51,4.5,4.2075,4.1375,0.63,6.75,0.57,7,7.235,7.1575,1.34,5.47,1.34,215.77,1.42,5.47,1.82,215.13,1.63,23.13,1.29,0.47,1.71,23.13,1.55,0.48,1.34869,65.65601,1.14767,0.00361,1.86244,65.65601,1.6964,0.00371
S_KRT_A3,S_KRT,south,686,Western European broadleaf forests,437.6799927,11.61319851,48.43912991,R22,R1A,grassland,2023,restored,dry,both,13,0.48,3.92,0.41,4.25,4.2075,4.1375,0.55,7.57,0.58,7.15,7.235,7.1575,1.39,21.7,1.52,236.13,1.75,21.7,1.74,225.55,1.6,52.12,1.53,0.5,1.82,52.12,1.63,0.4,1.49483,39.31635,1.36501,0.00204,1.81254,39.31635,1.76496,0.00149
S_KRT_A4,S_KRT,south,686,Western European broadleaf forests,437.6799927,11.61319851,48.43912991,R1A,R1A,grassland,2023,restored,dry,both,13,0.51,3.92,0.55,3.91,4.2075,4.1375,0.62,7.27,0.58,7.2,7.235,7.1575,1.93,20.25,1.22,176.14,1.8,20.25,1.79,202.38,1.58,20.01,1.28,0.26,1.76,20.01,1.85,0.32,1.73367,13.75422,1.28647,0.00183,1.65569,13.75422,1.8443,0.00122
S_LAP_A1,S_LAP,south,686,Western European broadleaf forests,393.269989,12.09402349,48.54027517,R22,R,grassland,2023,restored,fresh,mowing,NA,0.36,5.39,0.37,5.74,5.285,5.405,0.62,6.76,0.61,6.86,6.9,7.0975,1.34,5.76,1.41,260.95,1.49,5.76,1.76,268.42,1.51,24.26,1.13,0.72,1.83,24.26,1.73,0.54,1.81568,92.77003,1.44937,0.00236,2.28837,92.77003,1.83026,0.00309
S_LAP_A2,S_LAP,south,686,Western European broadleaf forests,393.269989,12.09402349,48.54027517,R,R,grassland,2023,restored,fresh,mowing,NA,0.23,5.78,0.44,5.55,5.285,5.405,0.42,7,0.45,7.09,6.9,7.0975,1.17,5.42,1.6,279.26,1.47,5.42,1.87,278.61,1.32,4.84,1.34,0.88,1.46,4.84,2,0.67,1.95671,19.33836,1.47751,2.50E-04,2.14458,19.33836,1.85672,0.00263
S_LAP_A3,S_LAP,south,686,Western European broadleaf forests,393.269989,12.09402349,48.54027517,R,R,grassland,2023,restored,fresh,mowing,NA,0.42,5.46,0.46,5.4,5.285,5.405,0.41,6.8,0.69,7.35,6.9,7.0975,1.26,13.22,1.31,254.28,1.63,13.22,1.86,252.33,1.26,4.84,1.24,0.73,1.41,4.84,2.03,0.68,1.73109,92.77003,1.31956,0.00144,2.23925,92.77003,1.76894,0.00296
S_LAP_A4,S_LAP,south,686,Western European broadleaf forests,393.269989,12.09402349,48.54027517,V15,R,grassland,2023,restored,fresh,mowing,NA,0.31,4.51,0.38,4.93,5.285,5.405,0.63,7.04,0.67,7.09,6.9,7.0975,1.64,25.19,1.31,253.56,1.76,25.19,1.89,253.98,1.93,23.69,1.55,0.39,1.73,23.69,1.83,0.49,2.37374,38.64477,1.49775,7.90E-04,1.96845,38.64477,1.7977,0.0013
S_LPI_A1,S_LPI,south,686,Western European broadleaf forests,329.0100098,12.7908912,48.69968268,R1A,R,arable land,2023,restored,dry,mowing,NA,0.35,3.84,0.28,4,4.0975,4.2575,0.72,7.45,0.77,7.08,7.0825,7.03,1.58,6.27,1.71,200.82,1.51,6.27,1.94,205.28,1.55,10.93,1.37,0.38,1.67,10.93,1.9,0.35,1.60677,17.03133,1.45334,0.00206,1.8533,17.03133,1.99481,0.00112
S_LPI_A2,S_LPI,south,686,Western European broadleaf forests,329.0100098,12.7908912,48.69968268,R22,R,arable land,2023,restored,dry,mowing,NA,0.34,4.26,0.44,4.5,4.0975,4.2575,0.45,6.97,0.45,6.97,7.0825,7.03,1.6,10.3,1.4,234.44,1.6,10.3,1.96,224.87,1.61,43.18,1.51,0.47,1.79,43.18,1.72,0.46,1.57585,26.42342,1.57666,0.00178,1.79074,26.42342,1.82382,0.00134
S_LPI_A3,S_LPI,south,686,Western European broadleaf forests,329.0100098,12.7908912,48.69968268,R,R,arable land,2023,restored,dry,mowing,NA,0.32,4.21,0.41,4.26,4.0975,4.2575,0.41,6.94,0.55,7.05,7.0825,7.03,1.59,8.1,1.47,222.52,1.57,8.1,1.89,217.05,1.49,48.44,1.44,0.45,1.82,48.44,1.79,0.41,1.64725,19.04631,1.6966,0.00178,1.75609,19.04631,1.88291,0.00104
S_LPI_A4,S_LPI,south,686,Western European broadleaf forests,329.0100098,12.7908912,48.69968268,R1A,R,arable land,2023,restored,dry,mowing,NA,0.36,4.08,0.41,4.27,4.0975,4.2575,0.54,6.97,0.63,7.02,7.0825,7.03,1.66,8.74,1.57,216.49,1.66,8.74,1.96,220.38,1.51,48.44,1.39,0.4,1.77,48.44,1.8,0.4,1.45643,19.04631,1.39734,0.00249,1.84888,19.04631,1.92026,9.50E-04
S_MAS_A1,S_MAS,south,686,Western European broadleaf forests,456.269989,11.6437404,48.33687532,R,R,grassland,2023,restored,moist,mowing,NA,0.81,7.22,0.59,6.16,5.7575,6.0125,0.38,6.94,0.59,6.79,7.19,6.8425,1.9,8.28,1.8,207.49,1.63,8.28,1.93,226.94,1.58,7.56,1.46,0.55,1.55,7.56,1.98,0.47,1.37195,27.36802,1.52592,0.00105,1.74303,27.36802,1.68719,0.0013
S_MAS_A2,S_MAS,south,686,Western European broadleaf forests,456.269989,11.6437404,48.33687532,R,R,grassland,2023,restored,moist,mowing,NA,0.54,5.42,0.48,6.16,5.7575,6.0125,0.57,7.13,0.55,6.78,7.19,6.8425,1.64,8.76,1.29,237.16,1.59,8.76,1.9,241.97,1.6,16.04,1.25,0.56,1.69,16.04,1.72,0.53,1.61002,77.09859,1.46719,0.00188,1.90523,77.09859,1.56194,0.00177
S_MAS_A3,S_MAS,south,686,Western European broadleaf forests,456.269989,11.6437404,48.33687532,R,R,grassland,2023,restored,moist,mowing,NA,0.59,4.86,0.57,6.08,5.7575,6.0125,0.52,7.62,0.45,7,7.19,6.8425,1.43,8.28,1.53,212.86,1.54,8.28,1.93,235.58,1.43,11.08,1.55,0.5,1.56,11.08,1.79,0.54,1.44851,27.36802,1.41463,0.00373,1.77952,27.36802,1.74274,0.00166
S_MAS_A4,S_MAS,south,686,Western European broadleaf forests,456.269989,11.6437404,48.33687532,R22,R,grassland,2023,restored,moist,mowing,NA,0.41,5.53,0.53,5.65,5.7575,6.0125,0.62,7.07,0.65,6.8,7.19,6.8425,1.48,7.72,1.72,248.98,1.52,7.72,1.82,243.31,1.66,12.43,1.57,0.52,1.68,12.43,1.76,0.5,1.48246,26.72425,1.53652,0.00152,1.68354,26.72425,1.61768,0.00119
S_MBM_A1,S_MBM,south,686,Western European broadleaf forests,372.0899963,12.30389712,48.62358624,R1A,R1A,arable land,2022,restored,moist,mowing,15,0.24,3.72,0.33,3.72,5.15,4.8725,0.49,7.42,0.57,7.47,7.0425,7.18,1.68,7.44,1.52,200.65,1.66,7.44,1.84,211.48,1.5,16.8,1.56,0.35,1.7,16.8,1.76,0.38,1.81114,90.03656,1.36145,0.0011,1.84357,90.03656,1.58805,0.00142
S_MBM_A2,S_MBM,south,686,Western European broadleaf forests,372.0899963,12.30389712,48.62358624,R1A,R1A,arable land,2022,restored,moist,mowing,15,0.18,3.84,0.3,3.89,5.15,4.8725,0.35,6.99,0.42,7.21,7.0425,7.18,1.51,7.44,1.44,219.38,1.69,7.44,1.96,207.44,1.43,16.8,1.41,0.4,1.77,16.8,1.83,0.37,1.71025,13.75422,1.70471,0.00154,1.58331,13.75422,1.69654,0.00146
S_MBM_A3,S_MBM,south,686,Western European broadleaf forests,372.0899963,12.30389712,48.62358624,R1A,R1A,arable land,2022,restored,moist,mowing,15,0.73,5.58,0.63,5.13,5.15,4.8725,0.46,6.8,0.38,7.12,7.0425,7.18,1.45,6.57,1.77,217.19,1.53,6.57,1.89,222.76,1.43,21.89,1.39,0.58,1.6,21.89,1.69,0.51,1.64355,114.20122,1.52646,0.00119,2.11248,114.20122,1.61643,0.0015
S_MBM_A4,S_MBM,south,686,Western European broadleaf forests,372.0899963,12.30389712,48.62358624,Q53,R1A,arable land,2022,restored,moist,mowing,15,0.49,7.46,0.64,6.75,5.15,4.8725,0.08,6.96,0.26,6.92,7.0425,7.18,1.43,25.04,1.17,182.49,1.77,25.04,1.73,214.24,1.21,4.62,1.06,0.73,1.51,4.62,1.85,0.58,1.26482,105.71441,1.14464,7.90E-04,2.36903,105.71441,1.85665,0.00175
S_MCH_A1,S_MCH,south,686,Western European broadleaf forests,395.6600037,12.07870896,48.53248617,R22,R22,grassland,2023,restored,fresh,mowing,NA,0.27,4.06,0.45,4.36,4.3025,4.3225,0.48,7.46,0.43,7.21,7.275,7.2225,1.38,25.88,1.66,204.53,1.72,25.88,1.59,221.88,1.3,21.12,1.43,0.48,1.66,21.12,1.66,0.4,1.61447,60.15062,1.42904,0.00209,1.72007,60.15062,1.60422,0.00241
S_MCH_A2,S_MCH,south,686,Western European broadleaf forests,395.6600037,12.07870896,48.53248617,R22,R22,grassland,2023,restored,fresh,mowing,NA,0.23,4.05,0.41,4.2,4.3025,4.3225,0.45,7.42,0.47,7.24,7.275,7.2225,1.48,191.64,1.52,214.38,1.89,191.64,1.43,225.55,1.28,21.12,1.36,0.47,1.66,21.12,1.67,0.43,1.47303,65.65601,1.48029,0.00172,1.77279,65.65601,1.59354,0.00213
S_MCH_A3,S_MCH,south,686,Western European broadleaf forests,395.6600037,12.07870896,48.53248617,R22,R22,grassland,2023,restored,fresh,mowing,NA,0.36,4.52,0.47,4.43,4.3025,4.3225,0.27,7.02,0.61,7.23,7.275,7.2225,1.5,36.72,1.2,220.38,1.8,36.72,1.62,223.63,1.37,21.12,1.37,0.47,1.6,21.12,1.55,0.43,1.53335,65.65601,1.28429,0.00125,1.85528,65.65601,1.64422,0.00221
S_MCH_A4,S_MCH,south,686,Western European broadleaf forests,395.6600037,12.07870896,48.53248617,R22,R22,grassland,2023,restored,fresh,mowing,NA,0.44,4.58,0.44,4.3,4.3025,4.3225,0.31,7.2,0.49,7.21,7.275,7.2225,1.58,25.94,1.3,224.06,1.75,25.94,1.63,223.42,1.43,21.12,1.31,0.49,1.74,21.12,1.67,0.43,1.61357,72.51469,1.08903,0.00187,1.78433,72.51469,1.693,0.00218
S_MHH_A1,S_MHH,south,686,Western European broadleaf forests,476.8200073,11.60328534,48.26931298,R,R,NA,2023,positive,dry,both,NA,0.34,3.81,0.47,4.21,3.76,4.24,0.57,7.41,0.54,7.16,7.4175,7.1,1.57,16.43,1.36,205.63,1.79,16.43,1.84,226.33,1.65,20.67,1.52,0.34,1.86,20.67,1.65,0.31,1.54118,7.52228,1.49258,0.00171,1.56509,7.52228,1.89504,0.00111
S_MHH_A2,S_MHH,south,686,Western European broadleaf forests,476.8200073,11.60328534,48.26931298,R,R,NA,2023,positive,dry,both,NA,0.39,3.66,0.53,4.37,3.76,4.24,0.63,7.38,0.46,7.03,7.4175,7.1,1.56,16.43,1.59,198.46,1.68,16.43,1.86,226.47,1.6,43.36,1.51,0.37,1.95,43.36,1.78,0.36,1.56422,114.20122,1.38456,0.0017,1.85173,114.20122,1.63517,0.0014
S_MHH_A3,S_MHH,south,686,Western European broadleaf forests,476.8200073,11.60328534,48.26931298,R,R,NA,2023,positive,dry,both,NA,0.42,3.91,0.49,4.34,3.76,4.24,0.54,7.4,0.47,7.11,7.4175,7.1,1.76,17.12,1.58,214.48,1.72,17.12,1.89,229.64,1.62,43.36,1.53,0.45,1.79,43.36,1.62,0.38,1.70472,107.55081,1.51036,0.00192,1.83551,107.55081,1.6212,0.0018
S_MHH_A4,S_MHH,south,686,Western European broadleaf forests,476.8200073,11.60328534,48.26931298,R,R,NA,2023,positive,dry,both,NA,0.35,3.66,0.31,4.04,3.76,4.24,0.54,7.48,0.49,7.1,7.4175,7.1,1.71,8.38,1.74,210.02,1.61,8.38,1.89,224.16,1.75,44.79,1.6,0.42,1.78,44.79,1.65,0.35,1.58226,24.20282,1.30785,0.00205,1.8938,24.20282,1.85597,0.00145
S_MTK_A1,S_MTK,south,686,Western European broadleaf forests,450.3099976,12.71665297,48.35337998,R,R,NA,2023,positive,fresh,mowing,NA,0.28,4.97,0.38,5.16,5.065,5.1475,0.47,7.11,0.56,6.92,7.0025,6.895,1.47,7.72,1.44,221.85,1.5,7.72,1.82,238.98,1.35,10.24,1.19,0.49,1.61,10.24,1.81,0.43,1.44865,26.72425,1.52039,0.00128,1.65383,26.72425,1.62504,0.00113
S_MTK_A2,S_MTK,south,686,Western European broadleaf forests,450.3099976,12.71665297,48.35337998,R,R,NA,2023,positive,fresh,mowing,NA,0.39,5.08,0.33,5.12,5.065,5.1475,0.56,6.92,0.66,6.88,7.0025,6.895,1.69,8.05,1.74,227.73,1.58,8.05,1.85,242.14,1.65,26.51,1.42,0.44,1.74,26.51,1.62,0.39,1.58201,37.27973,1.48277,9.70E-04,1.68661,37.27973,1.5535,9.60E-04
S_MTK_A3,S_MTK,south,686,Western European broadleaf forests,450.3099976,12.71665297,48.35337998,R,R,NA,2023,positive,fresh,mowing,NA,0.39,5.2,0.35,5.26,5.065,5.1475,0.5,6.89,0.69,6.9,7.0025,6.895,1.7,8.05,1.56,247.84,1.55,8.05,1.81,240.46,1.65,26.51,1.42,0.45,1.75,26.51,1.6,0.41,1.69813,37.27973,1.47514,7.70E-04,1.84614,37.27973,1.54899,0.00126
S_MTK_A4,S_MTK,south,686,Western European broadleaf forests,450.3099976,12.71665297,48.35337998,R22,R,NA,2023,positive,fresh,mowing,NA,0.28,5.01,0.25,5.05,5.065,5.1475,0.37,7.09,0.66,6.88,7.0025,6.895,1.93,8.05,1.82,250.85,1.57,8.05,1.87,245.47,1.48,26.51,1.41,0.49,1.84,26.51,1.65,0.39,1.92385,37.27973,1.5825,4.80E-04,1.64198,37.27973,1.57156,8.80E-04
S_NOZ_A1,S_NOZ,south,686,Western European broadleaf forests,467.4899902,11.85303491,48.30648641,R,R,arable land,2022,restored,fresh,mowing,2,0.38,4.4,0.49,4.8,4.35,4.87,0.41,7.33,0.55,7.44,7.5075,7.4,1.46,10.05,1.49,241.48,1.56,10.05,1.78,241.46,1.21,11.08,1.33,0.45,1.48,11.08,1.67,0.48,1.382,21.53837,1.52279,0.00152,1.75448,21.53837,1.74243,0.00163
S_NOZ_A2,S_NOZ,south,686,Western European broadleaf forests,467.4899902,11.85303491,48.30648641,R,R,arable land,2022,restored,fresh,mowing,2,0.5,4.54,0.46,4.92,4.35,4.87,0.45,7.62,0.5,7.32,7.5075,7.4,1.65,9.11,1.39,220.7,1.53,9.11,1.81,243.3,1.39,21.12,1.29,0.53,1.51,21.12,1.54,0.47,1.81885,66.4792,1.47008,0.00109,1.85306,66.4792,1.60218,0.00168
S_NOZ_A3,S_NOZ,south,686,Western European broadleaf forests,467.4899902,11.85303491,48.30648641,R,R,arable land,2022,restored,fresh,mowing,2,0.31,4.22,0.47,4.81,4.35,4.87,0.47,7.47,0.51,7.48,7.5075,7.4,1.65,10.88,1.3,223.11,1.63,10.88,1.84,240.98,1.33,21.12,1.4,0.49,1.53,21.12,1.55,0.46,1.66317,185.51455,1.43566,0.00169,1.93448,185.51455,1.5551,0.0015
S_NOZ_A4,S_NOZ,south,686,Western European broadleaf forests,467.4899902,11.85303491,48.30648641,R,R,arable land,2022,restored,fresh,mowing,2,0.31,4.24,0.44,4.95,4.35,4.87,0.46,7.61,0.53,7.36,7.5075,7.4,1.58,10.88,1.51,220.34,1.59,10.88,1.77,240.02,1.39,11.08,1.37,0.51,1.43,11.08,1.58,0.51,1.7549,21.53837,1.60238,0.00124,1.6224,21.53837,1.71185,0.00124
S_OST_A1,S_OST,south,686,Western European broadleaf forests,312.3200073,13.0299326,48.69049221,R,R,arable land,2023,restored,moist,mowing,13,0.69,5.03,0.58,5.24,5.595,5.2575,0.44,7.25,0.39,7.09,6.99,6.9625,1.8,58.63,1.42,197.51,1.9,58.63,1.72,223.46,2.29,43.6,1.49,0.37,2.01,43.6,1.7,0.43,1.579,34.34727,1.37903,0.0015,1.84335,34.34727,1.82135,0.00116
S_OST_A2,S_OST,south,686,Western European broadleaf forests,312.3200073,13.0299326,48.69049221,R22,R,arable land,2023,restored,moist,mowing,13,0.55,5.03,0.57,5.24,5.595,5.2575,0.43,6.98,0.46,6.95,6.99,6.9625,1.69,17.81,1.66,233.6,1.56,17.81,1.69,247.43,1.96,43.36,1.79,0.43,1.92,43.36,1.71,0.44,1.59535,35.74697,1.4803,8.90E-04,1.83455,35.74697,1.74033,0.00107
S_OST_A3,S_OST,south,686,Western European broadleaf forests,312.3200073,13.0299326,48.69049221,R,R,arable land,2023,restored,moist,mowing,13,0.59,6.09,0.56,5.22,5.595,5.2575,0.5,6.66,0.37,6.91,6.99,6.9625,1.45,17.35,1.5,218.83,1.63,17.35,1.73,232.79,1.49,45.84,1.45,0.45,1.92,45.84,1.76,0.43,1.48807,24.49411,1.44609,0.00252,1.80028,24.49411,1.69516,0.00104
S_OST_A4,S_OST,south,686,Western European broadleaf forests,312.3200073,13.0299326,48.69049221,R,R,arable land,2023,restored,moist,mowing,13,0.66,6.23,0.68,5.33,5.595,5.2575,0.23,7.07,0.45,6.9,6.99,6.9625,1.43,11.72,1.65,189.2,1.55,11.72,1.78,212.53,2.2,35.99,1.5,0.42,2.09,35.99,1.99,0.36,1.50627,44.3388,1.14526,0.00139,1.85223,44.3388,1.66084,0.00112
S_OSW_A1,S_OSW,south,686,Western European broadleaf forests,447.0899963,12.77263565,48.34503539,R22,R22,arable land,2023,restored,fresh,mowing,11,0.32,4.58,0.36,4.75,4.835,4.82,0.42,7.13,0.47,7.04,7.1325,6.9775,1.67,8.05,1.65,225.84,1.6,8.05,1.98,241.72,1.46,22.74,1.37,0.43,1.89,22.74,1.72,0.39,1.47724,10.79376,1.59963,0.00121,1.61215,10.79376,1.86572,7.50E-04
S_OSW_A2,S_OSW,south,686,Western European broadleaf forests,447.0899963,12.77263565,48.34503539,R22,R22,arable land,2023,restored,fresh,mowing,11,0.34,4.72,0.32,4.73,4.835,4.82,0.55,7.19,0.51,6.92,7.1325,6.9775,1.75,8.05,1.74,246.29,1.59,8.05,2.07,245.35,1.3,12.84,1.16,0.41,1.68,12.84,1.76,0.38,1.96074,22.79339,1.65495,0.001,1.68674,22.79339,1.75815,9.90E-04
S_OSW_A3,S_OSW,south,686,Western European broadleaf forests,447.0899963,12.77263565,48.34503539,R21,R22,arable land,2023,restored,fresh,mowing,11,0.33,5.18,0.29,4.95,4.835,4.82,0.39,7.1,0.5,6.91,7.1325,6.9775,1.73,8.05,1.6,288.49,1.59,8.05,1.95,260.75,1.36,12.84,1.24,0.45,1.64,12.84,1.77,0.39,2.00688,10.79376,1.48591,4.20E-04,1.64598,10.79376,1.95235,9.50E-04
S_OSW_A4,S_OSW,south,686,Western European broadleaf forests,447.0899963,12.77263565,48.34503539,R22,R22,arable land,2023,restored,fresh,mowing,11,0.33,4.86,0.35,4.85,4.835,4.82,0.4,7.11,0.45,7.04,7.1325,6.9775,1.76,11.08,1.61,248.56,1.67,11.08,1.99,252.31,1.39,6.74,1.46,0.43,1.57,6.74,1.82,0.43,1.71997,19.19681,1.43898,6.90E-04,1.70237,19.19681,1.72977,9.60E-04
S_PEI_A1,S_PEI,south,686,Western European broadleaf forests,374.6700134,12.04598848,48.91343401,R22,R22,grassland,2022,restored,fresh,mowing,2,0.44,5.13,0.36,5.33,5.5725,5.375,0.53,6.76,0.69,6.88,6.69,6.765,1.55,5.72,1.68,218.69,1.46,5.72,1.92,255.25,1.56,43.6,1.56,0.42,2.01,43.6,1.78,0.38,1.54855,44.56815,1.45876,8.60E-04,1.76189,44.56815,1.63088,7.50E-04
S_PEI_A2,S_PEI,south,686,Western European broadleaf forests,374.6700134,12.04598848,48.91343401,R22,R22,grassland,2022,restored,fresh,mowing,2,0.36,5.66,0.43,5.35,5.5725,5.375,0.51,6.73,0.75,6.64,6.69,6.765,1.59,5.64,1.43,231.3,1.45,5.64,1.92,248.83,1.46,22.74,1.39,0.48,1.75,22.74,1.79,0.43,1.49973,12.14919,1.46955,8.60E-04,1.75893,12.14919,1.88083,6.50E-04
S_PEI_A3,S_PEI,south,686,Western European broadleaf forests,374.6700134,12.04598848,48.91343401,R,R22,grassland,2022,restored,fresh,mowing,2,0.4,5.54,0.33,5.32,5.5725,5.375,0.74,6.77,0.63,6.86,6.69,6.765,1.58,5.71,1.43,227.95,1.48,5.71,1.9,254.68,1.53,45.73,1.25,0.42,2.01,45.73,1.72,0.38,1.4394,12.32395,1.51705,0.0013,1.68093,12.32395,1.73174,6.90E-04
S_PEI_A4,S_PEI,south,686,Western European broadleaf forests,374.6700134,12.04598848,48.91343401,R,R22,grassland,2022,restored,fresh,mowing,2,0.21,5.96,0.4,5.5,5.5725,5.375,0.52,6.5,0.78,6.68,6.69,6.765,1.47,5.72,1.68,265.03,1.42,5.72,1.87,257.35,1.73,43.6,1.2,0.47,2.07,43.6,1.71,0.39,1.46869,12.14919,1.35417,7.60E-04,1.65852,12.14919,1.73476,6.70E-04
S_PEN_A1,S_PEN,south,686,Western European broadleaf forests,365.8800049,12.08385737,48.91885874,R,R22,NA,2022,negative,moist,mowing,NA,0.68,6.65,0.59,6.12,5.7875,5.8075,0.37,6.78,0.49,6.74,6.9,6.8525,1.64,8.75,1.51,250.18,1.59,8.75,1.87,249.97,2.1,27.24,1.47,0.59,2.11,27.24,1.75,0.45,1.36433,44.56815,1.09106,5.80E-04,1.8715,44.56815,1.63508,7.30E-04
S_PEN_A2,S_PEN,south,686,Western European broadleaf forests,365.8800049,12.08385737,48.91885874,R,R22,NA,2022,negative,moist,mowing,NA,0.5,5.49,0.44,5.76,5.7875,5.8075,0.41,6.71,0.44,6.86,6.9,6.8525,1.49,6.06,1.42,253.42,1.54,6.06,1.93,260.96,1.43,29.33,1.34,0.58,2.14,29.33,1.81,0.44,1.41422,18.61817,1.24523,6.70E-04,1.71008,18.61817,1.73104,7.20E-04
S_PEN_A3,S_PEN,south,686,Western European broadleaf forests,365.8800049,12.08385737,48.91885874,R22,R22,NA,2022,negative,moist,mowing,NA,0.59,5.66,0.46,5.63,5.7875,5.8075,0.64,7.02,0.47,7,6.9,6.8525,1.69,25.78,1.71,221.7,1.64,25.78,1.62,245.38,1.82,29.84,1.36,0.49,2.38,29.84,1.81,0.42,1.52099,16.34421,1.23753,8.40E-04,1.7003,16.34421,1.72665,5.90E-04
S_PEN_A4,S_PEN,south,686,Western European broadleaf forests,365.8800049,12.08385737,48.91885874,R22,R22,NA,2022,negative,moist,mowing,NA,0.46,5.35,0.5,5.72,5.7875,5.8075,0.51,7.09,0.63,6.81,6.9,6.8525,1.34,25.39,1.51,248.37,1.68,25.39,1.62,237.64,1.32,24.87,1.5,0.48,2.15,24.87,1.86,0.44,1.34446,27.24964,1.20033,0.00173,1.86429,27.24964,1.70697,9.00E-04
S_POP_A1,S_POP,south,686,Western European broadleaf forests,454.3699951,12.752462,48.34326695,R22,R22,arable land,2023,restored,fresh,mowing,6,0.43,6.09,0.32,5.14,5.53,5.075,0.77,6.93,0.54,7.11,6.9575,7.1125,1.41,4.34,1.42,277.64,1.48,4.34,1.81,258.81,1.71,21.12,1.61,0.59,1.8,21.12,1.7,0.44,1.63863,23.04331,1.39131,5.50E-04,1.60096,23.04331,1.60637,0.00111
S_POP_A2,S_POP,south,686,Western European broadleaf forests,454.3699951,12.752462,48.34326695,R22,R22,arable land,2023,restored,fresh,mowing,6,0.36,5.32,0.36,5.08,5.53,5.075,0.51,6.95,0.46,7.11,6.9575,7.1125,1.64,5.41,1.57,255.53,1.47,5.41,1.94,255.35,1.79,21.12,1.74,0.42,1.61,21.12,1.6,0.44,1.50068,23.04331,1.50572,8.20E-04,1.5621,23.04331,1.65289,0.00101
S_POP_A3,S_POP,south,686,Western European broadleaf forests,454.3699951,12.752462,48.34326695,R22,R22,arable land,2023,restored,fresh,mowing,6,0.47,5.5,0.34,5,5.53,5.075,0.63,7.02,0.49,7.16,6.9575,7.1125,1.61,4.34,1.47,255.84,1.42,4.34,1.93,254.98,1.94,21.12,1.4,0.48,1.65,21.12,1.65,0.43,1.64906,23.04331,1.08353,7.90E-04,1.58264,23.04331,1.58385,0.00112
S_POP_A4,S_POP,south,686,Western European broadleaf forests,454.3699951,12.752462,48.34326695,R22,R22,arable land,2023,restored,fresh,mowing,6,0.37,5.21,0.36,5.08,5.53,5.075,0.44,6.93,0.48,7.07,6.9575,7.1125,1.58,4.34,1.38,238.53,1.45,4.34,1.9,248.41,1.45,21.12,1.49,0.42,1.74,21.12,1.66,0.42,1.53931,77.09859,1.076,8.00E-04,1.82113,77.09859,1.52008,0.00125
S_RUP_A1,S_RUP,south,686,Western European broadleaf forests,392.6499939,12.76338506,48.57072509,R,R,NA,2023,negative,fresh,mowing,NA,0.23,5.26,0.29,5.38,5.16,5.445,0.51,7.64,0.6,7,7.7675,7.1175,1.14,4.34,1.03,263.16,1.36,4.34,1.52,254.18,1.12,4.6,1.03,0.55,1.61,4.6,1.79,0.49,1.38595,3.5044,1.9989,0.0013,1.36126,3.5044,2.00019,7.90E-04
S_RUP_A2,S_RUP,south,686,Western European broadleaf forests,392.6499939,12.76338506,48.57072509,R,R,NA,2023,negative,fresh,mowing,NA,0.07,5.07,0.34,5.5,5.16,5.445,0.21,7.87,0.66,7.14,7.7675,7.1175,1.03,2.23,1.32,256.89,1.27,2.23,1.81,269.53,1.08,23.36,1.02,0.55,2.39,23.36,1.5,0.43,1.08807,5.15158,1.55401,0.00186,1.5924,5.15158,2.10188,6.10E-04
S_RUP_A3,S_RUP,south,686,Western European broadleaf forests,392.6499939,12.76338506,48.57072509,R21,R,NA,2023,negative,fresh,mowing,NA,0.08,5.09,0.33,5.4,5.16,5.445,0.28,7.82,0.6,7.33,7.7675,7.1175,1.05,2.23,1.19,256.7,1.29,2.23,2.22,278.32,1.12,23.36,1.31,0.56,2.93,23.36,2.04,0.31,1.11262,5.15158,1.47441,0.00185,1.66058,5.15158,1.93076,5.80E-04
S_RUP_A4,S_RUP,south,686,Western European broadleaf forests,392.6499939,12.76338506,48.57072509,R,R,NA,2023,negative,fresh,mowing,NA,0.19,5.22,0.34,5.5,5.16,5.445,0.4,7.74,0.6,7,7.7675,7.1175,1.1,1.89,1.17,261.64,1.28,1.89,1.65,278.81,1.07,8.86,1.02,0.55,2.13,8.86,1.52,0.42,1.2947,3.5044,1.5282,0.00147,1.34088,3.5044,1.83149,5.70E-04
S_SBA_A1,S_SBA,south,686,Western European broadleaf forests,347.6199951,12.91630909,48.22090622,R,R1A,NA,2022,positive,dry,mowing,NA,0.31,3.87,0.43,4.31,3.775,4.1525,0.65,7.26,0.49,7.03,7.085,7.1775,1.43,8.94,1.24,230.82,1.51,8.94,1.94,233.03,1.64,27.62,1.47,0.49,1.84,27.62,1.82,0.4,2.00501,290.24644,1.54048,0.00128,2.11516,290.24644,1.62708,9.90E-04
S_SBA_A2,S_SBA,south,686,Western European broadleaf forests,347.6199951,12.91630909,48.22090622,R1A,R1A,NA,2022,positive,dry,mowing,NA,0.37,3.36,0.29,3.91,3.775,4.1525,0.75,7.21,0.61,7.28,7.085,7.1775,1.44,17.12,1.52,204.21,1.6,17.12,1.84,209.71,1.75,26.37,1.57,0.38,1.86,26.37,1.79,0.35,2.03073,108.64715,1.5839,7.50E-04,1.9857,108.64715,1.61909,7.20E-04
S_SBA_A3,S_SBA,south,686,Western European broadleaf forests,347.6199951,12.91630909,48.22090622,R1A,R1A,NA,2022,positive,dry,mowing,NA,0.34,3.83,0.36,4.1,3.775,4.1525,0.7,6.96,0.58,7.16,7.085,7.1775,1.26,8.47,1.43,214.05,1.52,8.47,1.71,220.26,1.88,27.62,1.57,0.36,1.87,27.62,1.92,0.36,1.82784,147.5485,1.17984,9.70E-04,2.33537,147.5485,1.67627,7.00E-04
S_SBA_A4,S_SBA,south,686,Western European broadleaf forests,347.6199951,12.91630909,48.22090622,R1A,R1A,NA,2022,positive,dry,mowing,NA,0.33,4.04,0.52,4.29,3.775,4.1525,0.52,6.91,0.57,7.24,7.085,7.1775,1.29,13.16,1.39,209.78,1.57,13.16,1.83,209.6,2.26,57.77,1.67,0.3,2.1,57.77,1.8,0.31,1.81994,965.86803,1.4576,0.00229,2.30259,965.86803,1.50825,7.80E-04
S_SBN_A1,S_SBN,south,686,Western European broadleaf forests,347.3800049,12.91495514,48.2218162,R1A,R1A,arable land,2022,restored,dry,mowing,15,0.47,3.33,0.42,4.03,3.835,4.2325,0.36,7.78,0.62,7.56,7.515,7.375,1.42,6.88,1.56,193.86,1.57,6.88,2.02,201.68,2.2,89.49,1.45,0.27,2.03,89.49,1.66,0.31,1.66399,44.3388,1.40711,0.001,1.79508,44.3388,1.68041,9.20E-04
S_SBN_A2,S_SBN,south,686,Western European broadleaf forests,347.3800049,12.91495514,48.2218162,R1A,R1A,arable land,2022,restored,dry,mowing,15,0.55,3.88,0.52,4.21,3.835,4.2325,0.57,7.36,0.53,7.25,7.515,7.375,1.62,15.28,1.52,199.45,1.55,15.28,1.84,212.57,1.68,73.38,1.52,0.32,1.92,73.38,1.64,0.32,1.82412,965.86803,1.43287,9.40E-04,2.27206,965.86803,1.50442,8.20E-04
S_SBN_A3,S_SBN,south,686,Western European broadleaf forests,347.3800049,12.91495514,48.2218162,R1A,R1A,arable land,2022,restored,dry,mowing,15,0.42,3.66,0.57,4.29,3.835,4.2325,0.49,7.55,0.53,7.28,7.515,7.375,1.41,15.28,1.59,202.82,1.48,15.28,1.73,205.47,1.58,73.38,1.54,0.3,1.84,73.38,1.63,0.31,1.70358,147.5485,1.35498,7.70E-04,2.01661,147.5485,1.62966,7.60E-04
S_SBN_A4,S_SBN,south,686,Western European broadleaf forests,347.3800049,12.91495514,48.2218162,R1A,R1A,arable land,2022,restored,dry,mowing,15,0.56,4.47,0.58,4.4,3.835,4.2325,0.51,7.37,0.67,7.41,7.515,7.375,1.41,11.48,1.4,200.05,1.7,11.48,1.83,219.66,1.97,120.41,1.47,0.33,2,120.41,1.67,0.32,1.7006,108.64715,1.30969,8.00E-04,2.11266,108.64715,1.67262,5.10E-04
S_SHH_A1,S_SHH,south,686,Western European broadleaf forests,377.3399963,11.80223937,48.84317953,R21,R22,arable land,2022,restored,dry,grazing,22,0.27,4.36,0.34,4.36,4.255,4.285,0.54,7.27,0.63,7.11,7.18,7.1425,1.86,28.89,1.41,252.89,1.88,28.89,1.81,227.73,1.5,35.24,1.41,0.38,1.96,35.24,1.79,0.29,1.85481,37.27973,1.19872,6.50E-04,1.78564,37.27973,1.64882,8.50E-04
S_SHH_A2,S_SHH,south,686,Western European broadleaf forests,377.3399963,11.80223937,48.84317953,R21,R22,arable land,2022,restored,dry,grazing,22,0.23,4.06,0.34,4.15,4.255,4.285,0.45,7.17,0.59,7.15,7.18,7.1425,2,28.89,1.54,222.29,1.87,28.89,1.76,220.33,2.47,81.34,1.61,0.23,2.08,81.34,1.7,0.32,1.82487,24.20282,1.53581,4.80E-04,1.79504,24.20282,1.75643,7.80E-04
S_SHH_A3,S_SHH,south,686,Western European broadleaf forests,377.3399963,11.80223937,48.84317953,R22,R22,arable land,2022,restored,dry,grazing,22,0.27,4.17,0.36,4.18,4.255,4.285,0.44,7.15,0.56,7.12,7.18,7.1425,1.97,17.12,1.51,220.18,1.77,17.12,1.82,231.04,2.18,37.67,1.45,0.29,1.96,37.67,1.78,0.3,1.78659,24.20282,1.52763,6.20E-04,1.79498,24.20282,1.7543,7.80E-04
S_SHH_A4,S_SHH,south,686,Western European broadleaf forests,377.3399963,11.80223937,48.84317953,R22,R22,arable land,2022,restored,dry,grazing,22,0.34,4.43,0.45,4.45,4.255,4.285,0.44,7.13,0.57,7.19,7.18,7.1425,1.77,17.12,1.52,251.04,1.73,17.12,1.87,227.48,1.48,81.34,1.41,0.41,2.07,81.34,1.66,0.35,1.86153,22.79339,1.65098,7.30E-04,1.74057,22.79339,1.80678,8.90E-04
S_SIM_A1,S_SIM,south,686,Western European broadleaf forests,413.9100037,13.00670297,48.27852534,R,R,NA,2023,positive,fresh,mowing,NA,0.39,4.78,0.38,4.87,4.41,4.5725,0.38,7.03,0.44,6.96,7.105,7.1275,1.81,11.08,1.52,208.77,1.63,11.08,1.82,247.63,1.66,23.69,1.39,0.59,1.63,23.69,1.67,0.44,1.64311,111.48891,1.34929,0.00139,2.22133,111.48891,1.72661,0.00155
S_SIM_A2,S_SIM,south,686,Western European broadleaf forests,413.9100037,13.00670297,48.27852534,R22,R,NA,2023,positive,fresh,mowing,NA,0.18,4.11,0.37,4.36,4.41,4.5725,0.54,7.26,0.51,7.17,7.105,7.1275,1.65,10.73,1.69,230.13,1.61,10.73,1.79,229.39,1.83,44.79,1.44,0.53,1.74,44.79,1.65,0.41,1.52273,12.8461,1.81681,0.00139,1.59915,12.8461,1.8395,9.80E-04
S_SIM_A3,S_SIM,south,686,Western European broadleaf forests,413.9100037,13.00670297,48.27852534,R22,R,NA,2023,positive,fresh,mowing,NA,0.34,4.94,0.35,4.93,4.41,4.5725,0.27,7.05,0.46,7.03,7.105,7.1275,1.92,10.73,1.68,229.27,1.59,10.73,1.85,248.71,1.82,48.56,1.7,0.41,1.78,48.56,1.54,0.42,1.49218,55.5781,1.48743,0.0011,1.7513,55.5781,1.6179,9.10E-04
S_SIM_A4,S_SIM,south,686,Western European broadleaf forests,413.9100037,13.00670297,48.27852534,R1A,R,NA,2023,positive,fresh,mowing,NA,0.23,3.81,0.36,4.13,4.41,4.5725,0.8,7.08,0.57,7.35,7.105,7.1275,1.32,5.39,1.57,234.56,1.52,5.39,2.02,225.42,1.51,49.58,1.46,0.48,2.13,49.58,1.7,0.35,1.26278,94.93151,1.23482,0.00248,1.73541,94.93151,1.57828,0.00175
S_SNF_A1,S_SNF,south,686,Western European broadleaf forests,423.6199951,12.82663992,48.49460355,R,R,arable land,2022,restored,moist,mowing,4,0.33,6.42,0.58,6.32,6.3075,5.9475,0.7,6.54,0.77,6.62,6.625,6.6,1.82,28.37,1.34,242.04,1.79,28.37,1.59,261.38,1.58,19.47,1.64,0.56,1.67,19.47,1.63,0.48,1.69694,17.9079,1.64507,5.30E-04,1.93022,17.9079,1.92752,4.60E-04
S_SNF_A2,S_SNF,south,686,Western European broadleaf forests,423.6199951,12.82663992,48.49460355,R,R,arable land,2022,restored,moist,mowing,4,0.31,6.32,0.38,5.93,6.3075,5.9475,0.53,6.28,1.06,6.4,6.625,6.6,1.41,5.86,1.43,284.84,1.64,5.86,1.88,273.8,1.41,7.71,1.52,0.55,1.94,7.71,1.77,0.37,1.60039,12.90401,1.60814,4.30E-04,1.79212,12.90401,2.00395,5.20E-04
S_SNF_A3,S_SNF,south,686,Western European broadleaf forests,423.6199951,12.82663992,48.49460355,R,R,arable land,2022,restored,moist,mowing,4,0.64,6.78,0.55,6,6.3075,5.9475,0.87,6.87,0.95,6.67,6.625,6.6,1.33,5.86,1.24,304.08,1.46,5.86,1.86,279.99,1.46,18.89,1.4,0.49,1.98,18.89,1.81,0.34,1.50023,8.00232,1.56574,4.80E-04,1.51422,8.00232,1.80098,4.50E-04
S_SNF_A4,S_SNF,south,686,Western European broadleaf forests,423.6199951,12.82663992,48.49460355,R,R,arable land,2022,restored,moist,mowing,4,0.42,5.71,0.58,5.54,6.3075,5.9475,0.58,6.81,0.81,6.71,6.625,6.6,1.73,25.06,1.3,259.6,1.7,25.06,1.6,241.54,1.62,47.69,1.57,0.4,1.92,47.69,1.75,0.36,1.90647,17.33117,1.71886,7.10E-04,1.60662,17.33117,1.66118,6.20E-04
S_STB_A1,S_STB,south,686,Western European broadleaf forests,461.6099854,12.90330298,48.34946692,R21,R21,arable land,2023,restored,moist,mowing,17,0.38,4.95,0.37,4.88,5.17,5.16,0.49,7.25,0.5,7.15,7.1975,7.03,1.93,237.46,1.51,227.06,1.97,237.46,1.53,217.19,1.83,27.24,1.63,0.31,1.85,27.24,1.84,0.33,1.5363,70.1794,1.3588,7.10E-04,1.74852,70.1794,1.62808,7.80E-04
S_STB_A2,S_STB,south,686,Western European broadleaf forests,461.6099854,12.90330298,48.34946692,R,R21,arable land,2023,restored,moist,mowing,17,0.43,5.64,0.53,5.5,5.17,5.16,0.48,7.26,0.36,7,7.1975,7.03,3.28,227.98,1.54,198.57,2.08,227.98,1.53,214.45,1.55,7.61,1.46,0.39,1.62,7.61,1.92,0.35,1.78858,87.36615,1.34129,4.70E-04,1.8933,87.36615,1.64017,5.90E-04
S_STB_A3,S_STB,south,686,Western European broadleaf forests,461.6099854,12.90330298,48.34946692,R21,R21,arable land,2023,restored,moist,mowing,17,0.42,5.15,0.47,5.26,5.17,5.16,0.37,7.16,0.61,6.94,7.1975,7.03,1.82,227.98,1.42,245.02,2.09,227.98,1.58,218.26,1.46,20.06,1.51,0.36,1.79,20.06,1.79,0.32,1.45503,38.50358,1.44466,7.00E-04,1.78561,38.50358,1.75105,6.30E-04
S_STB_A4,S_STB,south,686,Western European broadleaf forests,461.6099854,12.90330298,48.34946692,R21,R21,arable land,2023,restored,moist,mowing,17,0.27,4.94,0.39,5,5.17,5.16,0.57,7.12,0.45,7.03,7.1975,7.03,1.7,237.46,1.51,235.69,2.07,237.46,1.57,221.68,1.82,30.15,1.71,0.26,1.93,30.15,1.89,0.31,1.41871,70.1794,1.30994,9.20E-04,1.65295,70.1794,1.53261,7.60E-04
S_STW_A1,S_STW,south,686,Western European broadleaf forests,310.8900146,12.95283715,48.80354079,R37,R35,NA,2022,positive,moist,mowing,NA,0.56,6.31,0.71,6.4,6.1675,6.4975,0.43,6.71,0.47,6.89,6.72,6.7875,1.36,16.3,1.47,205.71,1.72,16.3,1.77,226.94,1.95,30.78,1.5,0.49,1.83,30.78,1.74,0.41,1.72337,965.86803,1.23548,0.00155,2.02376,965.86803,1.47874,0.00168
S_STW_A2,S_STW,south,686,Western European broadleaf forests,310.8900146,12.95283715,48.80354079,R35,R35,NA,2022,positive,moist,mowing,NA,0.47,6.87,0.62,7.31,6.1675,6.4975,0.46,6.58,0.46,6.72,6.72,6.7875,1.55,14.95,1.5,214.72,1.64,14.95,1.71,215.81,2,22.66,1.27,0.51,1.84,22.66,1.67,0.5,1.73045,207.62251,1.37043,0.00102,2.14598,207.62251,1.65691,0.00157
S_STW_A3,S_STW,south,686,Western European broadleaf forests,310.8900146,12.95283715,48.80354079,R,R35,NA,2022,positive,moist,mowing,NA,0.59,5.36,0.5,6.1,6.1675,6.4975,0.57,7.06,0.58,6.78,6.72,6.7875,1.55,16.3,1.33,216.33,1.73,16.3,1.85,238.74,1.36,12.84,1.38,0.44,1.6,12.84,1.79,0.45,1.57408,114.20122,1.19416,0.00201,1.79982,114.20122,1.50728,0.00157
S_STW_A4,S_STW,south,686,Western European broadleaf forests,310.8900146,12.95283715,48.80354079,R,R35,NA,2022,positive,moist,mowing,NA,0.45,6.13,0.61,6.18,6.1675,6.4975,0.57,6.53,0.54,6.76,6.72,6.7875,1.44,16.79,1.24,228.04,1.73,16.79,1.82,243.03,1.42,13.88,1.21,0.46,1.66,13.88,1.8,0.46,1.61661,114.20122,1.44364,0.00216,1.69604,114.20122,1.52665,0.00123
S_TIE_A1,S_TIE,south,686,Western European broadleaf forests,395.0599976,12.09043374,48.51097382,R22,R22,arable land,2023,restored,fresh,mowing,6,0.39,5.46,0.46,5,4.845,4.8675,0.24,7.04,0.44,7.17,7.2875,7.1925,1.51,5.45,1.32,266.18,1.47,5.45,1.97,243.32,1.35,21.12,1.33,0.53,1.54,21.12,1.53,0.47,1.80101,10.24089,1.56532,0.00168,1.67215,10.24089,2.04202,0.00168
S_TIE_A2,S_TIE,south,686,Western European broadleaf forests,395.0599976,12.09043374,48.51097382,R22,R22,arable land,2023,restored,fresh,mowing,6,0.49,5.05,0.43,5,4.845,4.8675,0.55,7.2,0.49,7.19,7.2875,7.1925,1.58,6.98,1.77,243.41,1.54,6.98,1.86,241.12,1.39,21.12,1.42,0.51,1.5,21.12,1.57,0.48,1.75599,10.24089,2.10599,0.002,1.70218,10.24089,2.00442,0.00176
S_TIE_A3,S_TIE,south,686,Western European broadleaf forests,395.0599976,12.09043374,48.51097382,R22,R22,arable land,2023,restored,fresh,mowing,6,0.45,4.54,0.49,4.82,4.845,4.8675,0.51,7.4,0.49,7.24,7.2875,7.1925,1.58,6.98,1.51,234.24,1.45,6.98,1.87,235.01,1.29,11.08,1.56,0.48,1.5,11.08,1.74,0.49,1.59296,11.47425,1.41233,0.00217,1.77034,11.47425,2.04705,0.00263
S_TIE_A4,S_TIE,south,686,Western European broadleaf forests,395.0599976,12.09043374,48.51097382,R,R22,arable land,2023,restored,fresh,mowing,6,0.36,4.33,0.43,4.65,4.845,4.8675,0.55,7.51,0.66,7.17,7.2875,7.1925,1.59,7.27,1.77,225.47,1.59,7.27,1.9,234.44,1.38,9.75,1.35,0.4,1.54,9.75,1.71,0.39,1.59604,16.56783,1.47634,0.00252,1.69892,16.56783,1.79407,0.00145
S_TRN_A1,S_TRN,south,686,Western European broadleaf forests,396.25,11.82695299,48.73620979,V15,R,arable land,2023,restored,fresh,mowing,NA,0.33,4.43,0.29,4.8,4.4375,4.6425,0.47,7.17,0.66,6.76,6.7775,6.77,1.48,33.03,1.56,242.37,1.72,33.03,1.72,255.12,2.48,53.06,1.46,0.37,2.25,53.06,1.75,0.3,2.04804,20.31121,1.47801,0.00208,1.78571,20.31121,1.81901,8.30E-04
S_TRN_A2,S_TRN,south,686,Western European broadleaf forests,396.25,11.82695299,48.73620979,R,R,arable land,2023,restored,fresh,mowing,NA,0.37,4.47,0.38,4.55,4.4375,4.6425,1.02,6.21,0.73,6.64,6.7775,6.77,2.49,13.75,1.57,280.71,1.62,13.75,1.7,225.98,1.98,53.06,1.4,0.32,2.3,53.06,1.86,0.3,1.41729,20.31121,1.6117,7.40E-04,1.73717,20.31121,1.81405,6.10E-04
S_TRN_A3,S_TRN,south,686,Western European broadleaf forests,396.25,11.82695299,48.73620979,R,R,arable land,2023,restored,fresh,mowing,NA,0.41,4.32,0.38,4.43,4.4375,4.6425,0.84,6.99,0.54,6.9,6.7775,6.77,1.91,19.92,1.68,241.21,1.73,19.92,1.72,226.91,1.79,43.6,1.34,0.34,1.92,43.6,1.79,0.33,1.49355,20.31121,1.42685,8.30E-04,2.06776,20.31121,2.0337,6.30E-04
S_TRN_A4,S_TRN,south,686,Western European broadleaf forests,396.25,11.82695299,48.73620979,V,R,arable land,2023,restored,fresh,mowing,NA,0.29,4.53,0.35,4.79,4.4375,4.6425,0.58,6.74,0.73,6.78,6.7775,6.77,1.56,14.76,1.37,255.11,1.7,14.76,1.82,255.6,1.87,14.8,1.45,0.46,2.04,14.8,2.11,0.31,1.62046,13.2324,1.3553,0.00179,1.65646,13.2324,1.91475,8.30E-04
S_UKB_A1,S_UKB,south,686,Western European broadleaf forests,445.0400085,11.57301044,48.43279483,R,R22,NA,2023,negative,fresh,mowing,NA,0.39,5.18,0.33,5.19,5.3575,5.205,0.52,6.92,0.51,7.05,6.8275,7.04,1.56,75.38,1.37,248,1.81,75.38,1.5,236.85,1.89,43.6,1.64,0.44,2.03,43.6,1.86,0.45,1.6563,19.02373,1.60213,9.00E-04,1.82384,19.02373,1.83336,0.00103
S_UKB_A2,S_UKB,south,686,Western European broadleaf forests,445.0400085,11.57301044,48.43279483,R22,R22,NA,2023,negative,fresh,mowing,NA,0.37,5.34,0.23,5,5.3575,5.205,0.55,6.79,0.57,7.06,6.8275,7.04,1.47,60.38,1.21,223.16,1.83,60.38,1.44,230.39,1.46,43.6,1.39,0.49,2.26,43.6,1.91,0.42,1.84267,20.04222,1.46541,8.80E-04,1.91023,20.04222,1.80657,9.50E-04
S_UKB_A3,S_UKB,south,686,Western European broadleaf forests,445.0400085,11.57301044,48.43279483,R,R22,NA,2023,negative,fresh,mowing,NA,0.37,5.57,0.38,5.44,5.3575,5.205,0.72,6.95,0.54,7,6.8275,7.04,1.62,75.38,1.35,263.94,1.84,75.38,1.5,242.75,1.79,43.6,1.47,0.45,2.07,43.6,1.78,0.43,2.02984,26.72425,1.65867,0.00121,1.92295,26.72425,1.72543,0.0011
S_UKB_A4,S_UKB,south,686,Western European broadleaf forests,445.0400085,11.57301044,48.43279483,R22,R22,NA,2023,negative,fresh,mowing,NA,0.35,5.34,0.32,5.19,5.3575,5.205,0.58,6.65,0.49,7.05,6.8275,7.04,1.72,75.38,1.66,228.47,1.82,75.38,1.42,247.12,1.74,43.6,1.3,0.5,2.26,43.6,1.82,0.4,1.60474,28.15501,1.7823,0.00111,1.94174,28.15501,1.81372,9.90E-04
S_VIB_A1,S_VIB,south,686,Western European broadleaf forests,437.019989,12.36689193,48.45628545,R,R,NA,2023,negative,moist,mowing,NA,0.5,5.95,0.4,5.62,6.1575,5.5475,0.8,6.95,0.59,7.12,6.7775,7.1525,1.31,1.96,1.06,288.71,1.32,1.96,1.59,281.19,1.38,9.75,1.66,0.57,1.92,9.75,1.8,0.42,1.78932,6.16793,1.84454,4.60E-04,1.53114,6.16793,2.02263,9.40E-04
S_VIB_A2,S_VIB,south,686,Western European broadleaf forests,437.019989,12.36689193,48.45628545,R,R,NA,2023,negative,moist,mowing,NA,0.46,6.29,0.38,5.5,6.1575,5.5475,0.77,6.65,0.59,7.12,6.7775,7.1525,1.28,2.44,1.37,290.62,1.33,2.44,1.94,270.99,1.39,20.12,1.5,0.56,2.56,20.12,2.1,0.28,1.91052,11.92942,1.32608,4.20E-04,1.81717,11.92942,1.91279,4.00E-04
S_VIB_A3,S_VIB,south,686,Western European broadleaf forests,437.019989,12.36689193,48.45628545,R,R,NA,2023,negative,moist,mowing,NA,0.5,6.13,0.38,5.5,6.1575,5.5475,0.8,6.78,0.68,7.25,6.7775,7.1525,1.04,1.25,1.53,307.12,1.09,1.25,1.46,304.79,1.69,8.75,1.61,0.53,2.22,8.75,2,0.29,1.13005,1.89451,1.90148,2.00E-04,1.28495,1.89451,1.59759,3.60E-04
S_VIB_A4,S_VIB,south,686,Western European broadleaf forests,437.019989,12.36689193,48.45628545,R,R,NA,2023,negative,moist,mowing,NA,0.47,6.26,0.42,5.57,6.1575,5.5475,0.8,6.73,0.59,7.12,6.7775,7.1525,1.25,2.44,1.14,294.59,1.35,2.44,1.75,263.07,1.34,23.36,1.5,0.59,2.67,23.36,1.97,0.35,1.67112,11.92942,1.6322,3.10E-04,2.05547,11.92942,2.08095,5.30E-04
S_VLP_A1,S_VLP,south,686,Western European broadleaf forests,344.0799866,12.90589476,48.63870818,R,R,NA,2022,positive,moist,mowing,NA,0.37,5.95,0.43,6.1,6.57,6.2525,0.55,7.21,0.66,6.96,6.8825,6.8475,1.57,24.06,1.34,238.4,1.73,24.06,1.79,228.02,1.38,47.69,1.08,0.55,1.76,47.69,1.67,0.49,1.45301,26.72425,1.32056,7.60E-04,1.82865,26.72425,1.66113,0.00111
S_VLP_A2,S_VLP,south,686,Western European broadleaf forests,344.0799866,12.90589476,48.63870818,R,R,NA,2022,positive,moist,mowing,NA,0.39,6.59,0.57,6.3,6.57,6.2525,0.66,6.61,0.46,6.81,6.8825,6.8475,1.43,24.34,1.56,232.86,1.63,24.34,1.73,237.32,1.28,13.97,1.58,0.47,1.6,13.97,1.85,0.42,1.68521,44.56815,1.22049,0.00172,1.8236,44.56815,1.70151,0.00127
S_VLP_A3,S_VLP,south,686,Western European broadleaf forests,344.0799866,12.90589476,48.63870818,R,R,NA,2022,positive,moist,mowing,NA,0.62,6.87,0.44,6.04,6.57,6.2525,0.46,6.86,0.67,6.65,6.8825,6.8475,2.02,24.34,1.33,207.2,1.73,24.34,1.76,249.41,1.56,13.97,1.59,0.54,1.75,13.97,1.78,0.4,1.55109,44.56815,1.36707,0.00125,1.7884,44.56815,1.61375,0.00116
S_VLP_A4,S_VLP,south,686,Western European broadleaf forests,344.0799866,12.90589476,48.63870818,R35,R,NA,2022,positive,moist,mowing,NA,0.49,6.87,0.57,6.57,6.57,6.2525,0.53,6.85,0.51,6.97,6.8825,6.8475,2.11,25.06,1.45,209.92,1.74,25.06,1.75,226.62,1.64,47.69,1.39,0.58,1.66,47.69,1.6,0.49,1.50999,14.49693,1.2458,9.90E-04,1.62351,14.49693,1.70874,8.30E-04
S_VLR_A1,S_VLR,south,686,Western European broadleaf forests,341.8399963,12.91962329,48.63645504,R,R,arable land,2022,restored,fresh,mowing,23,0.15,5.92,0.56,5.71,5.5825,5.47,0.34,6.9,0.46,6.85,7.12,6.88,1.31,8.15,1.5,263.22,1.58,8.15,1.96,243.38,1.51,12.84,1.65,0.49,1.78,12.84,1.79,0.41,1.94,17.33117,1.43595,0.00339,1.70202,17.33117,1.7427,9.20E-04
S_VLR_A2,S_VLR,south,686,Western European broadleaf forests,341.8399963,12.91962329,48.63645504,R22,R,arable land,2022,restored,fresh,mowing,23,0.39,5.34,0.43,5.17,5.5825,5.47,0.52,7.29,0.52,6.89,7.12,6.88,1.3,8.12,1.56,263.17,1.5,8.12,1.92,251.13,1.3,22.74,1.27,0.49,1.79,22.74,1.65,0.42,1.44533,27.24964,1.55193,0.00117,1.88403,27.24964,1.84087,8.10E-04
S_VLR_A3,S_VLR,south,686,Western European broadleaf forests,341.8399963,12.91962329,48.63645504,R,R,arable land,2022,restored,fresh,mowing,23,0.43,5.44,0.64,5.61,5.5825,5.47,0.47,7.04,0.45,6.92,7.12,6.88,1.4,9.22,1.41,267.99,1.53,9.22,1.98,242.3,1.62,20.8,1.33,0.47,1.82,20.8,1.71,0.41,1.74449,27.24964,1.70255,0.00118,1.87851,27.24964,1.83494,9.80E-04
S_VLR_A4,S_VLR,south,686,Western European broadleaf forests,341.8399963,12.91962329,48.63645504,R,R,arable land,2022,restored,fresh,mowing,23,0.31,5.63,0.52,5.39,5.5825,5.47,0.55,7.25,0.43,6.86,7.12,6.88,1.36,4.56,1.78,269.65,1.37,4.56,1.99,255.4,1.36,12.18,1.37,0.54,1.73,12.18,1.85,0.43,1.52793,44.56815,1.39836,0.00123,2.22224,44.56815,1.89931,0.00168
S_WGD_A1,S_WGD,south,686,Western European broadleaf forests,474.0100098,12.43641984,48.56602654,R22,R22,arable land,2022,restored,fresh,mowing,2,0.35,5.69,0.45,5.33,5.595,5.165,0.69,7.46,0.72,7.22,7.28,7.2525,1.6,7.08,1.83,236.14,1.65,7.08,1.87,224.54,2.12,12.43,1.4,0.62,1.74,12.43,1.9,0.52,1.38394,18.46227,1.64087,0.00166,1.68398,18.46227,1.7537,8.20E-04
S_WGD_A2,S_WGD,south,686,Western European broadleaf forests,474.0100098,12.43641984,48.56602654,R22,R22,arable land,2022,restored,fresh,mowing,2,0.31,6.17,0.41,5.33,5.595,5.165,0.62,7.41,0.73,7.37,7.28,7.2525,1.47,9.11,1.42,247.07,1.61,9.11,1.85,235.73,2.09,21.12,1.64,0.67,1.68,21.12,1.85,0.49,1.53823,21.53837,1.58875,0.00205,1.81513,21.53837,1.77978,0.00124
S_WGD_A3,S_WGD,south,686,Western European broadleaf forests,474.0100098,12.43641984,48.56602654,R22,R22,arable land,2022,restored,fresh,mowing,2,0.41,5.15,0.37,4.88,5.595,5.165,0.63,7.12,0.69,7.22,7.28,7.2525,1.51,7.08,1.75,224.59,1.61,7.08,1.82,223.62,1.61,12.43,1.59,0.5,1.62,12.43,1.93,0.49,1.54057,24.97891,1.39587,0.00109,1.75141,24.97891,1.79314,0.00112
S_WGD_A4,S_WGD,south,686,Western European broadleaf forests,474.0100098,12.43641984,48.56602654,R22,R22,arable land,2022,restored,fresh,mowing,2,0.44,5.37,0.34,5.12,5.595,5.165,0.64,7.13,0.6,7.2,7.28,7.2525,1.63,9.77,1.46,237.3,1.76,9.77,1.84,246.82,1.82,21.12,1.58,0.48,1.94,21.12,1.88,0.44,1.46594,10.15553,1.38996,0.00105,1.58063,10.15553,1.8455,9.90E-04
S_WLF_A1,S_WLF,south,686,Western European broadleaf forests,487.9299927,11.71529076,48.47763047,R,R,NA,2023,negative,fresh,mowing,NA,0.34,6.52,0.36,5.7,6.0825,5.6025,0.53,7.6,0.85,6.64,6.6175,6.88,1.33,4.46,1.58,291.9,1.54,4.46,1.99,269.72,1.16,11.32,1.37,0.59,1.96,11.32,1.7,0.42,1.98383,11.46119,1.68535,1.60E-04,1.57607,11.46119,1.71487,6.30E-04
S_WLF_A2,S_WLF,south,686,Western European broadleaf forests,487.9299927,11.71529076,48.47763047,R,R,NA,2023,negative,fresh,mowing,NA,0.31,5.54,0.41,5.5,6.0825,5.6025,0.48,6.37,0.6,7,6.6175,6.88,1.36,4.34,1.47,250.64,1.46,4.34,1.84,257.32,1.88,11.32,1.64,0.39,1.84,11.32,1.81,0.44,1.78738,11.46119,1.81322,0.00128,1.65809,11.46119,1.95226,8.50E-04
S_WLF_A3,S_WLF,south,686,Western European broadleaf forests,487.9299927,11.71529076,48.47763047,R,R,NA,2023,negative,fresh,mowing,NA,0.21,5.99,0.44,5.5,6.0825,5.6025,0.47,6.31,0.68,7,6.6175,6.88,1.26,3.85,1.55,254.72,1.44,3.85,1.7,251.71,1.2,2.76,1.54,0.58,1.36,2.76,1.59,0.56,1.51245,11.46119,1.46759,7.40E-04,1.96554,11.46119,1.86955,7.60E-04
S_WLF_A4,S_WLF,south,686,Western European broadleaf forests,487.9299927,11.71529076,48.47763047,R,R,NA,2023,negative,fresh,mowing,NA,0.31,6.28,0.31,5.71,6.0825,5.6025,0.29,6.19,0.59,6.88,6.6175,6.88,1.4,3.72,1.78,266.04,1.41,3.72,1.87,262.51,1.2,3.21,1.71,0.61,1.35,3.21,1.7,0.59,1.70458,6.67183,1.54391,6.60E-04,1.76056,6.67183,2.24541,9.90E-04
S_WNG_A1,S_WNG,south,686,Western European broadleaf forests,404.8999939,12.37349432,48.65857576,R1A,R1A,NA,2023,positive,dry,mowing,NA,0.31,4.31,0.32,4.18,4.11,4.09,0.3,7.01,0.6,7.3,6.9725,7.2,2.05,8.38,1.69,205.24,1.59,8.38,1.92,218.35,1.88,23.69,1.41,0.34,1.76,23.69,1.9,0.41,1.91657,16.38708,1.68478,0.00254,1.80544,16.38708,1.88849,0.00108
S_WNG_A2,S_WNG,south,686,Western European broadleaf forests,404.8999939,12.37349432,48.65857576,R1A,R1A,NA,2023,positive,dry,mowing,NA,0.35,4.25,0.32,4.35,4.11,4.09,0.3,7.1,0.57,7.07,6.9725,7.2,1.68,8.38,1.65,210.27,1.59,8.38,1.92,226.8,1.76,23.69,1.68,0.39,1.71,23.69,1.74,0.41,1.95308,18.32584,1.49992,0.00188,1.96777,18.32584,1.84471,0.00103
S_WNG_A3,S_WNG,south,686,Western European broadleaf forests,404.8999939,12.37349432,48.65857576,R1A,R1A,NA,2023,positive,dry,mowing,NA,0.18,4.05,0.22,4,4.11,4.09,0.35,6.85,0.62,7.14,6.9725,7.2,1.68,11.96,1.57,178.1,1.74,11.96,1.93,213.99,1.66,17.27,1.5,0.29,1.73,17.27,1.82,0.41,1.90181,19.08157,1.55922,0.00336,1.80972,19.08157,1.82879,0.00118
S_WNG_A4,S_WNG,south,686,Western European broadleaf forests,404.8999939,12.37349432,48.65857576,R1A,R1A,NA,2023,positive,dry,mowing,NA,0.24,3.83,0.32,3.83,4.11,4.09,0.47,6.93,0.64,7.29,6.9725,7.2,1.9,11.87,1.84,189.03,1.7,11.87,1.95,208.22,1.91,20.08,1.58,0.31,1.81,20.08,1.82,0.34,1.86329,23.628,1.55164,0.00244,1.89913,23.628,1.98401,0.00111
S_WNK_A1,S_WNK,south,686,Western European broadleaf forests,420.9200134,13.05049386,48.28204403,R,R22,grassland,2023,restored,fresh,mowing,11,0.3,4.93,0.33,4.93,4.72,4.9875,0.44,7.2,0.53,7.12,7.26,6.9275,1.51,8.28,1.73,238.49,1.54,8.28,1.77,245.47,1.64,6.74,1.74,0.39,1.62,6.74,1.83,0.41,1.34804,64.30386,1.38062,0.00106,1.63789,64.30386,1.50572,8.60E-04
S_WNK_A2,S_WNK,south,686,Western European broadleaf forests,420.9200134,13.05049386,48.28204403,R22,R22,grassland,2023,restored,fresh,mowing,11,0.33,4.63,0.32,4.97,4.72,4.9875,0.45,7.26,0.54,6.94,7.26,6.9275,1.69,8.05,1.5,249.39,1.57,8.05,1.83,247.04,1.44,60.22,1.41,0.39,1.77,60.22,1.56,0.36,1.80724,55.5781,1.16758,8.60E-04,1.71333,55.5781,1.59663,7.80E-04
S_WNK_A3,S_WNK,south,686,Western European broadleaf forests,420.9200134,13.05049386,48.28204403,R,R22,grassland,2023,restored,fresh,mowing,11,0.44,4.75,0.35,5.12,4.72,4.9875,0.73,7.12,0.78,6.65,7.26,6.9275,1.57,5.72,1.66,229.23,1.52,5.72,1.91,253.53,1.44,21.12,1.34,0.43,1.82,21.12,1.79,0.4,1.74289,128.57767,1.439,0.00192,1.83315,128.57767,1.56767,9.90E-04
S_WNK_A4,S_WNK,south,686,Western European broadleaf forests,420.9200134,13.05049386,48.28204403,R,R22,grassland,2023,restored,fresh,mowing,11,0.35,4.57,0.35,4.93,4.72,4.9875,0.51,7.46,0.56,7,7.26,6.9275,1.69,8.05,1.43,226.21,1.58,8.05,1.71,244.86,1.53,7.56,1.61,0.4,1.67,7.56,1.87,0.4,1.64441,55.5781,1.18196,0.00152,1.79999,55.5781,1.63535,9.10E-04
S_WTB_A1,S_WTB,south,686,Western European broadleaf forests,502.1000061,13.0168955,48.32459274,R,R,NA,2023,negative,fresh,mowing,NA,0.34,5.46,0.34,5.67,5.2925,5.51,0.76,7.3,0.85,6.69,7.385,6.8125,1.33,5.72,1.27,278.38,1.47,5.72,1.8,267.18,2.01,18.07,1.35,0.42,1.96,18.07,1.8,0.33,1.4982,7.12103,1.98178,6.20E-04,1.44804,7.12103,1.80691,7.50E-04
S_WTB_A2,S_WTB,south,686,Western European broadleaf forests,502.1000061,13.0168955,48.32459274,R,R,NA,2023,negative,fresh,mowing,NA,0.12,5.13,0.33,5.5,5.2925,5.51,0.5,7.6,0.53,6.94,7.385,6.8125,1.26,18.05,1.36,275.72,1.62,18.05,1.65,286.38,2.24,23.36,1.29,0.35,2.4,23.36,1.81,0.32,1.45612,18.46227,1.10347,9.70E-04,1.76938,18.46227,1.74388,9.00E-04
S_WTB_A3,S_WTB,south,686,Western European broadleaf forests,502.1000061,13.0168955,48.32459274,R,R,NA,2023,negative,fresh,mowing,NA,0.14,5.16,0.26,5.33,5.2925,5.51,0.53,7.61,0.72,7,7.385,6.8125,1.24,4.34,1.5,268.6,1.42,4.34,1.87,258.55,1.91,18.07,1.72,0.41,2.07,18.07,1.82,0.3,1.42817,7.70279,1.90782,0.00108,1.57244,7.70279,1.90284,7.50E-04
S_WTB_A4,S_WTB,south,686,Western European broadleaf forests,502.1000061,13.0168955,48.32459274,R,R,NA,2023,negative,fresh,mowing,NA,0.27,5.42,0.34,5.54,5.2925,5.51,0.86,7.03,0.88,6.62,7.385,6.8125,1.19,5.33,1.2,258.07,1.48,5.33,1.97,259.34,1.56,18.07,1.37,0.47,1.9,18.07,1.97,0.31,1.4237,7.73759,1.72321,0.00126,1.62398,7.73759,1.64547,7.10E-04
S_WTH_A1,S_WTH,south,686,Western European broadleaf forests,311.1400146,12.96174849,48.80605399,R,R,grassland,2022,restored,moist,mowing,NA,0.36,5.55,0.44,5.32,5.5325,5.26,0.6,7.12,0.43,6.86,6.9675,6.8175,1.53,6.46,1.3,237.54,1.51,6.46,1.83,249.3,1.65,10.49,1.67,0.41,1.74,10.49,1.75,0.42,1.43391,107.55081,1.4693,0.00174,1.82414,107.55081,1.56554,0.00108
S_WTH_A2,S_WTH,south,686,Western European broadleaf forests,311.1400146,12.96174849,48.80605399,R,R,grassland,2022,restored,moist,mowing,NA,0.31,5.68,0.43,5.31,5.5325,5.26,0.62,6.6,0.48,6.82,6.9675,6.8175,1.38,5.41,1.74,244.79,1.41,5.41,1.93,249.76,1.44,20.51,1.32,0.46,1.87,20.51,1.72,0.41,1.69976,128.57767,1.42504,9.70E-04,2.12176,128.57767,1.65683,0.00118
S_WTH_A3,S_WTH,south,686,Western European broadleaf forests,311.1400146,12.96174849,48.80605399,R,R,grassland,2022,restored,moist,mowing,NA,0.34,5.47,0.41,5.11,5.5325,5.26,0.54,7.2,0.49,6.78,6.9675,6.8175,1.27,7.25,1.61,248.35,1.64,7.25,2.05,227.71,1.45,12.84,1.49,0.5,1.67,12.84,1.89,0.43,1.26049,11.77778,1.43948,0.00138,1.52333,11.77778,1.73267,0.00135
S_WTH_A4,S_WTH,south,686,Western European broadleaf forests,311.1400146,12.96174849,48.80605399,R22,R,grassland,2022,restored,moist,mowing,NA,0.33,5.43,0.44,5.3,5.5325,5.26,0.45,6.95,0.39,6.81,6.9675,6.8175,1.32,7.72,1.32,257.19,1.5,7.72,1.87,244.38,1.59,12.84,1.57,0.45,1.62,12.84,1.73,0.46,1.51189,43.21683,1.24589,0.00172,1.76088,43.21683,1.69377,0.00132
S_WTZ_A1,S_WTZ,south,686,Western European broadleaf forests,465.9700012,12.87799591,48.35616758,R22,R22,arable land,2023,restored,fresh,mowing,5,0.36,5.34,0.38,4.75,5.35,4.91,0.2,6.92,0.4,6.87,6.9275,6.9,1.59,9.6,1.65,293.08,1.58,9.6,1.99,245.91,1.6,12.84,1.54,0.47,1.63,12.84,1.71,0.43,1.66254,16.42974,1.48003,4.80E-04,1.65769,16.42974,1.76084,0.00108
S_WTZ_A2,S_WTZ,south,686,Western European broadleaf forests,465.9700012,12.87799591,48.35616758,R22,R22,arable land,2023,restored,fresh,mowing,5,0.31,5.44,0.38,4.86,5.35,4.91,0.37,6.86,0.44,6.86,6.9275,6.9,1.71,13.07,1.5,286.11,1.64,13.07,2.06,245.15,1.38,13.83,1.47,0.45,1.79,13.83,1.83,0.38,2.022,19.08438,1.66932,5.00E-04,1.87817,19.08438,1.94524,0.00103
S_WTZ_A3,S_WTZ,south,686,Western European broadleaf forests,465.9700012,12.87799591,48.35616758,R22,R22,arable land,2023,restored,fresh,mowing,5,0.31,5.31,0.28,5.07,5.35,4.91,0.46,6.69,0.52,6.87,6.9275,6.9,1.87,7.76,1.82,282.56,1.69,7.76,1.83,269.31,1.45,9.78,1.47,0.41,1.64,9.78,1.68,0.38,2.01608,22.79339,1.60954,4.60E-04,1.93775,22.79339,1.83803,0.00116
S_WTZ_A4,S_WTZ,south,686,Western European broadleaf forests,465.9700012,12.87799591,48.35616758,R,R22,arable land,2023,restored,fresh,mowing,5,0.25,5.31,0.31,4.96,5.35,4.91,0.65,7.24,0.48,7,6.9275,6.9,1.62,8.05,1.55,279.58,1.57,8.05,1.89,250.9,1.67,21.12,1.33,0.38,1.71,21.12,1.79,0.43,1.62314,22.79339,1.40742,7.50E-04,1.70128,22.79339,1.82542,9.60E-04
